ISO-10303-21;
HEADER;
FILE_DESCRIPTION(('FreeCAD Model'),'2;1');
FILE_NAME('Open CASCADE Shape Model','2026-04-10T14:52:17',('Author'),(
    ''),'Open CASCADE STEP processor 7.8','FreeCAD','Unknown');
FILE_SCHEMA(('AUTOMOTIVE_DESIGN { 1 0 10303 214 1 1 1 1 }'));
ENDSEC;
DATA;
#1 = APPLICATION_PROTOCOL_DEFINITION('international standard',
  'automotive_design',2000,#2);
#2 = APPLICATION_CONTEXT(
  'core data for automotive mechanical design processes');
#3 = SHAPE_DEFINITION_REPRESENTATION(#4,#10);
#4 = PRODUCT_DEFINITION_SHAPE('','',#5);
#5 = PRODUCT_DEFINITION('design','',#6,#9);
#6 = PRODUCT_DEFINITION_FORMATION('','',#7);
#7 = PRODUCT('docking station simplified','docking station simplified',
  '',(#8));
#8 = PRODUCT_CONTEXT('',#2,'mechanical');
#9 = PRODUCT_DEFINITION_CONTEXT('part definition',#2,'design');
#10 = SHAPE_REPRESENTATION('',(#11,#15,#19,#23,#27,#31),#35);
#11 = AXIS2_PLACEMENT_3D('',#12,#13,#14);
#12 = CARTESIAN_POINT('',(0.,0.,0.));
#13 = DIRECTION('',(0.,0.,1.));
#14 = DIRECTION('',(1.,0.,-0.));
#15 = AXIS2_PLACEMENT_3D('',#16,#17,#18);
#16 = CARTESIAN_POINT('',(185.,-30.,330.));
#17 = DIRECTION('',(1.,0.,-2.22044604925E-16));
#18 = DIRECTION('',(-2.22044604925E-16,0.,-1.));
#19 = AXIS2_PLACEMENT_3D('',#20,#21,#22);
#20 = CARTESIAN_POINT('',(2.220446048964E-16,230.,4.55191440096E-14));
#21 = DIRECTION('',(0.,0.,1.));
#22 = DIRECTION('',(-2.22044604925E-16,-1.,0.));
#23 = AXIS2_PLACEMENT_3D('',#24,#25,#26);
#24 = CARTESIAN_POINT('',(400.,30.,6.661338147463E-16));
#25 = DIRECTION('',(0.,0.,1.));
#26 = DIRECTION('',(-2.22044604925E-16,1.,0.));
#27 = AXIS2_PLACEMENT_3D('',#28,#29,#30);
#28 = CARTESIAN_POINT('',(0.,0.,0.));
#29 = DIRECTION('',(0.,0.,1.));
#30 = DIRECTION('',(1.,0.,0.));
#31 = AXIS2_PLACEMENT_3D('',#32,#33,#34);
#32 = CARTESIAN_POINT('',(200.,-159.9999999999,-1.685E+03));
#33 = DIRECTION('',(-1.570092458684E-16,-1.535242610043E-13,1.));
#34 = DIRECTION('',(-2.22044604925E-16,-1.,-1.535242610043E-13));
#35 = ( GEOMETRIC_REPRESENTATION_CONTEXT(3) 
GLOBAL_UNCERTAINTY_ASSIGNED_CONTEXT((#39)) GLOBAL_UNIT_ASSIGNED_CONTEXT(
(#36,#37,#38)) REPRESENTATION_CONTEXT('Context #1',
  '3D Context with UNIT and UNCERTAINTY') );
#36 = ( LENGTH_UNIT() NAMED_UNIT(*) SI_UNIT(.MILLI.,.METRE.) );
#37 = ( NAMED_UNIT(*) PLANE_ANGLE_UNIT() SI_UNIT($,.RADIAN.) );
#38 = ( NAMED_UNIT(*) SI_UNIT($,.STERADIAN.) SOLID_ANGLE_UNIT() );
#39 = UNCERTAINTY_MEASURE_WITH_UNIT(LENGTH_MEASURE(1.E-05),#36,
  'distance_accuracy_value','confusion accuracy');
#40 = PRODUCT_RELATED_PRODUCT_CATEGORY('part',$,(#7));
#41 = SHAPE_DEFINITION_REPRESENTATION(#42,#48);
#42 = PRODUCT_DEFINITION_SHAPE('','',#43);
#43 = PRODUCT_DEFINITION('design','',#44,#47);
#44 = PRODUCT_DEFINITION_FORMATION('','',#45);
#45 = PRODUCT('simple200','simple200','',(#46));
#46 = PRODUCT_CONTEXT('',#2,'mechanical');
#47 = PRODUCT_DEFINITION_CONTEXT('part definition',#2,'design');
#48 = ADVANCED_BREP_SHAPE_REPRESENTATION('',(#11,#49),#199);
#49 = MANIFOLD_SOLID_BREP('',#50);
#50 = CLOSED_SHELL('',(#51,#91,#131,#153,#175,#187));
#51 = ADVANCED_FACE('',(#52),#86,.F.);
#52 = FACE_BOUND('',#53,.F.);
#53 = EDGE_LOOP('',(#54,#64,#72,#80));
#54 = ORIENTED_EDGE('',*,*,#55,.F.);
#55 = EDGE_CURVE('',#56,#58,#60,.T.);
#56 = VERTEX_POINT('',#57);
#57 = CARTESIAN_POINT('',(0.,0.,0.));
#58 = VERTEX_POINT('',#59);
#59 = CARTESIAN_POINT('',(0.,0.,30.));
#60 = LINE('',#61,#62);
#61 = CARTESIAN_POINT('',(0.,0.,0.));
#62 = VECTOR('',#63,1.);
#63 = DIRECTION('',(0.,0.,1.));
#64 = ORIENTED_EDGE('',*,*,#65,.T.);
#65 = EDGE_CURVE('',#56,#66,#68,.T.);
#66 = VERTEX_POINT('',#67);
#67 = CARTESIAN_POINT('',(0.,30.,0.));
#68 = LINE('',#69,#70);
#69 = CARTESIAN_POINT('',(0.,0.,0.));
#70 = VECTOR('',#71,1.);
#71 = DIRECTION('',(-0.,1.,0.));
#72 = ORIENTED_EDGE('',*,*,#73,.T.);
#73 = EDGE_CURVE('',#66,#74,#76,.T.);
#74 = VERTEX_POINT('',#75);
#75 = CARTESIAN_POINT('',(0.,30.,30.));
#76 = LINE('',#77,#78);
#77 = CARTESIAN_POINT('',(0.,30.,0.));
#78 = VECTOR('',#79,1.);
#79 = DIRECTION('',(0.,0.,1.));
#80 = ORIENTED_EDGE('',*,*,#81,.F.);
#81 = EDGE_CURVE('',#58,#74,#82,.T.);
#82 = LINE('',#83,#84);
#83 = CARTESIAN_POINT('',(0.,0.,30.));
#84 = VECTOR('',#85,1.);
#85 = DIRECTION('',(-0.,1.,0.));
#86 = PLANE('',#87);
#87 = AXIS2_PLACEMENT_3D('',#88,#89,#90);
#88 = CARTESIAN_POINT('',(0.,0.,0.));
#89 = DIRECTION('',(1.,0.,-0.));
#90 = DIRECTION('',(0.,0.,1.));
#91 = ADVANCED_FACE('',(#92),#126,.T.);
#92 = FACE_BOUND('',#93,.T.);
#93 = EDGE_LOOP('',(#94,#104,#112,#120));
#94 = ORIENTED_EDGE('',*,*,#95,.F.);
#95 = EDGE_CURVE('',#96,#98,#100,.T.);
#96 = VERTEX_POINT('',#97);
#97 = CARTESIAN_POINT('',(2.E+03,0.,0.));
#98 = VERTEX_POINT('',#99);
#99 = CARTESIAN_POINT('',(2.E+03,0.,30.));
#100 = LINE('',#101,#102);
#101 = CARTESIAN_POINT('',(2.E+03,0.,0.));
#102 = VECTOR('',#103,1.);
#103 = DIRECTION('',(0.,0.,1.));
#104 = ORIENTED_EDGE('',*,*,#105,.T.);
#105 = EDGE_CURVE('',#96,#106,#108,.T.);
#106 = VERTEX_POINT('',#107);
#107 = CARTESIAN_POINT('',(2.E+03,30.,0.));
#108 = LINE('',#109,#110);
#109 = CARTESIAN_POINT('',(2.E+03,0.,0.));
#110 = VECTOR('',#111,1.);
#111 = DIRECTION('',(-0.,1.,0.));
#112 = ORIENTED_EDGE('',*,*,#113,.T.);
#113 = EDGE_CURVE('',#106,#114,#116,.T.);
#114 = VERTEX_POINT('',#115);
#115 = CARTESIAN_POINT('',(2.E+03,30.,30.));
#116 = LINE('',#117,#118);
#117 = CARTESIAN_POINT('',(2.E+03,30.,0.));
#118 = VECTOR('',#119,1.);
#119 = DIRECTION('',(0.,0.,1.));
#120 = ORIENTED_EDGE('',*,*,#121,.F.);
#121 = EDGE_CURVE('',#98,#114,#122,.T.);
#122 = LINE('',#123,#124);
#123 = CARTESIAN_POINT('',(2.E+03,0.,30.));
#124 = VECTOR('',#125,1.);
#125 = DIRECTION('',(-0.,1.,0.));
#126 = PLANE('',#127);
#127 = AXIS2_PLACEMENT_3D('',#128,#129,#130);
#128 = CARTESIAN_POINT('',(2.E+03,0.,0.));
#129 = DIRECTION('',(1.,0.,-0.));
#130 = DIRECTION('',(0.,0.,1.));
#131 = ADVANCED_FACE('',(#132),#148,.F.);
#132 = FACE_BOUND('',#133,.F.);
#133 = EDGE_LOOP('',(#134,#140,#141,#147));
#134 = ORIENTED_EDGE('',*,*,#135,.F.);
#135 = EDGE_CURVE('',#56,#96,#136,.T.);
#136 = LINE('',#137,#138);
#137 = CARTESIAN_POINT('',(0.,0.,0.));
#138 = VECTOR('',#139,1.);
#139 = DIRECTION('',(1.,0.,-0.));
#140 = ORIENTED_EDGE('',*,*,#55,.T.);
#141 = ORIENTED_EDGE('',*,*,#142,.T.);
#142 = EDGE_CURVE('',#58,#98,#143,.T.);
#143 = LINE('',#144,#145);
#144 = CARTESIAN_POINT('',(0.,0.,30.));
#145 = VECTOR('',#146,1.);
#146 = DIRECTION('',(1.,0.,-0.));
#147 = ORIENTED_EDGE('',*,*,#95,.F.);
#148 = PLANE('',#149);
#149 = AXIS2_PLACEMENT_3D('',#150,#151,#152);
#150 = CARTESIAN_POINT('',(0.,0.,0.));
#151 = DIRECTION('',(-0.,1.,0.));
#152 = DIRECTION('',(0.,0.,1.));
#153 = ADVANCED_FACE('',(#154),#170,.T.);
#154 = FACE_BOUND('',#155,.T.);
#155 = EDGE_LOOP('',(#156,#162,#163,#169));
#156 = ORIENTED_EDGE('',*,*,#157,.F.);
#157 = EDGE_CURVE('',#66,#106,#158,.T.);
#158 = LINE('',#159,#160);
#159 = CARTESIAN_POINT('',(0.,30.,0.));
#160 = VECTOR('',#161,1.);
#161 = DIRECTION('',(1.,0.,-0.));
#162 = ORIENTED_EDGE('',*,*,#73,.T.);
#163 = ORIENTED_EDGE('',*,*,#164,.T.);
#164 = EDGE_CURVE('',#74,#114,#165,.T.);
#165 = LINE('',#166,#167);
#166 = CARTESIAN_POINT('',(0.,30.,30.));
#167 = VECTOR('',#168,1.);
#168 = DIRECTION('',(1.,0.,-0.));
#169 = ORIENTED_EDGE('',*,*,#113,.F.);
#170 = PLANE('',#171);
#171 = AXIS2_PLACEMENT_3D('',#172,#173,#174);
#172 = CARTESIAN_POINT('',(0.,30.,0.));
#173 = DIRECTION('',(-0.,1.,0.));
#174 = DIRECTION('',(0.,0.,1.));
#175 = ADVANCED_FACE('',(#176),#182,.F.);
#176 = FACE_BOUND('',#177,.F.);
#177 = EDGE_LOOP('',(#178,#179,#180,#181));
#178 = ORIENTED_EDGE('',*,*,#65,.F.);
#179 = ORIENTED_EDGE('',*,*,#135,.T.);
#180 = ORIENTED_EDGE('',*,*,#105,.T.);
#181 = ORIENTED_EDGE('',*,*,#157,.F.);
#182 = PLANE('',#183);
#183 = AXIS2_PLACEMENT_3D('',#184,#185,#186);
#184 = CARTESIAN_POINT('',(0.,0.,0.));
#185 = DIRECTION('',(0.,0.,1.));
#186 = DIRECTION('',(1.,0.,-0.));
#187 = ADVANCED_FACE('',(#188),#194,.T.);
#188 = FACE_BOUND('',#189,.T.);
#189 = EDGE_LOOP('',(#190,#191,#192,#193));
#190 = ORIENTED_EDGE('',*,*,#81,.F.);
#191 = ORIENTED_EDGE('',*,*,#142,.T.);
#192 = ORIENTED_EDGE('',*,*,#121,.T.);
#193 = ORIENTED_EDGE('',*,*,#164,.F.);
#194 = PLANE('',#195);
#195 = AXIS2_PLACEMENT_3D('',#196,#197,#198);
#196 = CARTESIAN_POINT('',(0.,0.,30.));
#197 = DIRECTION('',(0.,0.,1.));
#198 = DIRECTION('',(1.,0.,-0.));
#199 = ( GEOMETRIC_REPRESENTATION_CONTEXT(3) 
GLOBAL_UNCERTAINTY_ASSIGNED_CONTEXT((#203)) GLOBAL_UNIT_ASSIGNED_CONTEXT
((#200,#201,#202)) REPRESENTATION_CONTEXT('Context #1',
  '3D Context with UNIT and UNCERTAINTY') );
#200 = ( LENGTH_UNIT() NAMED_UNIT(*) SI_UNIT(.MILLI.,.METRE.) );
#201 = ( NAMED_UNIT(*) PLANE_ANGLE_UNIT() SI_UNIT($,.RADIAN.) );
#202 = ( NAMED_UNIT(*) SI_UNIT($,.STERADIAN.) SOLID_ANGLE_UNIT() );
#203 = UNCERTAINTY_MEASURE_WITH_UNIT(LENGTH_MEASURE(1.E-07),#200,
  'distance_accuracy_value','confusion accuracy');
#204 = CONTEXT_DEPENDENT_SHAPE_REPRESENTATION(#205,#207);
#205 = ( REPRESENTATION_RELATIONSHIP('','',#48,#10) 
REPRESENTATION_RELATIONSHIP_WITH_TRANSFORMATION(#206) 
SHAPE_REPRESENTATION_RELATIONSHIP() );
#206 = ITEM_DEFINED_TRANSFORMATION('','',#11,#15);
#207 = PRODUCT_DEFINITION_SHAPE('Placement','Placement of an item',#208
  );
#208 = NEXT_ASSEMBLY_USAGE_OCCURRENCE('1','simple200-1','',#5,#43,$);
#209 = PRODUCT_RELATED_PRODUCT_CATEGORY('part',$,(#45));
#210 = SHAPE_DEFINITION_REPRESENTATION(#211,#217);
#211 = PRODUCT_DEFINITION_SHAPE('','',#212);
#212 = PRODUCT_DEFINITION('design','',#213,#216);
#213 = PRODUCT_DEFINITION_FORMATION('','',#214);
#214 = PRODUCT('simple20','simple20','',(#215));
#215 = PRODUCT_CONTEXT('',#2,'mechanical');
#216 = PRODUCT_DEFINITION_CONTEXT('part definition',#2,'design');
#217 = ADVANCED_BREP_SHAPE_REPRESENTATION('',(#11,#218),#368);
#218 = MANIFOLD_SOLID_BREP('',#219);
#219 = CLOSED_SHELL('',(#220,#260,#300,#322,#344,#356));
#220 = ADVANCED_FACE('',(#221),#255,.F.);
#221 = FACE_BOUND('',#222,.F.);
#222 = EDGE_LOOP('',(#223,#233,#241,#249));
#223 = ORIENTED_EDGE('',*,*,#224,.F.);
#224 = EDGE_CURVE('',#225,#227,#229,.T.);
#225 = VERTEX_POINT('',#226);
#226 = CARTESIAN_POINT('',(0.,0.,0.));
#227 = VERTEX_POINT('',#228);
#228 = CARTESIAN_POINT('',(0.,0.,30.));
#229 = LINE('',#230,#231);
#230 = CARTESIAN_POINT('',(0.,0.,0.));
#231 = VECTOR('',#232,1.);
#232 = DIRECTION('',(0.,0.,1.));
#233 = ORIENTED_EDGE('',*,*,#234,.T.);
#234 = EDGE_CURVE('',#225,#235,#237,.T.);
#235 = VERTEX_POINT('',#236);
#236 = CARTESIAN_POINT('',(0.,30.,0.));
#237 = LINE('',#238,#239);
#238 = CARTESIAN_POINT('',(0.,0.,0.));
#239 = VECTOR('',#240,1.);
#240 = DIRECTION('',(-0.,1.,0.));
#241 = ORIENTED_EDGE('',*,*,#242,.T.);
#242 = EDGE_CURVE('',#235,#243,#245,.T.);
#243 = VERTEX_POINT('',#244);
#244 = CARTESIAN_POINT('',(0.,30.,30.));
#245 = LINE('',#246,#247);
#246 = CARTESIAN_POINT('',(0.,30.,0.));
#247 = VECTOR('',#248,1.);
#248 = DIRECTION('',(0.,0.,1.));
#249 = ORIENTED_EDGE('',*,*,#250,.F.);
#250 = EDGE_CURVE('',#227,#243,#251,.T.);
#251 = LINE('',#252,#253);
#252 = CARTESIAN_POINT('',(0.,0.,30.));
#253 = VECTOR('',#254,1.);
#254 = DIRECTION('',(-0.,1.,0.));
#255 = PLANE('',#256);
#256 = AXIS2_PLACEMENT_3D('',#257,#258,#259);
#257 = CARTESIAN_POINT('',(0.,0.,0.));
#258 = DIRECTION('',(1.,0.,-0.));
#259 = DIRECTION('',(0.,0.,1.));
#260 = ADVANCED_FACE('',(#261),#295,.T.);
#261 = FACE_BOUND('',#262,.T.);
#262 = EDGE_LOOP('',(#263,#273,#281,#289));
#263 = ORIENTED_EDGE('',*,*,#264,.F.);
#264 = EDGE_CURVE('',#265,#267,#269,.T.);
#265 = VERTEX_POINT('',#266);
#266 = CARTESIAN_POINT('',(200.,0.,0.));
#267 = VERTEX_POINT('',#268);
#268 = CARTESIAN_POINT('',(200.,0.,30.));
#269 = LINE('',#270,#271);
#270 = CARTESIAN_POINT('',(200.,0.,0.));
#271 = VECTOR('',#272,1.);
#272 = DIRECTION('',(0.,0.,1.));
#273 = ORIENTED_EDGE('',*,*,#274,.T.);
#274 = EDGE_CURVE('',#265,#275,#277,.T.);
#275 = VERTEX_POINT('',#276);
#276 = CARTESIAN_POINT('',(200.,30.,0.));
#277 = LINE('',#278,#279);
#278 = CARTESIAN_POINT('',(200.,0.,0.));
#279 = VECTOR('',#280,1.);
#280 = DIRECTION('',(-0.,1.,0.));
#281 = ORIENTED_EDGE('',*,*,#282,.T.);
#282 = EDGE_CURVE('',#275,#283,#285,.T.);
#283 = VERTEX_POINT('',#284);
#284 = CARTESIAN_POINT('',(200.,30.,30.));
#285 = LINE('',#286,#287);
#286 = CARTESIAN_POINT('',(200.,30.,0.));
#287 = VECTOR('',#288,1.);
#288 = DIRECTION('',(0.,0.,1.));
#289 = ORIENTED_EDGE('',*,*,#290,.F.);
#290 = EDGE_CURVE('',#267,#283,#291,.T.);
#291 = LINE('',#292,#293);
#292 = CARTESIAN_POINT('',(200.,0.,30.));
#293 = VECTOR('',#294,1.);
#294 = DIRECTION('',(-0.,1.,0.));
#295 = PLANE('',#296);
#296 = AXIS2_PLACEMENT_3D('',#297,#298,#299);
#297 = CARTESIAN_POINT('',(200.,0.,0.));
#298 = DIRECTION('',(1.,0.,-0.));
#299 = DIRECTION('',(0.,0.,1.));
#300 = ADVANCED_FACE('',(#301),#317,.F.);
#301 = FACE_BOUND('',#302,.F.);
#302 = EDGE_LOOP('',(#303,#309,#310,#316));
#303 = ORIENTED_EDGE('',*,*,#304,.F.);
#304 = EDGE_CURVE('',#225,#265,#305,.T.);
#305 = LINE('',#306,#307);
#306 = CARTESIAN_POINT('',(0.,0.,0.));
#307 = VECTOR('',#308,1.);
#308 = DIRECTION('',(1.,0.,-0.));
#309 = ORIENTED_EDGE('',*,*,#224,.T.);
#310 = ORIENTED_EDGE('',*,*,#311,.T.);
#311 = EDGE_CURVE('',#227,#267,#312,.T.);
#312 = LINE('',#313,#314);
#313 = CARTESIAN_POINT('',(0.,0.,30.));
#314 = VECTOR('',#315,1.);
#315 = DIRECTION('',(1.,0.,-0.));
#316 = ORIENTED_EDGE('',*,*,#264,.F.);
#317 = PLANE('',#318);
#318 = AXIS2_PLACEMENT_3D('',#319,#320,#321);
#319 = CARTESIAN_POINT('',(0.,0.,0.));
#320 = DIRECTION('',(-0.,1.,0.));
#321 = DIRECTION('',(0.,0.,1.));
#322 = ADVANCED_FACE('',(#323),#339,.T.);
#323 = FACE_BOUND('',#324,.T.);
#324 = EDGE_LOOP('',(#325,#331,#332,#338));
#325 = ORIENTED_EDGE('',*,*,#326,.F.);
#326 = EDGE_CURVE('',#235,#275,#327,.T.);
#327 = LINE('',#328,#329);
#328 = CARTESIAN_POINT('',(0.,30.,0.));
#329 = VECTOR('',#330,1.);
#330 = DIRECTION('',(1.,0.,-0.));
#331 = ORIENTED_EDGE('',*,*,#242,.T.);
#332 = ORIENTED_EDGE('',*,*,#333,.T.);
#333 = EDGE_CURVE('',#243,#283,#334,.T.);
#334 = LINE('',#335,#336);
#335 = CARTESIAN_POINT('',(0.,30.,30.));
#336 = VECTOR('',#337,1.);
#337 = DIRECTION('',(1.,0.,-0.));
#338 = ORIENTED_EDGE('',*,*,#282,.F.);
#339 = PLANE('',#340);
#340 = AXIS2_PLACEMENT_3D('',#341,#342,#343);
#341 = CARTESIAN_POINT('',(0.,30.,0.));
#342 = DIRECTION('',(-0.,1.,0.));
#343 = DIRECTION('',(0.,0.,1.));
#344 = ADVANCED_FACE('',(#345),#351,.F.);
#345 = FACE_BOUND('',#346,.F.);
#346 = EDGE_LOOP('',(#347,#348,#349,#350));
#347 = ORIENTED_EDGE('',*,*,#234,.F.);
#348 = ORIENTED_EDGE('',*,*,#304,.T.);
#349 = ORIENTED_EDGE('',*,*,#274,.T.);
#350 = ORIENTED_EDGE('',*,*,#326,.F.);
#351 = PLANE('',#352);
#352 = AXIS2_PLACEMENT_3D('',#353,#354,#355);
#353 = CARTESIAN_POINT('',(0.,0.,0.));
#354 = DIRECTION('',(0.,0.,1.));
#355 = DIRECTION('',(1.,0.,-0.));
#356 = ADVANCED_FACE('',(#357),#363,.T.);
#357 = FACE_BOUND('',#358,.T.);
#358 = EDGE_LOOP('',(#359,#360,#361,#362));
#359 = ORIENTED_EDGE('',*,*,#250,.F.);
#360 = ORIENTED_EDGE('',*,*,#311,.T.);
#361 = ORIENTED_EDGE('',*,*,#290,.T.);
#362 = ORIENTED_EDGE('',*,*,#333,.F.);
#363 = PLANE('',#364);
#364 = AXIS2_PLACEMENT_3D('',#365,#366,#367);
#365 = CARTESIAN_POINT('',(0.,0.,30.));
#366 = DIRECTION('',(0.,0.,1.));
#367 = DIRECTION('',(1.,0.,-0.));
#368 = ( GEOMETRIC_REPRESENTATION_CONTEXT(3) 
GLOBAL_UNCERTAINTY_ASSIGNED_CONTEXT((#372)) GLOBAL_UNIT_ASSIGNED_CONTEXT
((#369,#370,#371)) REPRESENTATION_CONTEXT('Context #1',
  '3D Context with UNIT and UNCERTAINTY') );
#369 = ( LENGTH_UNIT() NAMED_UNIT(*) SI_UNIT(.MILLI.,.METRE.) );
#370 = ( NAMED_UNIT(*) PLANE_ANGLE_UNIT() SI_UNIT($,.RADIAN.) );
#371 = ( NAMED_UNIT(*) SI_UNIT($,.STERADIAN.) SOLID_ANGLE_UNIT() );
#372 = UNCERTAINTY_MEASURE_WITH_UNIT(LENGTH_MEASURE(1.E-07),#369,
  'distance_accuracy_value','confusion accuracy');
#373 = CONTEXT_DEPENDENT_SHAPE_REPRESENTATION(#374,#376);
#374 = ( REPRESENTATION_RELATIONSHIP('','',#217,#10) 
REPRESENTATION_RELATIONSHIP_WITH_TRANSFORMATION(#375) 
SHAPE_REPRESENTATION_RELATIONSHIP() );
#375 = ITEM_DEFINED_TRANSFORMATION('','',#11,#19);
#376 = PRODUCT_DEFINITION_SHAPE('Placement','Placement of an item',#377
  );
#377 = NEXT_ASSEMBLY_USAGE_OCCURRENCE('2','simple20-1','',#5,#212,$);
#378 = PRODUCT_RELATED_PRODUCT_CATEGORY('part',$,(#214));
#379 = CONTEXT_DEPENDENT_SHAPE_REPRESENTATION(#380,#382);
#380 = ( REPRESENTATION_RELATIONSHIP('','',#217,#10) 
REPRESENTATION_RELATIONSHIP_WITH_TRANSFORMATION(#381) 
SHAPE_REPRESENTATION_RELATIONSHIP() );
#381 = ITEM_DEFINED_TRANSFORMATION('','',#11,#23);
#382 = PRODUCT_DEFINITION_SHAPE('Placement','Placement of an item',#383
  );
#383 = NEXT_ASSEMBLY_USAGE_OCCURRENCE('3','simple20-2','',#5,#212,$);
#384 = SHAPE_DEFINITION_REPRESENTATION(#385,#391);
#385 = PRODUCT_DEFINITION_SHAPE('','',#386);
#386 = PRODUCT_DEFINITION('design','',#387,#390);
#387 = PRODUCT_DEFINITION_FORMATION('','',#388);
#388 = PRODUCT('simple40','simple40','',(#389));
#389 = PRODUCT_CONTEXT('',#2,'mechanical');
#390 = PRODUCT_DEFINITION_CONTEXT('part definition',#2,'design');
#391 = ADVANCED_BREP_SHAPE_REPRESENTATION('',(#11,#392),#542);
#392 = MANIFOLD_SOLID_BREP('',#393);
#393 = CLOSED_SHELL('',(#394,#434,#474,#496,#518,#530));
#394 = ADVANCED_FACE('',(#395),#429,.F.);
#395 = FACE_BOUND('',#396,.F.);
#396 = EDGE_LOOP('',(#397,#407,#415,#423));
#397 = ORIENTED_EDGE('',*,*,#398,.F.);
#398 = EDGE_CURVE('',#399,#401,#403,.T.);
#399 = VERTEX_POINT('',#400);
#400 = CARTESIAN_POINT('',(0.,0.,0.));
#401 = VERTEX_POINT('',#402);
#402 = CARTESIAN_POINT('',(0.,0.,30.));
#403 = LINE('',#404,#405);
#404 = CARTESIAN_POINT('',(0.,0.,0.));
#405 = VECTOR('',#406,1.);
#406 = DIRECTION('',(0.,0.,1.));
#407 = ORIENTED_EDGE('',*,*,#408,.T.);
#408 = EDGE_CURVE('',#399,#409,#411,.T.);
#409 = VERTEX_POINT('',#410);
#410 = CARTESIAN_POINT('',(0.,30.,0.));
#411 = LINE('',#412,#413);
#412 = CARTESIAN_POINT('',(0.,0.,0.));
#413 = VECTOR('',#414,1.);
#414 = DIRECTION('',(-0.,1.,0.));
#415 = ORIENTED_EDGE('',*,*,#416,.T.);
#416 = EDGE_CURVE('',#409,#417,#419,.T.);
#417 = VERTEX_POINT('',#418);
#418 = CARTESIAN_POINT('',(0.,30.,30.));
#419 = LINE('',#420,#421);
#420 = CARTESIAN_POINT('',(0.,30.,0.));
#421 = VECTOR('',#422,1.);
#422 = DIRECTION('',(0.,0.,1.));
#423 = ORIENTED_EDGE('',*,*,#424,.F.);
#424 = EDGE_CURVE('',#401,#417,#425,.T.);
#425 = LINE('',#426,#427);
#426 = CARTESIAN_POINT('',(0.,0.,30.));
#427 = VECTOR('',#428,1.);
#428 = DIRECTION('',(-0.,1.,0.));
#429 = PLANE('',#430);
#430 = AXIS2_PLACEMENT_3D('',#431,#432,#433);
#431 = CARTESIAN_POINT('',(0.,0.,0.));
#432 = DIRECTION('',(1.,0.,-0.));
#433 = DIRECTION('',(0.,0.,1.));
#434 = ADVANCED_FACE('',(#435),#469,.T.);
#435 = FACE_BOUND('',#436,.T.);
#436 = EDGE_LOOP('',(#437,#447,#455,#463));
#437 = ORIENTED_EDGE('',*,*,#438,.F.);
#438 = EDGE_CURVE('',#439,#441,#443,.T.);
#439 = VERTEX_POINT('',#440);
#440 = CARTESIAN_POINT('',(400.,0.,0.));
#441 = VERTEX_POINT('',#442);
#442 = CARTESIAN_POINT('',(400.,0.,30.));
#443 = LINE('',#444,#445);
#444 = CARTESIAN_POINT('',(400.,0.,0.));
#445 = VECTOR('',#446,1.);
#446 = DIRECTION('',(0.,0.,1.));
#447 = ORIENTED_EDGE('',*,*,#448,.T.);
#448 = EDGE_CURVE('',#439,#449,#451,.T.);
#449 = VERTEX_POINT('',#450);
#450 = CARTESIAN_POINT('',(400.,30.,0.));
#451 = LINE('',#452,#453);
#452 = CARTESIAN_POINT('',(400.,0.,0.));
#453 = VECTOR('',#454,1.);
#454 = DIRECTION('',(-0.,1.,0.));
#455 = ORIENTED_EDGE('',*,*,#456,.T.);
#456 = EDGE_CURVE('',#449,#457,#459,.T.);
#457 = VERTEX_POINT('',#458);
#458 = CARTESIAN_POINT('',(400.,30.,30.));
#459 = LINE('',#460,#461);
#460 = CARTESIAN_POINT('',(400.,30.,0.));
#461 = VECTOR('',#462,1.);
#462 = DIRECTION('',(0.,0.,1.));
#463 = ORIENTED_EDGE('',*,*,#464,.F.);
#464 = EDGE_CURVE('',#441,#457,#465,.T.);
#465 = LINE('',#466,#467);
#466 = CARTESIAN_POINT('',(400.,0.,30.));
#467 = VECTOR('',#468,1.);
#468 = DIRECTION('',(-0.,1.,0.));
#469 = PLANE('',#470);
#470 = AXIS2_PLACEMENT_3D('',#471,#472,#473);
#471 = CARTESIAN_POINT('',(400.,0.,0.));
#472 = DIRECTION('',(1.,0.,-0.));
#473 = DIRECTION('',(0.,0.,1.));
#474 = ADVANCED_FACE('',(#475),#491,.F.);
#475 = FACE_BOUND('',#476,.F.);
#476 = EDGE_LOOP('',(#477,#483,#484,#490));
#477 = ORIENTED_EDGE('',*,*,#478,.F.);
#478 = EDGE_CURVE('',#399,#439,#479,.T.);
#479 = LINE('',#480,#481);
#480 = CARTESIAN_POINT('',(0.,0.,0.));
#481 = VECTOR('',#482,1.);
#482 = DIRECTION('',(1.,0.,-0.));
#483 = ORIENTED_EDGE('',*,*,#398,.T.);
#484 = ORIENTED_EDGE('',*,*,#485,.T.);
#485 = EDGE_CURVE('',#401,#441,#486,.T.);
#486 = LINE('',#487,#488);
#487 = CARTESIAN_POINT('',(0.,0.,30.));
#488 = VECTOR('',#489,1.);
#489 = DIRECTION('',(1.,0.,-0.));
#490 = ORIENTED_EDGE('',*,*,#438,.F.);
#491 = PLANE('',#492);
#492 = AXIS2_PLACEMENT_3D('',#493,#494,#495);
#493 = CARTESIAN_POINT('',(0.,0.,0.));
#494 = DIRECTION('',(-0.,1.,0.));
#495 = DIRECTION('',(0.,0.,1.));
#496 = ADVANCED_FACE('',(#497),#513,.T.);
#497 = FACE_BOUND('',#498,.T.);
#498 = EDGE_LOOP('',(#499,#505,#506,#512));
#499 = ORIENTED_EDGE('',*,*,#500,.F.);
#500 = EDGE_CURVE('',#409,#449,#501,.T.);
#501 = LINE('',#502,#503);
#502 = CARTESIAN_POINT('',(0.,30.,0.));
#503 = VECTOR('',#504,1.);
#504 = DIRECTION('',(1.,0.,-0.));
#505 = ORIENTED_EDGE('',*,*,#416,.T.);
#506 = ORIENTED_EDGE('',*,*,#507,.T.);
#507 = EDGE_CURVE('',#417,#457,#508,.T.);
#508 = LINE('',#509,#510);
#509 = CARTESIAN_POINT('',(0.,30.,30.));
#510 = VECTOR('',#511,1.);
#511 = DIRECTION('',(1.,0.,-0.));
#512 = ORIENTED_EDGE('',*,*,#456,.F.);
#513 = PLANE('',#514);
#514 = AXIS2_PLACEMENT_3D('',#515,#516,#517);
#515 = CARTESIAN_POINT('',(0.,30.,0.));
#516 = DIRECTION('',(-0.,1.,0.));
#517 = DIRECTION('',(0.,0.,1.));
#518 = ADVANCED_FACE('',(#519),#525,.F.);
#519 = FACE_BOUND('',#520,.F.);
#520 = EDGE_LOOP('',(#521,#522,#523,#524));
#521 = ORIENTED_EDGE('',*,*,#408,.F.);
#522 = ORIENTED_EDGE('',*,*,#478,.T.);
#523 = ORIENTED_EDGE('',*,*,#448,.T.);
#524 = ORIENTED_EDGE('',*,*,#500,.F.);
#525 = PLANE('',#526);
#526 = AXIS2_PLACEMENT_3D('',#527,#528,#529);
#527 = CARTESIAN_POINT('',(0.,0.,0.));
#528 = DIRECTION('',(0.,0.,1.));
#529 = DIRECTION('',(1.,0.,-0.));
#530 = ADVANCED_FACE('',(#531),#537,.T.);
#531 = FACE_BOUND('',#532,.T.);
#532 = EDGE_LOOP('',(#533,#534,#535,#536));
#533 = ORIENTED_EDGE('',*,*,#424,.F.);
#534 = ORIENTED_EDGE('',*,*,#485,.T.);
#535 = ORIENTED_EDGE('',*,*,#464,.T.);
#536 = ORIENTED_EDGE('',*,*,#507,.F.);
#537 = PLANE('',#538);
#538 = AXIS2_PLACEMENT_3D('',#539,#540,#541);
#539 = CARTESIAN_POINT('',(0.,0.,30.));
#540 = DIRECTION('',(0.,0.,1.));
#541 = DIRECTION('',(1.,0.,-0.));
#542 = ( GEOMETRIC_REPRESENTATION_CONTEXT(3) 
GLOBAL_UNCERTAINTY_ASSIGNED_CONTEXT((#546)) GLOBAL_UNIT_ASSIGNED_CONTEXT
((#543,#544,#545)) REPRESENTATION_CONTEXT('Context #1',
  '3D Context with UNIT and UNCERTAINTY') );
#543 = ( LENGTH_UNIT() NAMED_UNIT(*) SI_UNIT(.MILLI.,.METRE.) );
#544 = ( NAMED_UNIT(*) PLANE_ANGLE_UNIT() SI_UNIT($,.RADIAN.) );
#545 = ( NAMED_UNIT(*) SI_UNIT($,.STERADIAN.) SOLID_ANGLE_UNIT() );
#546 = UNCERTAINTY_MEASURE_WITH_UNIT(LENGTH_MEASURE(1.E-07),#543,
  'distance_accuracy_value','confusion accuracy');
#547 = CONTEXT_DEPENDENT_SHAPE_REPRESENTATION(#548,#550);
#548 = ( REPRESENTATION_RELATIONSHIP('','',#391,#10) 
REPRESENTATION_RELATIONSHIP_WITH_TRANSFORMATION(#549) 
SHAPE_REPRESENTATION_RELATIONSHIP() );
#549 = ITEM_DEFINED_TRANSFORMATION('','',#11,#27);
#550 = PRODUCT_DEFINITION_SHAPE('Placement','Placement of an item',#551
  );
#551 = NEXT_ASSEMBLY_USAGE_OCCURRENCE('4','simple40-1','',#5,#386,$);
#552 = PRODUCT_RELATED_PRODUCT_CATEGORY('part',$,(#388));
#553 = SHAPE_DEFINITION_REPRESENTATION(#554,#560);
#554 = PRODUCT_DEFINITION_SHAPE('','',#555);
#555 = PRODUCT_DEFINITION('design','',#556,#559);
#556 = PRODUCT_DEFINITION_FORMATION('','',#557);
#557 = PRODUCT('shell simplified','shell simplified','',(#558));
#558 = PRODUCT_CONTEXT('',#2,'mechanical');
#559 = PRODUCT_DEFINITION_CONTEXT('part definition',#2,'design');
#560 = ADVANCED_BREP_SHAPE_REPRESENTATION('',(#11,#561),#6104);
#561 = MANIFOLD_SOLID_BREP('',#562);
#562 = CLOSED_SHELL('',(#563,#605,#674,#700,#772,#789,#1591,#1612,#1883,
    #1915,#2617,#2636,#2818,#2859,#2886,#2919,#2938,#3181,#3230,#3256,
    #3273,#3305,#3330,#3435,#3459,#3484,#3525,#3552,#3569,#3602,#3621,
    #3672,#3688,#3711,#3726,#3749,#3764,#3780,#3796,#3805,#4632,#4906,
    #5644,#5826,#5857,#5889,#5922,#5946,#5980,#6004,#6023,#6040,#6052,
    #6071,#6090));
#563 = ADVANCED_FACE('',(#564),#600,.T.);
#564 = FACE_BOUND('',#565,.T.);
#565 = EDGE_LOOP('',(#566,#577,#585,#594));
#566 = ORIENTED_EDGE('',*,*,#567,.T.);
#567 = EDGE_CURVE('',#568,#570,#572,.T.);
#568 = VERTEX_POINT('',#569);
#569 = CARTESIAN_POINT('',(-3.,-103.5258124883,-157.1720128685));
#570 = VERTEX_POINT('',#571);
#571 = CARTESIAN_POINT('',(-3.,-103.5258124883,-147.1720128685));
#572 = CIRCLE('',#573,5.);
#573 = AXIS2_PLACEMENT_3D('',#574,#575,#576);
#574 = CARTESIAN_POINT('',(-3.,-103.5258124883,-152.1720128685));
#575 = DIRECTION('',(0.,-1.,3.330669073875E-16));
#576 = DIRECTION('',(1.,0.,0.));
#577 = ORIENTED_EDGE('',*,*,#578,.T.);
#578 = EDGE_CURVE('',#570,#579,#581,.T.);
#579 = VERTEX_POINT('',#580);
#580 = CARTESIAN_POINT('',(-113.,-103.5258124883,-147.1720128685));
#581 = LINE('',#582,#583);
#582 = CARTESIAN_POINT('',(-3.,-103.5258124883,-147.1720128685));
#583 = VECTOR('',#584,1.);
#584 = DIRECTION('',(-1.,0.,0.));
#585 = ORIENTED_EDGE('',*,*,#586,.T.);
#586 = EDGE_CURVE('',#579,#587,#589,.T.);
#587 = VERTEX_POINT('',#588);
#588 = CARTESIAN_POINT('',(-113.,-103.5258124883,-157.1720128685));
#589 = CIRCLE('',#590,5.);
#590 = AXIS2_PLACEMENT_3D('',#591,#592,#593);
#591 = CARTESIAN_POINT('',(-113.,-103.5258124883,-152.1720128685));
#592 = DIRECTION('',(0.,-1.,3.330669073875E-16));
#593 = DIRECTION('',(1.,0.,0.));
#594 = ORIENTED_EDGE('',*,*,#595,.F.);
#595 = EDGE_CURVE('',#568,#587,#596,.T.);
#596 = LINE('',#597,#598);
#597 = CARTESIAN_POINT('',(-3.,-103.5258124883,-157.1720128685));
#598 = VECTOR('',#599,1.);
#599 = DIRECTION('',(-1.,-4.388935218139E-30,-1.317733800864E-14));
#600 = PLANE('',#601);
#601 = AXIS2_PLACEMENT_3D('',#602,#603,#604);
#602 = CARTESIAN_POINT('',(-58.,-103.5258124883,-152.1720128685));
#603 = DIRECTION('',(0.,-1.,2.22044604925E-16));
#604 = DIRECTION('',(1.,0.,0.));
#605 = ADVANCED_FACE('',(#606),#669,.T.);
#606 = FACE_BOUND('',#607,.T.);
#607 = EDGE_LOOP('',(#608,#616,#625,#662,#668));
#608 = ORIENTED_EDGE('',*,*,#609,.T.);
#609 = EDGE_CURVE('',#568,#610,#612,.T.);
#610 = VERTEX_POINT('',#611);
#611 = CARTESIAN_POINT('',(-3.,-93.52581248836,-157.1720128685));
#612 = LINE('',#613,#614);
#613 = CARTESIAN_POINT('',(-3.,-93.52581248836,-157.1720128685));
#614 = VECTOR('',#615,1.);
#615 = DIRECTION('',(0.,1.,-2.22044604925E-16));
#616 = ORIENTED_EDGE('',*,*,#617,.F.);
#617 = EDGE_CURVE('',#618,#610,#620,.T.);
#618 = VERTEX_POINT('',#619);
#619 = CARTESIAN_POINT('',(2.,-93.52581248836,-152.1720128685));
#620 = CIRCLE('',#621,5.);
#621 = AXIS2_PLACEMENT_3D('',#622,#623,#624);
#622 = CARTESIAN_POINT('',(-3.,-93.52581248836,-152.1720128685));
#623 = DIRECTION('',(0.,1.,-2.22044604925E-16));
#624 = DIRECTION('',(1.,0.,0.));
#625 = ORIENTED_EDGE('',*,*,#626,.F.);
#626 = EDGE_CURVE('',#627,#618,#629,.T.);
#627 = VERTEX_POINT('',#628);
#628 = CARTESIAN_POINT('',(-3.,-97.83966913464,-147.1720128685));
#629 = B_SPLINE_CURVE_WITH_KNOTS('',6,(#630,#631,#632,#633,#634,#635,
    #636,#637,#638,#639,#640,#641,#642,#643,#644,#645,#646,#647,#648,
    #649,#650,#651,#652,#653,#654,#655,#656,#657,#658,#659,#660,#661),
  .UNSPECIFIED.,.F.,.F.,(7,5,5,5,5,5,7),(0.,0.16492604862,0.275723323364
    ,0.432655678797,0.671753251928,0.932023590112,1.),.UNSPECIFIED.);
#630 = CARTESIAN_POINT('',(-3.,-97.83966913464,-147.1720128685));
#631 = CARTESIAN_POINT('',(-2.722382066227,-97.83966913464,
    -147.1720128685));
#632 = CARTESIAN_POINT('',(-2.444617438998,-97.82369556005,
    -147.1905107319));
#633 = CARTESIAN_POINT('',(-2.170854424489,-97.79172064531,
    -147.2275385963));
#634 = CARTESIAN_POINT('',(-1.904213055792,-97.74484790948,
    -147.2818195286));
#635 = CARTESIAN_POINT('',(-1.647007525952,-97.68464022356,
    -147.3515453519));
#636 = CARTESIAN_POINT('',(-1.235488230177,-97.56469572668,
    -147.4904575678));
#637 = CARTESIAN_POINT('',(-1.075010138136,-97.51126016162,
    -147.5523446316));
#638 = CARTESIAN_POINT('',(-0.919782931505,-97.4530795925,
    -147.6197289394));
#639 = CARTESIAN_POINT('',(-0.76999670312,-97.39064497595,
    -147.6920424464));
#640 = CARTESIAN_POINT('',(-0.625719857344,-97.32440362639,
    -147.7687675963));
#641 = CARTESIAN_POINT('',(-0.290339221695,-97.15606696878,
    -147.9637534139));
#642 = CARTESIAN_POINT('',(-0.10479624607,-97.05054968951,
    -148.0859805773));
#643 = CARTESIAN_POINT('',(6.983649702331E-02,-96.93925691785,
    -148.2149045869));
#644 = CARTESIAN_POINT('',(0.233832569837,-96.82309744972,-148.349473957
    ));
#645 = CARTESIAN_POINT('',(0.387561664498,-96.70280166886,
    -148.4888436253));
#646 = CARTESIAN_POINT('',(0.750663030457,-96.39013695929,
    -148.8511067058));
#647 = CARTESIAN_POINT('',(0.946908266627,-96.19311196162,
    -149.0794063838));
#648 = CARTESIAN_POINT('',(1.121717150904,-95.98972526507,
    -149.3151006155));
#649 = CARTESIAN_POINT('',(1.276224000137,-95.78140566154,
    -149.5565361417));
#650 = CARTESIAN_POINT('',(1.411492765279,-95.56922435576,-149.802473157
    ));
#651 = CARTESIAN_POINT('',(1.655586656083,-95.1194208977,-150.3238913056
    ));
#652 = CARTESIAN_POINT('',(1.760952964456,-94.88131654081,-150.599936295
    ));
#653 = CARTESIAN_POINT('',(1.845539852784,-94.64051843763,
    -150.8791369466));
#654 = CARTESIAN_POINT('',(1.910005014204,-94.3978374677,-151.1605542355
    ));
#655 = CARTESIAN_POINT('',(1.954816641395,-94.1539564272,-151.443396974)
  );
#656 = CARTESIAN_POINT('',(1.986778477985,-93.84555858641,-151.801106223
    ));
#657 = CARTESIAN_POINT('',(1.992069208379,-93.78165048898,
    -151.8752352539));
#658 = CARTESIAN_POINT('',(1.996035087046,-93.71771107808,-151.94940289)
  );
#659 = CARTESIAN_POINT('',(1.998678331224,-93.65375114901,
    -152.0235966116));
#660 = CARTESIAN_POINT('',(2.000000001138,-93.58978142077,
    -152.0978040248));
#661 = CARTESIAN_POINT('',(2.,-93.52581253605,-152.1720128614));
#662 = ORIENTED_EDGE('',*,*,#663,.F.);
#663 = EDGE_CURVE('',#570,#627,#664,.T.);
#664 = LINE('',#665,#666);
#665 = CARTESIAN_POINT('',(-3.,-93.52581248836,-147.1720128685));
#666 = VECTOR('',#667,1.);
#667 = DIRECTION('',(0.,1.,-2.22044604925E-16));
#668 = ORIENTED_EDGE('',*,*,#567,.F.);
#669 = CYLINDRICAL_SURFACE('',#670,5.);
#670 = AXIS2_PLACEMENT_3D('',#671,#672,#673);
#671 = CARTESIAN_POINT('',(-3.,-93.52581248836,-152.1720128685));
#672 = DIRECTION('',(0.,1.,-2.22044604925E-16));
#673 = DIRECTION('',(1.,0.,0.));
#674 = ADVANCED_FACE('',(#675),#695,.F.);
#675 = FACE_BOUND('',#676,.F.);
#676 = EDGE_LOOP('',(#677,#678,#679,#687));
#677 = ORIENTED_EDGE('',*,*,#663,.F.);
#678 = ORIENTED_EDGE('',*,*,#578,.T.);
#679 = ORIENTED_EDGE('',*,*,#680,.T.);
#680 = EDGE_CURVE('',#579,#681,#683,.T.);
#681 = VERTEX_POINT('',#682);
#682 = CARTESIAN_POINT('',(-113.,-97.83966912923,-147.1720128685));
#683 = LINE('',#684,#685);
#684 = CARTESIAN_POINT('',(-113.,-93.52581248836,-147.1720128685));
#685 = VECTOR('',#686,1.);
#686 = DIRECTION('',(0.,1.,-2.22044604925E-16));
#687 = ORIENTED_EDGE('',*,*,#688,.T.);
#688 = EDGE_CURVE('',#681,#627,#689,.T.);
#689 = B_SPLINE_CURVE_WITH_KNOTS('',4,(#690,#691,#692,#693,#694),
  .UNSPECIFIED.,.F.,.F.,(5,5),(0.,1.),.PIECEWISE_BEZIER_KNOTS.);
#690 = CARTESIAN_POINT('',(-113.,-97.83966912923,-147.1720128685));
#691 = CARTESIAN_POINT('',(-85.5,-97.83966912923,-147.1720128685));
#692 = CARTESIAN_POINT('',(-58.,-97.83966912923,-147.1720128685));
#693 = CARTESIAN_POINT('',(-30.5,-97.83966912923,-147.1720128685));
#694 = CARTESIAN_POINT('',(-3.,-97.83966912923,-147.1720128685));
#695 = PLANE('',#696);
#696 = AXIS2_PLACEMENT_3D('',#697,#698,#699);
#697 = CARTESIAN_POINT('',(-3.,-93.52581248836,-147.1720128685));
#698 = DIRECTION('',(-0.,-2.22044604925E-16,-1.));
#699 = DIRECTION('',(-1.,0.,0.));
#700 = ADVANCED_FACE('',(#701),#767,.T.);
#701 = FACE_BOUND('',#702,.T.);
#702 = EDGE_LOOP('',(#703,#704,#751,#760,#766));
#703 = ORIENTED_EDGE('',*,*,#680,.T.);
#704 = ORIENTED_EDGE('',*,*,#705,.T.);
#705 = EDGE_CURVE('',#681,#706,#708,.T.);
#706 = VERTEX_POINT('',#707);
#707 = CARTESIAN_POINT('',(-118.,-93.52581248836,-152.1720128685));
#708 = B_SPLINE_CURVE_WITH_KNOTS('',6,(#709,#710,#711,#712,#713,#714,
    #715,#716,#717,#718,#719,#720,#721,#722,#723,#724,#725,#726,#727,
    #728,#729,#730,#731,#732,#733,#734,#735,#736,#737,#738,#739,#740,
    #741,#742,#743,#744,#745,#746,#747,#748,#749,#750),.UNSPECIFIED.,.F.
  ,.F.,(7,5,5,5,5,5,5,5,7),(0.,0.164927574418,0.275725874184,
    0.432659681449,0.67175946655,0.932032212578,0.967960127468,
    0.984739289303,1.),.UNSPECIFIED.);
#709 = CARTESIAN_POINT('',(-113.,-97.83966913463,-147.1720128685));
#710 = CARTESIAN_POINT('',(-113.2776179337,-97.83966913463,
    -147.1720128685));
#711 = CARTESIAN_POINT('',(-113.555382561,-97.82369556005,
    -147.1905107319));
#712 = CARTESIAN_POINT('',(-113.8291455755,-97.7917206453,
    -147.2275385963));
#713 = CARTESIAN_POINT('',(-114.0957869443,-97.74484790946,
    -147.2818195286));
#714 = CARTESIAN_POINT('',(-114.3529924741,-97.68464022353,
    -147.351545352));
#715 = CARTESIAN_POINT('',(-114.7645117699,-97.56469572663,
    -147.4904575678));
#716 = CARTESIAN_POINT('',(-114.924989862,-97.51126016157,
    -147.5523446317));
#717 = CARTESIAN_POINT('',(-115.0802170686,-97.45307959245,
    -147.6197289395));
#718 = CARTESIAN_POINT('',(-115.230003297,-97.39064497589,
    -147.6920424464));
#719 = CARTESIAN_POINT('',(-115.3742801427,-97.32440362633,
    -147.7687675964));
#720 = CARTESIAN_POINT('',(-115.7096607784,-97.15606696871,
    -147.963753414));
#721 = CARTESIAN_POINT('',(-115.895203754,-97.05054968943,
    -148.0859805774));
#722 = CARTESIAN_POINT('',(-116.0698364971,-96.93925691777,
    -148.214904587));
#723 = CARTESIAN_POINT('',(-116.2338325699,-96.82309744964,
    -148.3494739571));
#724 = CARTESIAN_POINT('',(-116.3875616646,-96.70280166877,
    -148.4888436254));
#725 = CARTESIAN_POINT('',(-116.7506630305,-96.39013695919,
    -148.851106706));
#726 = CARTESIAN_POINT('',(-116.9469082667,-96.19311196151,
    -149.0794063839));
#727 = CARTESIAN_POINT('',(-117.1217171509,-95.98972526496,
    -149.3151006156));
#728 = CARTESIAN_POINT('',(-117.2762240002,-95.78140566143,
    -149.5565361418));
#729 = CARTESIAN_POINT('',(-117.4114927653,-95.56922435564,
    -149.8024731571));
#730 = CARTESIAN_POINT('',(-117.6555866561,-95.11942089757,
    -150.3238913057));
#731 = CARTESIAN_POINT('',(-117.7609529645,-94.88131654069,
    -150.5999362952));
#732 = CARTESIAN_POINT('',(-117.8455398528,-94.64051843751,
    -150.8791369468));
#733 = CARTESIAN_POINT('',(-117.9100050142,-94.39783746757,
    -151.1605542357));
#734 = CARTESIAN_POINT('',(-117.9548166414,-94.15395642707,
    -151.4433969741));
#735 = CARTESIAN_POINT('',(-117.9836578396,-93.87566943801,
    -151.7661807836));
#736 = CARTESIAN_POINT('',(-117.9867851256,-93.8419025849,
    -151.8053474459));
#737 = CARTESIAN_POINT('',(-117.9895418778,-93.808125553,-151.8445265588
    ));
#738 = CARTESIAN_POINT('',(-117.9919285042,-93.7743399455,-151.883716263
    ));
#739 = CARTESIAN_POINT('',(-117.9939453222,-93.74054735506,
    -151.9229147116));
#740 = CARTESIAN_POINT('',(-117.996361856,-93.69096492524,
    -151.9804298726));
#741 = CARTESIAN_POINT('',(-117.9970506226,-93.67517769095,
    -151.9987430592));
#742 = CARTESIAN_POINT('',(-117.9976588398,-93.6593880427,
    -152.0170591867));
#743 = CARTESIAN_POINT('',(-117.9981864924,-93.64359636232,
    -152.0353778121));
#744 = CARTESIAN_POINT('',(-117.9986335682,-93.62780303169,
    -152.0536984925));
#745 = CARTESIAN_POINT('',(-117.9993333824,-93.59764318577,
    -152.0886849784));
#746 = CARTESIAN_POINT('',(-117.9996000323,-93.58327757623,
    -152.1053499304));
#747 = CARTESIAN_POINT('',(-117.9998000155,-93.56891154516,
    -152.122015202));
#748 = CARTESIAN_POINT('',(-117.9999333371,-93.5545452043,
    -152.1386806387));
#749 = CARTESIAN_POINT('',(-117.9999999989,-93.54017883615,
    -152.1553463696));
#750 = CARTESIAN_POINT('',(-118.,-93.52581289394,-152.172012808));
#751 = ORIENTED_EDGE('',*,*,#752,.F.);
#752 = EDGE_CURVE('',#753,#706,#755,.T.);
#753 = VERTEX_POINT('',#754);
#754 = CARTESIAN_POINT('',(-113.,-93.52581248836,-157.1720128685));
#755 = CIRCLE('',#756,5.);
#756 = AXIS2_PLACEMENT_3D('',#757,#758,#759);
#757 = CARTESIAN_POINT('',(-113.,-93.52581248836,-152.1720128685));
#758 = DIRECTION('',(0.,1.,-2.22044604925E-16));
#759 = DIRECTION('',(1.,0.,0.));
#760 = ORIENTED_EDGE('',*,*,#761,.F.);
#761 = EDGE_CURVE('',#587,#753,#762,.T.);
#762 = LINE('',#763,#764);
#763 = CARTESIAN_POINT('',(-113.,-93.52581248836,-157.1720128685));
#764 = VECTOR('',#765,1.);
#765 = DIRECTION('',(0.,1.,-2.22044604925E-16));
#766 = ORIENTED_EDGE('',*,*,#586,.F.);
#767 = CYLINDRICAL_SURFACE('',#768,5.);
#768 = AXIS2_PLACEMENT_3D('',#769,#770,#771);
#769 = CARTESIAN_POINT('',(-113.,-93.52581248836,-152.1720128685));
#770 = DIRECTION('',(0.,1.,-2.22044604925E-16));
#771 = DIRECTION('',(1.,0.,0.));
#772 = ADVANCED_FACE('',(#773),#784,.F.);
#773 = FACE_BOUND('',#774,.F.);
#774 = EDGE_LOOP('',(#775,#776,#777,#778));
#775 = ORIENTED_EDGE('',*,*,#761,.F.);
#776 = ORIENTED_EDGE('',*,*,#595,.F.);
#777 = ORIENTED_EDGE('',*,*,#609,.T.);
#778 = ORIENTED_EDGE('',*,*,#779,.F.);
#779 = EDGE_CURVE('',#753,#610,#780,.T.);
#780 = LINE('',#781,#782);
#781 = CARTESIAN_POINT('',(-3.,-93.52581248836,-157.1720128685));
#782 = VECTOR('',#783,1.);
#783 = DIRECTION('',(1.,4.388935218139E-30,1.317733800864E-14));
#784 = PLANE('',#785);
#785 = AXIS2_PLACEMENT_3D('',#786,#787,#788);
#786 = CARTESIAN_POINT('',(-3.,-93.52581248836,-157.1720128685));
#787 = DIRECTION('',(-1.317733800864E-14,2.22044604925E-16,1.));
#788 = DIRECTION('',(1.,4.388935218139E-30,1.317733800864E-14));
#789 = ADVANCED_FACE('',(#790),#995,.F.);
#790 = FACE_BOUND('',#791,.F.);
#791 = EDGE_LOOP('',(#792,#884,#894,#895,#985));
#792 = ORIENTED_EDGE('',*,*,#793,.F.);
#793 = EDGE_CURVE('',#794,#796,#798,.T.);
#794 = VERTEX_POINT('',#795);
#795 = CARTESIAN_POINT('',(-3.,-88.58043036768,-152.9090309689));
#796 = VERTEX_POINT('',#797);
#797 = CARTESIAN_POINT('',(-3.,-61.54074264521,-62.6372687235));
#798 = ( BOUNDED_CURVE() B_SPLINE_CURVE(11,(#799,#800,#801,#802,#803,
    #804,#805,#806,#807,#808,#809,#810,#811,#812,#813,#814,#815,#816,
    #817,#818,#819,#820,#821,#822,#823,#824,#825,#826,#827,#828,#829,
    #830,#831,#832,#833,#834,#835,#836,#837,#838,#839,#840,#841,#842,
    #843,#844,#845,#846,#847,#848,#849,#850,#851,#852,#853,#854,#855,
    #856,#857,#858,#859,#860,#861,#862,#863,#864,#865,#866,#867,#868,
    #869,#870,#871,#872,#873,#874,#875,#876,#877,#878,#879,#880,#881,
#882,#883),.UNSPECIFIED.,.F.,.F.) B_SPLINE_CURVE_WITH_KNOTS((12,9,9,9,10
    ,9,9,9,9,12),(0.,0.152296248604,0.326148124302,0.413074062151,0.5,
    0.605522119494,0.70414158962,0.802761059747,0.901380529873,1.),
.UNSPECIFIED.) CURVE() GEOMETRIC_REPRESENTATION_ITEM() 
RATIONAL_B_SPLINE_CURVE((1.132556574715,1.132556574715,1.132556574715,
    1.132556574716,1.132556574714,1.132556574716,1.132556574714,
    1.132556574716,1.132556574715,1.132556574715,1.132556574715,
    1.132556574715,1.132556574715,1.132556574715,1.132556574714,
    1.132556574716,1.132556574714,1.132556574715,1.132556574715,
    1.132556574715,1.132556574715,1.132556574715,1.132556574715,
    1.132556574715,1.132556574715,1.132556574715,1.132556574715,
    1.132556574715,1.132556574715,1.132556574715,1.132556574715,
    1.132556574714,1.132556574716,1.132556574714,1.132556574715,
    1.132556574715,1.132556574715,1.132556574715,1.132556574715,
    1.132556574715,1.132556574714,1.132556574716,1.132556574714,
    1.132556574716,1.132556574714,1.132556574715,1.132556574715,
    1.132556574715,1.132556574715,1.132556574715,1.132556574716,
    1.132556574714,1.132556574716,1.132556574714,1.132556574715,
    1.132556574715,1.132556574715,1.132556574715,1.132556574715,
    1.132556574715,1.132556574716,1.132556574714,1.132556574715,
    1.132556574715,1.132556574715,1.132556574715,1.132556574715,
    1.132556574715,1.132556574715,1.132556574716,1.132556574714,
    1.132556574715,1.132556574715,1.132556574715,1.132556574715,
    1.132556574715,1.132556574715,1.132556574715,1.132556574716,
    1.132556574714,1.132556574716,1.132556574714,1.132556574715,
1.132556574715,1.132556574715)) REPRESENTATION_ITEM('') );
#799 = CARTESIAN_POINT('',(-3.,-88.58043036768,-152.9090309689));
#800 = CARTESIAN_POINT('',(-3.,-87.90561130867,-148.3810036287));
#801 = CARTESIAN_POINT('',(-3.,-87.27363036552,-144.0779110054));
#802 = CARTESIAN_POINT('',(-3.,-86.68226354214,-139.9934826101));
#803 = CARTESIAN_POINT('',(-3.,-86.12928870353,-136.1214648666));
#804 = CARTESIAN_POINT('',(-3.,-85.61248576556,-132.455624965));
#805 = CARTESIAN_POINT('',(-3.,-85.12963753024,-128.9897566807));
#806 = CARTESIAN_POINT('',(-3.,-84.67853066413,-125.7176878279));
#807 = CARTESIAN_POINT('',(-3.,-84.25695689148,-122.6332901042));
#808 = CARTESIAN_POINT('',(-3.,-83.86271504913,-119.7304931529));
#809 = CARTESIAN_POINT('',(-3.,-83.07227393993,-113.8901191269));
#810 = CARTESIAN_POINT('',(-3.,-82.38718373215,-108.8281568777));
#811 = CARTESIAN_POINT('',(-3.,-82.04870469613,-106.3423298343));
#812 = CARTESIAN_POINT('',(-3.,-81.73373441514,-104.0603719318));
#813 = CARTESIAN_POINT('',(-3.,-81.43912817991,-101.9739923894));
#814 = CARTESIAN_POINT('',(-3.,-81.16181422977,-100.0752102104));
#815 = CARTESIAN_POINT('',(-3.,-80.89884619929,-98.35655632876));
#816 = CARTESIAN_POINT('',(-3.,-80.64749484095,-96.81122226567));
#817 = CARTESIAN_POINT('',(-3.,-80.40540371979,-95.43332402006));
#818 = CARTESIAN_POINT('',(-3.,-80.05378535547,-93.61117096501));
#819 = CARTESIAN_POINT('',(-3.,-79.72040282566,-92.15003534438));
#820 = CARTESIAN_POINT('',(-3.,-79.61135477143,-91.70276907365));
#821 = CARTESIAN_POINT('',(-3.,-79.50456443621,-91.29504470484));
#822 = CARTESIAN_POINT('',(-3.,-79.40037336707,-90.92673703863));
#823 = CARTESIAN_POINT('',(-3.,-79.29933710336,-90.59779949625));
#824 = CARTESIAN_POINT('',(-3.,-79.20228466152,-90.30824032992));
#825 = CARTESIAN_POINT('',(-3.,-79.11039818864,-90.0580542321));
#826 = CARTESIAN_POINT('',(-3.,-79.0252922882,-89.84702547092));
#827 = CARTESIAN_POINT('',(-3.,-78.8726950898,-89.50171534853));
#828 = CARTESIAN_POINT('',(-3.,-78.76370214766,-89.30282613121));
#829 = CARTESIAN_POINT('',(-3.,-78.7222022949,-89.23821768412));
#830 = CARTESIAN_POINT('',(-3.,-78.69584978453,-89.20571091397));
#831 = CARTESIAN_POINT('',(-3.,-78.68659996038,-89.20114198202));
#832 = CARTESIAN_POINT('',(-3.,-78.69530471447,-89.21871959093));
#833 = CARTESIAN_POINT('',(-3.,-78.72142137537,-89.25052524786));
#834 = CARTESIAN_POINT('',(-3.,-78.76017757224,-89.28745088927));
#835 = CARTESIAN_POINT('',(-3.,-78.80427056736,-89.32247570968));
#836 = CARTESIAN_POINT('',(-3.,-78.84563329387,-89.35091920448));
#837 = CARTESIAN_POINT('',(-3.,-78.91449658742,-89.39393798757));
#838 = CARTESIAN_POINT('',(-3.,-78.92826747032,-89.3987029071));
#839 = CARTESIAN_POINT('',(-3.,-78.90812346483,-89.38464041688));
#840 = CARTESIAN_POINT('',(-3.,-78.84714502614,-89.35537696787));
#841 = CARTESIAN_POINT('',(-3.,-78.74298550269,-89.3161491733));
#842 = CARTESIAN_POINT('',(-3.,-78.59669425974,-89.27049116084));
#843 = CARTESIAN_POINT('',(-3.,-78.40991254343,-89.22049876784));
#844 = CARTESIAN_POINT('',(-3.,-78.18501889756,-89.16699960105));
#845 = CARTESIAN_POINT('',(-3.,-77.9242450936,-89.10973714523));
#846 = CARTESIAN_POINT('',(-3.,-77.35456386153,-88.98954519591));
#847 = CARTESIAN_POINT('',(-3.,-76.66651119333,-88.84437911572));
#848 = CARTESIAN_POINT('',(-3.,-76.30818349932,-88.76694686429));
#849 = CARTESIAN_POINT('',(-3.,-75.92553531193,-88.68020121985));
#850 = CARTESIAN_POINT('',(-3.,-75.52011829674,-88.58170997008));
#851 = CARTESIAN_POINT('',(-3.,-75.09350791999,-88.46870919283));
#852 = CARTESIAN_POINT('',(-3.,-74.6474452807,-88.33817543061));
#853 = CARTESIAN_POINT('',(-3.,-74.18399953055,-88.18693031883));
#854 = CARTESIAN_POINT('',(-3.,-73.70569843699,-88.01182276661));
#855 = CARTESIAN_POINT('',(-3.,-72.72542895796,-87.60812738274));
#856 = CARTESIAN_POINT('',(-3.,-71.71137364343,-87.08779326758));
#857 = CARTESIAN_POINT('',(-3.,-71.19928692053,-86.79604685331));
#858 = CARTESIAN_POINT('',(-3.,-70.68589998032,-86.47076177725));
#859 = CARTESIAN_POINT('',(-3.,-70.17521494484,-86.11062051112));
#860 = CARTESIAN_POINT('',(-3.,-69.67126195032,-85.71509716302));
#861 = CARTESIAN_POINT('',(-3.,-69.17767331244,-85.2844447218));
#862 = CARTESIAN_POINT('',(-3.,-68.6973442094,-84.81941314077));
#863 = CARTESIAN_POINT('',(-3.,-68.23235526661,-84.32085576784));
#864 = CARTESIAN_POINT('',(-3.,-67.33576862029,-83.25815793755));
#865 = CARTESIAN_POINT('',(-3.,-66.50902704325,-82.06611192806));
#866 = CARTESIAN_POINT('',(-3.,-66.11388330213,-81.43820632916));
#867 = CARTESIAN_POINT('',(-3.,-65.73714458894,-80.77859775031));
#868 = CARTESIAN_POINT('',(-3.,-65.37853968917,-80.08703359791));
#869 = CARTESIAN_POINT('',(-3.,-65.03755946381,-79.36279916566));
#870 = CARTESIAN_POINT('',(-3.,-64.71362434199,-78.60477759348));
#871 = CARTESIAN_POINT('',(-3.,-64.40618020639,-77.81154664418));
#872 = CARTESIAN_POINT('',(-3.,-64.11474374519,-76.98146529823));
#873 = CARTESIAN_POINT('',(-3.,-63.5631113273,-75.24399610474));
#874 = CARTESIAN_POINT('',(-3.,-63.0728120392,-73.34428259162));
#875 = CARTESIAN_POINT('',(-3.,-62.84270865959,-72.35195669337));
#876 = CARTESIAN_POINT('',(-3.,-62.62746577786,-71.31514651661));
#877 = CARTESIAN_POINT('',(-3.,-62.42700361394,-70.23178153264));
#878 = CARTESIAN_POINT('',(-3.,-62.24133979691,-69.09976968147));
#879 = CARTESIAN_POINT('',(-3.,-62.07057544624,-67.91701825043));
#880 = CARTESIAN_POINT('',(-3.,-61.91488119808,-66.68144582055));
#881 = CARTESIAN_POINT('',(-3.,-61.77448577701,-65.39098853963));
#882 = CARTESIAN_POINT('',(-3.,-61.64966702897,-64.04360318933));
#883 = CARTESIAN_POINT('',(-3.,-61.54074264521,-62.6372687235));
#884 = ORIENTED_EDGE('',*,*,#885,.T.);
#885 = EDGE_CURVE('',#794,#618,#886,.T.);
#886 = ( BOUNDED_CURVE() B_SPLINE_CURVE(6,(#887,#888,#889,#890,#891,#892
,#893),.UNSPECIFIED.,.F.,.F.) B_SPLINE_CURVE_WITH_KNOTS((7,7),(
4.712388980385,7.853981633974),.PIECEWISE_BEZIER_KNOTS.) CURVE() 
GEOMETRIC_REPRESENTATION_ITEM() RATIONAL_B_SPLINE_CURVE((1.132556574715,
    1.036346631341,0.992316309354,0.976461899693,0.992316309354,
1.036346631341,1.132556574715)) REPRESENTATION_ITEM('') );
#887 = CARTESIAN_POINT('',(-3.,-88.58043036768,-152.9090309689));
#888 = CARTESIAN_POINT('',(-0.139759004637,-88.58043036768,
    -152.9090309689));
#889 = CARTESIAN_POINT('',(2.368818602942,-90.43629540868,
    -152.6324484736));
#890 = CARTESIAN_POINT('',(3.380310319579,-93.52581248836,
    -152.1720128685));
#891 = CARTESIAN_POINT('',(2.368818602942,-96.61532956804,
    -151.7115772633));
#892 = CARTESIAN_POINT('',(-0.139759004637,-98.47119460905,
    -151.434994768));
#893 = CARTESIAN_POINT('',(-3.,-98.47119460905,-151.434994768));
#894 = ORIENTED_EDGE('',*,*,#626,.F.);
#895 = ORIENTED_EDGE('',*,*,#896,.T.);
#896 = EDGE_CURVE('',#627,#897,#899,.T.);
#897 = VERTEX_POINT('',#898);
#898 = CARTESIAN_POINT('',(-3.,-71.51088233151,-61.86505461103));
#899 = ( BOUNDED_CURVE() B_SPLINE_CURVE(11,(#900,#901,#902,#903,#904,
    #905,#906,#907,#908,#909,#910,#911,#912,#913,#914,#915,#916,#917,
    #918,#919,#920,#921,#922,#923,#924,#925,#926,#927,#928,#929,#930,
    #931,#932,#933,#934,#935,#936,#937,#938,#939,#940,#941,#942,#943,
    #944,#945,#946,#947,#948,#949,#950,#951,#952,#953,#954,#955,#956,
    #957,#958,#959,#960,#961,#962,#963,#964,#965,#966,#967,#968,#969,
    #970,#971,#972,#973,#974,#975,#976,#977,#978,#979,#980,#981,#982,
#983,#984),.UNSPECIFIED.,.F.,.F.) B_SPLINE_CURVE_WITH_KNOTS((12,9,9,9,10
    ,9,9,9,9,12),(0.,0.152296248604,0.326148124302,0.413074062151,0.5,
    0.605522119494,0.70414158962,0.802761059747,0.901380529873,1.),
.UNSPECIFIED.) CURVE() GEOMETRIC_REPRESENTATION_ITEM() 
RATIONAL_B_SPLINE_CURVE((1.132556574715,1.132556574715,1.132556574715,
    1.132556574716,1.132556574714,1.132556574716,1.132556574714,
    1.132556574716,1.132556574715,1.132556574715,1.132556574715,
    1.132556574715,1.132556574715,1.132556574715,1.132556574714,
    1.132556574716,1.132556574714,1.132556574715,1.132556574715,
    1.132556574715,1.132556574715,1.132556574715,1.132556574715,
    1.132556574715,1.132556574715,1.132556574715,1.132556574715,
    1.132556574715,1.132556574715,1.132556574715,1.132556574715,
    1.132556574714,1.132556574716,1.132556574714,1.132556574715,
    1.132556574715,1.132556574715,1.132556574715,1.132556574715,
    1.132556574715,1.132556574714,1.132556574716,1.132556574714,
    1.132556574716,1.132556574714,1.132556574715,1.132556574715,
    1.132556574715,1.132556574715,1.132556574715,1.132556574716,
    1.132556574714,1.132556574716,1.132556574714,1.132556574715,
    1.132556574715,1.132556574715,1.132556574715,1.132556574715,
    1.132556574715,1.132556574716,1.132556574714,1.132556574715,
    1.132556574715,1.132556574715,1.132556574715,1.132556574715,
    1.132556574715,1.132556574715,1.132556574716,1.132556574714,
    1.132556574715,1.132556574715,1.132556574715,1.132556574715,
    1.132556574715,1.132556574715,1.132556574715,1.132556574716,
    1.132556574714,1.132556574716,1.132556574714,1.132556574715,
1.132556574715,1.132556574715)) REPRESENTATION_ITEM('') );
#900 = CARTESIAN_POINT('',(-3.,-98.47119460905,-151.434994768));
#901 = CARTESIAN_POINT('',(-3.,-97.79907256582,-146.9250643695));
#902 = CARTESIAN_POINT('',(-3.,-97.1696858009,-142.6396284739));
#903 = CARTESIAN_POINT('',(-3.,-96.58079053819,-138.5722631322));
#904 = CARTESIAN_POINT('',(-3.,-96.03014114041,-134.716527483));
#905 = CARTESIAN_POINT('',(-3.,-95.51548991955,-131.0659598979));
#906 = CARTESIAN_POINT('',(-3.,-95.03458630128,-127.6140721642));
#907 = CARTESIAN_POINT('',(-3.,-94.58517584692,-124.3543420294));
#908 = CARTESIAN_POINT('',(-3.,-94.16499905992,-121.2802033582));
#909 = CARTESIAN_POINT('',(-3.,-93.77178933127,-118.3850320694));
#910 = CARTESIAN_POINT('',(-3.,-92.98258880579,-112.5538244099));
#911 = CARTESIAN_POINT('',(-3.,-92.2960824252,-107.4813984097));
#912 = CARTESIAN_POINT('',(-3.,-91.95590515169,-104.9830239112));
#913 = CARTESIAN_POINT('',(-3.,-91.63804054475,-102.6797878794));
#914 = CARTESIAN_POINT('',(-3.,-91.33898729516,-100.5610975293));
#915 = CARTESIAN_POINT('',(-3.,-91.055171145,-98.61605029235));
#916 = CARTESIAN_POINT('',(-3.,-90.78289244122,-96.83323166903));
#917 = CARTESIAN_POINT('',(-3.,-90.51823441275,-95.20056657258));
#918 = CARTESIAN_POINT('',(-3.,-90.25690747606,-93.70505543869));
#919 = CARTESIAN_POINT('',(-3.,-89.86231671922,-91.64565374627));
#920 = CARTESIAN_POINT('',(-3.,-89.44791353459,-89.82558557983));
#921 = CARTESIAN_POINT('',(-3.,-89.30669375466,-89.24346247144));
#922 = CARTESIAN_POINT('',(-3.,-89.16137957405,-88.68378223204));
#923 = CARTESIAN_POINT('',(-3.,-89.01079869339,-88.14430961524));
#924 = CARTESIAN_POINT('',(-3.,-88.85356482098,-87.62273075414));
#925 = CARTESIAN_POINT('',(-3.,-88.68801818811,-87.11667695081));
#926 = CARTESIAN_POINT('',(-3.,-88.51214589534,-86.62379306714));
#927 = CARTESIAN_POINT('',(-3.,-88.32350258688,-86.1419343893));
#928 = CARTESIAN_POINT('',(-3.,-87.91495897635,-85.19711382721));
#929 = CARTESIAN_POINT('',(-3.,-87.43220331804,-84.28771896444));
#930 = CARTESIAN_POINT('',(-3.,-87.16934617037,-83.84128657691));
#931 = CARTESIAN_POINT('',(-3.,-86.8820282278,-83.40349327217));
#932 = CARTESIAN_POINT('',(-3.,-86.56746339418,-82.97614244326));
#933 = CARTESIAN_POINT('',(-3.,-86.22396902517,-82.56266494185));
#934 = CARTESIAN_POINT('',(-3.,-85.85125703989,-82.16861881511));
#935 = CARTESIAN_POINT('',(-3.,-85.45326905684,-81.80075168087));
#936 = CARTESIAN_POINT('',(-3.,-85.03647706146,-81.46372389893));
#937 = CARTESIAN_POINT('',(-3.,-84.60811736827,-81.15985552822));
#938 = CARTESIAN_POINT('',(-3.,-83.64897542049,-80.56068117466));
#939 = CARTESIAN_POINT('',(-3.,-83.12475744592,-80.28665574388));
#940 = CARTESIAN_POINT('',(-3.,-82.61346900177,-80.06293373061));
#941 = CARTESIAN_POINT('',(-3.,-82.1233383978,-79.88167686842));
#942 = CARTESIAN_POINT('',(-3.,-81.65802105046,-79.73343672852));
#943 = CARTESIAN_POINT('',(-3.,-81.21777635939,-79.61046736784));
#944 = CARTESIAN_POINT('',(-3.,-80.8022718434,-79.50646113347));
#945 = CARTESIAN_POINT('',(-3.,-80.41043772358,-79.41637860319));
#946 = CARTESIAN_POINT('',(-3.,-80.04135099336,-79.33626447675));
#947 = CARTESIAN_POINT('',(-3.,-79.36963845705,-79.19454585488));
#948 = CARTESIAN_POINT('',(-3.,-78.77694279275,-79.0694982963));
#949 = CARTESIAN_POINT('',(-3.,-78.50843314573,-79.01101617176));
#950 = CARTESIAN_POINT('',(-3.,-78.2571961786,-78.9530333445));
#951 = CARTESIAN_POINT('',(-3.,-78.02274858946,-78.89454386103));
#952 = CARTESIAN_POINT('',(-3.,-77.80458327577,-78.83487347774));
#953 = CARTESIAN_POINT('',(-3.,-77.60202750219,-78.77360748629));
#954 = CARTESIAN_POINT('',(-3.,-77.41408048075,-78.71048608552));
#955 = CARTESIAN_POINT('',(-3.,-77.23928280767,-78.64522220048));
#956 = CARTESIAN_POINT('',(-3.,-76.91207949075,-78.50928852891));
#957 = CARTESIAN_POINT('',(-3.,-76.62038493873,-78.35846856354));
#958 = CARTESIAN_POINT('',(-3.,-76.48109582438,-78.27831851548));
#959 = CARTESIAN_POINT('',(-3.,-76.34567438709,-78.19194954137));
#960 = CARTESIAN_POINT('',(-3.,-76.21118686848,-78.09724100369));
#961 = CARTESIAN_POINT('',(-3.,-76.07467149604,-77.99128062855));
#962 = CARTESIAN_POINT('',(-3.,-75.93356431776,-77.87037726131));
#963 = CARTESIAN_POINT('',(-3.,-75.78603851915,-77.73034278285));
#964 = CARTESIAN_POINT('',(-3.,-75.63108183848,-77.56688567951));
#965 = CARTESIAN_POINT('',(-3.,-75.30573252165,-77.18478139206));
#966 = CARTESIAN_POINT('',(-3.,-74.95072215785,-76.67672629029));
#967 = CARTESIAN_POINT('',(-3.,-74.76610429782,-76.38731841938));
#968 = CARTESIAN_POINT('',(-3.,-74.57526414283,-76.05891244847));
#969 = CARTESIAN_POINT('',(-3.,-74.37954127107,-75.68832280535));
#970 = CARTESIAN_POINT('',(-3.,-74.18051318525,-75.27282603054));
#971 = CARTESIAN_POINT('',(-3.,-73.97982781993,-74.81010081832));
#972 = CARTESIAN_POINT('',(-3.,-73.77910765612,-74.2981312401));
#973 = CARTESIAN_POINT('',(-3.,-73.57990436933,-73.73512014962));
#974 = CARTESIAN_POINT('',(-3.,-73.18744312149,-72.50374432083));
#975 = CARTESIAN_POINT('',(-3.,-72.8122938591,-71.0555398497));
#976 = CARTESIAN_POINT('',(-3.,-72.63040260596,-70.27570034953));
#977 = CARTESIAN_POINT('',(-3.,-72.45544886114,-69.43870055581));
#978 = CARTESIAN_POINT('',(-3.,-72.28858076839,-68.54317283144));
#979 = CARTESIAN_POINT('',(-3.,-72.13084906233,-67.58777107058));
#980 = CARTESIAN_POINT('',(-3.,-71.98322098719,-66.57114982019));
#981 = CARTESIAN_POINT('',(-3.,-71.8465942705,-65.49195233336));
#982 = CARTESIAN_POINT('',(-3.,-71.72180855137,-64.34880429658));
#983 = CARTESIAN_POINT('',(-3.,-71.60965434756,-63.14031076234));
#984 = CARTESIAN_POINT('',(-3.,-71.51088233152,-61.86505461103));
#985 = ORIENTED_EDGE('',*,*,#986,.F.);
#986 = EDGE_CURVE('',#796,#897,#987,.T.);
#987 = ( BOUNDED_CURVE() B_SPLINE_CURVE(6,(#988,#989,#990,#991,#992,#993
,#994),.UNSPECIFIED.,.F.,.F.) B_SPLINE_CURVE_WITH_KNOTS((7,7),(
4.712388980385,7.853981633974),.PIECEWISE_BEZIER_KNOTS.) CURVE() 
GEOMETRIC_REPRESENTATION_ITEM() RATIONAL_B_SPLINE_CURVE((1.132556574715,
    1.036346631341,0.992316309354,0.976461899693,0.992316309354,
1.036346631341,1.132556574715)) REPRESENTATION_ITEM('') );
#988 = CARTESIAN_POINT('',(-3.,-61.54074264521,-62.6372687235));
#989 = CARTESIAN_POINT('',(-0.139759004637,-61.54074264521,
    -62.6372687235));
#990 = CARTESIAN_POINT('',(2.368818602942,-63.41150139005,
    -62.49237343123));
#991 = CARTESIAN_POINT('',(3.380310319579,-66.52581248836,
    -62.25116166727));
#992 = CARTESIAN_POINT('',(2.368818602942,-69.64012358667,-62.0099499033
    ));
#993 = CARTESIAN_POINT('',(-0.139759004637,-71.51088233152,
    -61.86505461103));
#994 = CARTESIAN_POINT('',(-3.,-71.51088233152,-61.86505461103));
#995 = ( BOUNDED_SURFACE() B_SPLINE_SURFACE(6,11,(
    (#996,#997,#998,#999,#1000,#1001,#1002,#1003,#1004,#1005,#1006,#1007
      ,#1008,#1009,#1010,#1011,#1012,#1013,#1014,#1015,#1016,#1017,#1018
      ,#1019,#1020,#1021,#1022,#1023,#1024,#1025,#1026,#1027,#1028,#1029
      ,#1030,#1031,#1032,#1033,#1034,#1035,#1036,#1037,#1038,#1039,#1040
      ,#1041,#1042,#1043,#1044,#1045,#1046,#1047,#1048,#1049,#1050,#1051
      ,#1052,#1053,#1054,#1055,#1056,#1057,#1058,#1059,#1060,#1061,#1062
      ,#1063,#1064,#1065,#1066,#1067,#1068,#1069,#1070,#1071,#1072,#1073
      ,#1074,#1075,#1076,#1077,#1078,#1079,#1080)
    ,(#1081,#1082,#1083,#1084,#1085,#1086,#1087,#1088,#1089,#1090,#1091
      ,#1092,#1093,#1094,#1095,#1096,#1097,#1098,#1099,#1100,#1101,#1102
      ,#1103,#1104,#1105,#1106,#1107,#1108,#1109,#1110,#1111,#1112,#1113
      ,#1114,#1115,#1116,#1117,#1118,#1119,#1120,#1121,#1122,#1123,#1124
      ,#1125,#1126,#1127,#1128,#1129,#1130,#1131,#1132,#1133,#1134,#1135
      ,#1136,#1137,#1138,#1139,#1140,#1141,#1142,#1143,#1144,#1145,#1146
      ,#1147,#1148,#1149,#1150,#1151,#1152,#1153,#1154,#1155,#1156,#1157
      ,#1158,#1159,#1160,#1161,#1162,#1163,#1164,#1165)
    ,(#1166,#1167,#1168,#1169,#1170,#1171,#1172,#1173,#1174,#1175,#1176
      ,#1177,#1178,#1179,#1180,#1181,#1182,#1183,#1184,#1185,#1186,#1187
      ,#1188,#1189,#1190,#1191,#1192,#1193,#1194,#1195,#1196,#1197,#1198
      ,#1199,#1200,#1201,#1202,#1203,#1204,#1205,#1206,#1207,#1208,#1209
      ,#1210,#1211,#1212,#1213,#1214,#1215,#1216,#1217,#1218,#1219,#1220
      ,#1221,#1222,#1223,#1224,#1225,#1226,#1227,#1228,#1229,#1230,#1231
      ,#1232,#1233,#1234,#1235,#1236,#1237,#1238,#1239,#1240,#1241,#1242
      ,#1243,#1244,#1245,#1246,#1247,#1248,#1249,#1250)
    ,(#1251,#1252,#1253,#1254,#1255,#1256,#1257,#1258,#1259,#1260,#1261
      ,#1262,#1263,#1264,#1265,#1266,#1267,#1268,#1269,#1270,#1271,#1272
      ,#1273,#1274,#1275,#1276,#1277,#1278,#1279,#1280,#1281,#1282,#1283
      ,#1284,#1285,#1286,#1287,#1288,#1289,#1290,#1291,#1292,#1293,#1294
      ,#1295,#1296,#1297,#1298,#1299,#1300,#1301,#1302,#1303,#1304,#1305
      ,#1306,#1307,#1308,#1309,#1310,#1311,#1312,#1313,#1314,#1315,#1316
      ,#1317,#1318,#1319,#1320,#1321,#1322,#1323,#1324,#1325,#1326,#1327
      ,#1328,#1329,#1330,#1331,#1332,#1333,#1334,#1335)
    ,(#1336,#1337,#1338,#1339,#1340,#1341,#1342,#1343,#1344,#1345,#1346
      ,#1347,#1348,#1349,#1350,#1351,#1352,#1353,#1354,#1355,#1356,#1357
      ,#1358,#1359,#1360,#1361,#1362,#1363,#1364,#1365,#1366,#1367,#1368
      ,#1369,#1370,#1371,#1372,#1373,#1374,#1375,#1376,#1377,#1378,#1379
      ,#1380,#1381,#1382,#1383,#1384,#1385,#1386,#1387,#1388,#1389,#1390
      ,#1391,#1392,#1393,#1394,#1395,#1396,#1397,#1398,#1399,#1400,#1401
      ,#1402,#1403,#1404,#1405,#1406,#1407,#1408,#1409,#1410,#1411,#1412
      ,#1413,#1414,#1415,#1416,#1417,#1418,#1419,#1420)
    ,(#1421,#1422,#1423,#1424,#1425,#1426,#1427,#1428,#1429,#1430,#1431
      ,#1432,#1433,#1434,#1435,#1436,#1437,#1438,#1439,#1440,#1441,#1442
      ,#1443,#1444,#1445,#1446,#1447,#1448,#1449,#1450,#1451,#1452,#1453
      ,#1454,#1455,#1456,#1457,#1458,#1459,#1460,#1461,#1462,#1463,#1464
      ,#1465,#1466,#1467,#1468,#1469,#1470,#1471,#1472,#1473,#1474,#1475
      ,#1476,#1477,#1478,#1479,#1480,#1481,#1482,#1483,#1484,#1485,#1486
      ,#1487,#1488,#1489,#1490,#1491,#1492,#1493,#1494,#1495,#1496,#1497
      ,#1498,#1499,#1500,#1501,#1502,#1503,#1504,#1505)
    ,(#1506,#1507,#1508,#1509,#1510,#1511,#1512,#1513,#1514,#1515,#1516
      ,#1517,#1518,#1519,#1520,#1521,#1522,#1523,#1524,#1525,#1526,#1527
      ,#1528,#1529,#1530,#1531,#1532,#1533,#1534,#1535,#1536,#1537,#1538
      ,#1539,#1540,#1541,#1542,#1543,#1544,#1545,#1546,#1547,#1548,#1549
      ,#1550,#1551,#1552,#1553,#1554,#1555,#1556,#1557,#1558,#1559,#1560
      ,#1561,#1562,#1563,#1564,#1565,#1566,#1567,#1568,#1569,#1570,#1571
      ,#1572,#1573,#1574,#1575,#1576,#1577,#1578,#1579,#1580,#1581,#1582
      ,#1583,#1584,#1585,#1586,#1587,#1588,#1589,#1590
)),.UNSPECIFIED.,.F.,.F.,.F.) B_SPLINE_SURFACE_WITH_KNOTS((7,7),(12,9,9,
    9,10,9,9,9,9,12),(4.712388980385,7.853981633974),(0.,0.152296248604,
    0.326148124302,0.413074062151,0.5,0.605522119494,0.70414158962,
    0.802761059747,0.901380529873,1.),.UNSPECIFIED.) 
GEOMETRIC_REPRESENTATION_ITEM() RATIONAL_B_SPLINE_SURFACE((
    (1.132556574715,1.132556574715,1.132556574715,1.132556574716
      ,1.132556574714,1.132556574716,1.132556574714,1.132556574716
      ,1.132556574715,1.132556574715,1.132556574715,1.132556574715
      ,1.132556574715,1.132556574715,1.132556574714,1.132556574716
      ,1.132556574714,1.132556574715,1.132556574715,1.132556574715
      ,1.132556574715,1.132556574715,1.132556574715,1.132556574715
      ,1.132556574715,1.132556574715,1.132556574715,1.132556574715
      ,1.132556574715,1.132556574715,1.132556574715,1.132556574714
      ,1.132556574716,1.132556574714,1.132556574715,1.132556574715
      ,1.132556574715,1.132556574715,1.132556574715,1.132556574715
      ,1.132556574714,1.132556574716,1.132556574714,1.132556574716
      ,1.132556574714,1.132556574715,1.132556574715,1.132556574715
      ,1.132556574715,1.132556574715,1.132556574716,1.132556574714
      ,1.132556574716,1.132556574714,1.132556574715,1.132556574715
      ,1.132556574715,1.132556574715,1.132556574715,1.132556574715
      ,1.132556574716,1.132556574714,1.132556574715,1.132556574715
      ,1.132556574715,1.132556574715,1.132556574715,1.132556574715
      ,1.132556574715,1.132556574716,1.132556574714,1.132556574715
      ,1.132556574715,1.132556574715,1.132556574715,1.132556574715
      ,1.132556574715,1.132556574715,1.132556574716,1.132556574714
      ,1.132556574716,1.132556574714,1.132556574715,1.132556574715
      ,1.132556574715)
    ,(1.036346631341,1.036346631341,1.036346631341,1.036346631342
      ,1.036346631341,1.036346631342,1.03634663134,1.036346631342
      ,1.036346631341,1.036346631341,1.036346631341,1.036346631341
      ,1.036346631341,1.036346631341,1.036346631342,1.036346631341
      ,1.036346631341,1.036346631341,1.036346631341,1.036346631341
      ,1.036346631341,1.036346631341,1.036346631341,1.036346631341
      ,1.036346631342,1.036346631341,1.036346631341,1.036346631341
      ,1.036346631341,1.036346631341,1.036346631341,1.036346631341
      ,1.036346631342,1.036346631341,1.036346631342,1.036346631341
      ,1.036346631341,1.036346631341,1.036346631341,1.036346631341
      ,1.036346631341,1.036346631342,1.03634663134,1.036346631342
      ,1.03634663134,1.036346631342,1.036346631341,1.036346631341
      ,1.036346631341,1.036346631341,1.036346631342,1.03634663134
      ,1.036346631342,1.036346631341,1.036346631342,1.036346631341
      ,1.036346631341,1.036346631341,1.036346631342,1.03634663134
      ,1.036346631342,1.03634663134,1.036346631342,1.036346631341
      ,1.036346631341,1.036346631341,1.036346631341,1.036346631341
      ,1.036346631341,1.036346631342,1.03634663134,1.036346631342
      ,1.036346631341,1.036346631341,1.036346631341,1.036346631341
      ,1.036346631341,1.036346631341,1.036346631342,1.036346631341
      ,1.036346631342,1.036346631341,1.036346631341,1.036346631341
      ,1.036346631341)
    ,(0.992316309354,0.992316309354,0.992316309353,0.992316309354
      ,0.992316309352,0.992316309355,0.992316309352,0.992316309355
      ,0.992316309353,0.992316309354,0.992316309354,0.992316309354
      ,0.992316309354,0.992316309354,0.992316309354,0.992316309354
      ,0.992316309354,0.992316309354,0.992316309354,0.992316309354
      ,0.992316309354,0.992316309354,0.992316309354,0.992316309354
      ,0.992316309354,0.992316309354,0.992316309354,0.992316309354
      ,0.992316309354,0.992316309354,0.992316309354,0.992316309353
      ,0.992316309354,0.992316309353,0.992316309354,0.992316309353
      ,0.992316309354,0.992316309354,0.992316309354,0.992316309354
      ,0.992316309353,0.992316309355,0.992316309352,0.992316309355
      ,0.992316309353,0.992316309354,0.992316309354,0.992316309354
      ,0.992316309354,0.992316309353,0.992316309354,0.992316309353
      ,0.992316309354,0.992316309353,0.992316309354,0.992316309354
      ,0.992316309354,0.992316309354,0.992316309354,0.992316309353
      ,0.992316309355,0.992316309353,0.992316309354,0.992316309353
      ,0.992316309354,0.992316309354,0.992316309354,0.992316309354
      ,0.992316309353,0.992316309354,0.992316309353,0.992316309354
      ,0.992316309353,0.992316309354,0.992316309354,0.992316309354
      ,0.992316309354,0.992316309353,0.992316309354,0.992316309353
      ,0.992316309354,0.992316309353,0.992316309354,0.992316309354
      ,0.992316309354)
    ,(0.976461899693,0.976461899693,0.976461899693,0.976461899694
      ,0.976461899692,0.976461899695,0.976461899692,0.976461899694
      ,0.976461899693,0.976461899693,0.976461899693,0.976461899693
      ,0.976461899693,0.976461899693,0.976461899693,0.976461899693
      ,0.976461899693,0.976461899693,0.976461899693,0.976461899693
      ,0.976461899693,0.976461899693,0.976461899693,0.976461899693
      ,0.976461899694,0.976461899693,0.976461899693,0.976461899693
      ,0.976461899693,0.976461899693,0.976461899694,0.976461899693
      ,0.976461899694,0.976461899693,0.976461899694,0.976461899693
      ,0.976461899693,0.976461899693,0.976461899693,0.976461899693
      ,0.976461899693,0.976461899694,0.976461899692,0.976461899694
      ,0.976461899693,0.976461899694,0.976461899693,0.976461899693
      ,0.976461899693,0.976461899693,0.976461899694,0.976461899692
      ,0.976461899694,0.976461899693,0.976461899694,0.976461899693
      ,0.976461899693,0.976461899693,0.976461899694,0.976461899693
      ,0.976461899694,0.976461899692,0.976461899694,0.976461899693
      ,0.976461899693,0.976461899693,0.976461899693,0.976461899693
      ,0.976461899693,0.976461899694,0.976461899693,0.976461899694
      ,0.976461899693,0.976461899693,0.976461899693,0.976461899693
      ,0.976461899693,0.976461899693,0.976461899694,0.976461899693
      ,0.976461899694,0.976461899693,0.976461899693,0.976461899693
      ,0.976461899693)
    ,(0.992316309354,0.992316309354,0.992316309353,0.992316309354
      ,0.992316309353,0.992316309355,0.992316309352,0.992316309354
      ,0.992316309353,0.992316309354,0.992316309354,0.992316309354
      ,0.992316309354,0.992316309354,0.992316309354,0.992316309354
      ,0.992316309353,0.992316309354,0.992316309354,0.992316309354
      ,0.992316309354,0.992316309354,0.992316309354,0.992316309353
      ,0.992316309354,0.992316309353,0.992316309354,0.992316309354
      ,0.992316309354,0.992316309354,0.992316309354,0.992316309353
      ,0.992316309354,0.992316309353,0.992316309354,0.992316309354
      ,0.992316309354,0.992316309354,0.992316309354,0.992316309354
      ,0.992316309353,0.992316309355,0.992316309352,0.992316309355
      ,0.992316309353,0.992316309354,0.992316309354,0.992316309354
      ,0.992316309354,0.992316309353,0.992316309354,0.992316309353
      ,0.992316309354,0.992316309353,0.992316309354,0.992316309354
      ,0.992316309354,0.992316309354,0.992316309354,0.992316309353
      ,0.992316309355,0.992316309352,0.992316309354,0.992316309353
      ,0.992316309354,0.992316309354,0.992316309354,0.992316309354
      ,0.992316309353,0.992316309354,0.992316309353,0.992316309354
      ,0.992316309353,0.992316309354,0.992316309354,0.992316309354
      ,0.992316309354,0.992316309353,0.992316309354,0.992316309353
      ,0.992316309354,0.992316309353,0.992316309354,0.992316309354
      ,0.992316309354)
    ,(1.036346631341,1.036346631341,1.036346631341,1.036346631342
      ,1.03634663134,1.036346631342,1.03634663134,1.036346631342
      ,1.036346631341,1.036346631341,1.036346631341,1.036346631341
      ,1.036346631341,1.036346631341,1.036346631341,1.036346631341
      ,1.036346631341,1.036346631341,1.036346631341,1.036346631341
      ,1.036346631341,1.036346631341,1.036346631341,1.036346631341
      ,1.036346631342,1.036346631341,1.036346631341,1.036346631341
      ,1.036346631341,1.036346631341,1.036346631342,1.036346631341
      ,1.036346631342,1.03634663134,1.036346631342,1.036346631341
      ,1.036346631341,1.036346631341,1.036346631341,1.036346631341
      ,1.036346631341,1.036346631342,1.03634663134,1.036346631342
      ,1.03634663134,1.036346631342,1.036346631341,1.036346631341
      ,1.036346631341,1.036346631341,1.036346631342,1.03634663134
      ,1.036346631342,1.036346631341,1.036346631342,1.036346631341
      ,1.036346631341,1.036346631341,1.036346631342,1.03634663134
      ,1.036346631342,1.03634663134,1.036346631342,1.036346631341
      ,1.036346631341,1.036346631341,1.036346631341,1.036346631341
      ,1.036346631341,1.036346631342,1.03634663134,1.036346631342
      ,1.036346631341,1.036346631341,1.036346631341,1.036346631341
      ,1.036346631341,1.036346631341,1.036346631341,1.036346631341
      ,1.036346631342,1.036346631341,1.036346631341,1.036346631341
      ,1.036346631341)
    ,(1.132556574715,1.132556574715,1.132556574715,1.132556574716
      ,1.132556574714,1.132556574716,1.132556574714,1.132556574716
      ,1.132556574715,1.132556574715,1.132556574715,1.132556574715
      ,1.132556574715,1.132556574715,1.132556574714,1.132556574716
      ,1.132556574714,1.132556574715,1.132556574715,1.132556574715
      ,1.132556574715,1.132556574715,1.132556574715,1.132556574715
      ,1.132556574715,1.132556574715,1.132556574715,1.132556574715
      ,1.132556574715,1.132556574715,1.132556574715,1.132556574714
      ,1.132556574716,1.132556574714,1.132556574715,1.132556574715
      ,1.132556574715,1.132556574715,1.132556574715,1.132556574715
      ,1.132556574714,1.132556574716,1.132556574714,1.132556574716
      ,1.132556574714,1.132556574715,1.132556574715,1.132556574715
      ,1.132556574715,1.132556574715,1.132556574716,1.132556574714
      ,1.132556574716,1.132556574714,1.132556574715,1.132556574715
      ,1.132556574715,1.132556574715,1.132556574715,1.132556574715
      ,1.132556574716,1.132556574714,1.132556574715,1.132556574715
      ,1.132556574715,1.132556574715,1.132556574715,1.132556574715
      ,1.132556574715,1.132556574716,1.132556574714,1.132556574715
      ,1.132556574715,1.132556574715,1.132556574715,1.132556574715
      ,1.132556574715,1.132556574715,1.132556574716,1.132556574714
      ,1.132556574716,1.132556574714,1.132556574715,1.132556574715
,1.132556574715))) REPRESENTATION_ITEM('') SURFACE() );
#996 = CARTESIAN_POINT('',(-3.,-88.58043036768,-152.9090309689));
#997 = CARTESIAN_POINT('',(-3.,-87.90561130867,-148.3810036287));
#998 = CARTESIAN_POINT('',(-3.,-87.27363036552,-144.0779110054));
#999 = CARTESIAN_POINT('',(-3.,-86.68226354214,-139.9934826101));
#1000 = CARTESIAN_POINT('',(-3.,-86.12928870353,-136.1214648666));
#1001 = CARTESIAN_POINT('',(-3.,-85.61248576556,-132.455624965));
#1002 = CARTESIAN_POINT('',(-3.,-85.12963753024,-128.9897566807));
#1003 = CARTESIAN_POINT('',(-3.,-84.67853066413,-125.7176878279));
#1004 = CARTESIAN_POINT('',(-3.,-84.25695689148,-122.6332901042));
#1005 = CARTESIAN_POINT('',(-3.,-83.86271504913,-119.7304931529));
#1006 = CARTESIAN_POINT('',(-3.,-83.07227393993,-113.8901191269));
#1007 = CARTESIAN_POINT('',(-3.,-82.38718373215,-108.8281568777));
#1008 = CARTESIAN_POINT('',(-3.,-82.04870469613,-106.3423298343));
#1009 = CARTESIAN_POINT('',(-3.,-81.73373441514,-104.0603719318));
#1010 = CARTESIAN_POINT('',(-3.,-81.43912817991,-101.9739923894));
#1011 = CARTESIAN_POINT('',(-3.,-81.16181422977,-100.0752102104));
#1012 = CARTESIAN_POINT('',(-3.,-80.89884619929,-98.35655632876));
#1013 = CARTESIAN_POINT('',(-3.,-80.64749484095,-96.81122226567));
#1014 = CARTESIAN_POINT('',(-3.,-80.40540371979,-95.43332402006));
#1015 = CARTESIAN_POINT('',(-3.,-80.05378535547,-93.61117096501));
#1016 = CARTESIAN_POINT('',(-3.,-79.72040282566,-92.15003534438));
#1017 = CARTESIAN_POINT('',(-3.,-79.61135477143,-91.70276907365));
#1018 = CARTESIAN_POINT('',(-3.,-79.50456443621,-91.29504470484));
#1019 = CARTESIAN_POINT('',(-3.,-79.40037336707,-90.92673703863));
#1020 = CARTESIAN_POINT('',(-3.,-79.29933710336,-90.59779949625));
#1021 = CARTESIAN_POINT('',(-3.,-79.20228466152,-90.30824032992));
#1022 = CARTESIAN_POINT('',(-3.,-79.11039818864,-90.0580542321));
#1023 = CARTESIAN_POINT('',(-3.,-79.0252922882,-89.84702547092));
#1024 = CARTESIAN_POINT('',(-3.,-78.8726950898,-89.50171534853));
#1025 = CARTESIAN_POINT('',(-3.,-78.76370214766,-89.30282613121));
#1026 = CARTESIAN_POINT('',(-3.,-78.7222022949,-89.23821768412));
#1027 = CARTESIAN_POINT('',(-3.,-78.69584978453,-89.20571091397));
#1028 = CARTESIAN_POINT('',(-3.,-78.68659996038,-89.20114198202));
#1029 = CARTESIAN_POINT('',(-3.,-78.69530471447,-89.21871959093));
#1030 = CARTESIAN_POINT('',(-3.,-78.72142137537,-89.25052524786));
#1031 = CARTESIAN_POINT('',(-3.,-78.76017757224,-89.28745088927));
#1032 = CARTESIAN_POINT('',(-3.,-78.80427056736,-89.32247570968));
#1033 = CARTESIAN_POINT('',(-3.,-78.84563329387,-89.35091920448));
#1034 = CARTESIAN_POINT('',(-3.,-78.91449658742,-89.39393798757));
#1035 = CARTESIAN_POINT('',(-3.,-78.92826747032,-89.3987029071));
#1036 = CARTESIAN_POINT('',(-3.,-78.90812346483,-89.38464041688));
#1037 = CARTESIAN_POINT('',(-3.,-78.84714502614,-89.35537696787));
#1038 = CARTESIAN_POINT('',(-3.,-78.74298550269,-89.3161491733));
#1039 = CARTESIAN_POINT('',(-3.,-78.59669425974,-89.27049116084));
#1040 = CARTESIAN_POINT('',(-3.,-78.40991254343,-89.22049876784));
#1041 = CARTESIAN_POINT('',(-3.,-78.18501889756,-89.16699960105));
#1042 = CARTESIAN_POINT('',(-3.,-77.9242450936,-89.10973714523));
#1043 = CARTESIAN_POINT('',(-3.,-77.35456386153,-88.98954519591));
#1044 = CARTESIAN_POINT('',(-3.,-76.66651119333,-88.84437911572));
#1045 = CARTESIAN_POINT('',(-3.,-76.30818349932,-88.76694686429));
#1046 = CARTESIAN_POINT('',(-3.,-75.92553531193,-88.68020121985));
#1047 = CARTESIAN_POINT('',(-3.,-75.52011829674,-88.58170997008));
#1048 = CARTESIAN_POINT('',(-3.,-75.09350791999,-88.46870919283));
#1049 = CARTESIAN_POINT('',(-3.,-74.6474452807,-88.33817543061));
#1050 = CARTESIAN_POINT('',(-3.,-74.18399953055,-88.18693031883));
#1051 = CARTESIAN_POINT('',(-3.,-73.70569843699,-88.01182276661));
#1052 = CARTESIAN_POINT('',(-3.,-72.72542895796,-87.60812738274));
#1053 = CARTESIAN_POINT('',(-3.,-71.71137364343,-87.08779326758));
#1054 = CARTESIAN_POINT('',(-3.,-71.19928692053,-86.79604685331));
#1055 = CARTESIAN_POINT('',(-3.,-70.68589998032,-86.47076177725));
#1056 = CARTESIAN_POINT('',(-3.,-70.17521494484,-86.11062051112));
#1057 = CARTESIAN_POINT('',(-3.,-69.67126195032,-85.71509716302));
#1058 = CARTESIAN_POINT('',(-3.,-69.17767331244,-85.2844447218));
#1059 = CARTESIAN_POINT('',(-3.,-68.6973442094,-84.81941314077));
#1060 = CARTESIAN_POINT('',(-3.,-68.23235526661,-84.32085576784));
#1061 = CARTESIAN_POINT('',(-3.,-67.33576862029,-83.25815793755));
#1062 = CARTESIAN_POINT('',(-3.,-66.50902704325,-82.06611192806));
#1063 = CARTESIAN_POINT('',(-3.,-66.11388330213,-81.43820632916));
#1064 = CARTESIAN_POINT('',(-3.,-65.73714458894,-80.77859775031));
#1065 = CARTESIAN_POINT('',(-3.,-65.37853968917,-80.08703359791));
#1066 = CARTESIAN_POINT('',(-3.,-65.03755946381,-79.36279916566));
#1067 = CARTESIAN_POINT('',(-3.,-64.71362434199,-78.60477759348));
#1068 = CARTESIAN_POINT('',(-3.,-64.40618020639,-77.81154664418));
#1069 = CARTESIAN_POINT('',(-3.,-64.11474374519,-76.98146529823));
#1070 = CARTESIAN_POINT('',(-3.,-63.5631113273,-75.24399610474));
#1071 = CARTESIAN_POINT('',(-3.,-63.0728120392,-73.34428259162));
#1072 = CARTESIAN_POINT('',(-3.,-62.84270865959,-72.35195669337));
#1073 = CARTESIAN_POINT('',(-3.,-62.62746577786,-71.31514651661));
#1074 = CARTESIAN_POINT('',(-3.,-62.42700361394,-70.23178153264));
#1075 = CARTESIAN_POINT('',(-3.,-62.24133979691,-69.09976968147));
#1076 = CARTESIAN_POINT('',(-3.,-62.07057544624,-67.91701825043));
#1077 = CARTESIAN_POINT('',(-3.,-61.91488119808,-66.68144582055));
#1078 = CARTESIAN_POINT('',(-3.,-61.77448577701,-65.39098853963));
#1079 = CARTESIAN_POINT('',(-3.,-61.64966702897,-64.04360318933));
#1080 = CARTESIAN_POINT('',(-3.,-61.54074264521,-62.6372687235));
#1081 = CARTESIAN_POINT('',(-0.139759004637,-88.58043036768,
    -152.9090309689));
#1082 = CARTESIAN_POINT('',(-0.139759004637,-87.90561130867,
    -148.3810036287));
#1083 = CARTESIAN_POINT('',(-0.139759004637,-87.27363036552,
    -144.0779110054));
#1084 = CARTESIAN_POINT('',(-0.139759004636,-86.68226354214,
    -139.9934826101));
#1085 = CARTESIAN_POINT('',(-0.139759004638,-86.12928870353,
    -136.1214648665));
#1086 = CARTESIAN_POINT('',(-0.139759004635,-85.61248576556,
    -132.4556249651));
#1087 = CARTESIAN_POINT('',(-0.139759004638,-85.12963753024,
    -128.9897566807));
#1088 = CARTESIAN_POINT('',(-0.139759004636,-84.67853066413,
    -125.7176878279));
#1089 = CARTESIAN_POINT('',(-0.139759004637,-84.25695689148,
    -122.6332901042));
#1090 = CARTESIAN_POINT('',(-0.139759004637,-83.86271504913,
    -119.7304931529));
#1091 = CARTESIAN_POINT('',(-0.139759004637,-83.07227393992,
    -113.8901191269));
#1092 = CARTESIAN_POINT('',(-0.139759004637,-82.38718373215,
    -108.8281568777));
#1093 = CARTESIAN_POINT('',(-0.139759004637,-82.04870469613,
    -106.3423298343));
#1094 = CARTESIAN_POINT('',(-0.139759004637,-81.73373441515,
    -104.0603719318));
#1095 = CARTESIAN_POINT('',(-0.139759004637,-81.43912817991,
    -101.9739923894));
#1096 = CARTESIAN_POINT('',(-0.139759004637,-81.16181422977,
    -100.0752102104));
#1097 = CARTESIAN_POINT('',(-0.139759004637,-80.89884619929,
    -98.35655632876));
#1098 = CARTESIAN_POINT('',(-0.139759004637,-80.64749484095,
    -96.81122226567));
#1099 = CARTESIAN_POINT('',(-0.139759004637,-80.40540371979,
    -95.43332402006));
#1100 = CARTESIAN_POINT('',(-0.139759004637,-80.05378535547,
    -93.61117096501));
#1101 = CARTESIAN_POINT('',(-0.139759004637,-79.72040282566,
    -92.15003534438));
#1102 = CARTESIAN_POINT('',(-0.139759004637,-79.61135477143,
    -91.70276907365));
#1103 = CARTESIAN_POINT('',(-0.139759004637,-79.50456443621,
    -91.29504470484));
#1104 = CARTESIAN_POINT('',(-0.139759004636,-79.40037336707,
    -90.92673703863));
#1105 = CARTESIAN_POINT('',(-0.139759004638,-79.29933710336,
    -90.59779949624));
#1106 = CARTESIAN_POINT('',(-0.139759004636,-79.20228466152,
    -90.30824032992));
#1107 = CARTESIAN_POINT('',(-0.139759004637,-79.11039818864,
    -90.0580542321));
#1108 = CARTESIAN_POINT('',(-0.139759004637,-79.0252922882,
    -89.84702547092));
#1109 = CARTESIAN_POINT('',(-0.139759004637,-78.8726950898,
    -89.50171534853));
#1110 = CARTESIAN_POINT('',(-0.139759004637,-78.76370214766,
    -89.30282613121));
#1111 = CARTESIAN_POINT('',(-0.139759004637,-78.7222022949,
    -89.23821768412));
#1112 = CARTESIAN_POINT('',(-0.139759004637,-78.69584978453,
    -89.20571091397));
#1113 = CARTESIAN_POINT('',(-0.139759004637,-78.68659996038,
    -89.20114198202));
#1114 = CARTESIAN_POINT('',(-0.139759004636,-78.69530471447,
    -89.21871959093));
#1115 = CARTESIAN_POINT('',(-0.139759004637,-78.72142137537,
    -89.25052524786));
#1116 = CARTESIAN_POINT('',(-0.139759004636,-78.76017757224,
    -89.28745088927));
#1117 = CARTESIAN_POINT('',(-0.139759004637,-78.80427056736,
    -89.32247570968));
#1118 = CARTESIAN_POINT('',(-0.139759004637,-78.84563329387,
    -89.35091920448));
#1119 = CARTESIAN_POINT('',(-0.139759004637,-78.91449658742,
    -89.39393798757));
#1120 = CARTESIAN_POINT('',(-0.139759004637,-78.92826747032,
    -89.3987029071));
#1121 = CARTESIAN_POINT('',(-0.139759004637,-78.90812346483,
    -89.38464041688));
#1122 = CARTESIAN_POINT('',(-0.139759004636,-78.84714502614,
    -89.35537696787));
#1123 = CARTESIAN_POINT('',(-0.139759004638,-78.74298550269,
    -89.3161491733));
#1124 = CARTESIAN_POINT('',(-0.139759004636,-78.59669425974,
    -89.27049116084));
#1125 = CARTESIAN_POINT('',(-0.139759004637,-78.40991254343,
    -89.22049876784));
#1126 = CARTESIAN_POINT('',(-0.139759004636,-78.18501889756,
    -89.16699960106));
#1127 = CARTESIAN_POINT('',(-0.139759004637,-77.9242450936,
    -89.10973714523));
#1128 = CARTESIAN_POINT('',(-0.139759004637,-77.35456386153,
    -88.98954519591));
#1129 = CARTESIAN_POINT('',(-0.139759004637,-76.66651119333,
    -88.84437911572));
#1130 = CARTESIAN_POINT('',(-0.139759004637,-76.30818349932,
    -88.76694686429));
#1131 = CARTESIAN_POINT('',(-0.139759004637,-75.92553531193,
    -88.68020121985));
#1132 = CARTESIAN_POINT('',(-0.139759004637,-75.52011829674,
    -88.58170997008));
#1133 = CARTESIAN_POINT('',(-0.139759004637,-75.09350791999,
    -88.46870919283));
#1134 = CARTESIAN_POINT('',(-0.139759004636,-74.6474452807,
    -88.33817543061));
#1135 = CARTESIAN_POINT('',(-0.139759004637,-74.18399953055,
    -88.18693031883));
#1136 = CARTESIAN_POINT('',(-0.139759004637,-73.70569843699,
    -88.01182276661));
#1137 = CARTESIAN_POINT('',(-0.139759004637,-72.72542895796,
    -87.60812738274));
#1138 = CARTESIAN_POINT('',(-0.139759004637,-71.71137364343,
    -87.08779326758));
#1139 = CARTESIAN_POINT('',(-0.139759004637,-71.19928692053,
    -86.79604685332));
#1140 = CARTESIAN_POINT('',(-0.139759004637,-70.68589998032,
    -86.47076177725));
#1141 = CARTESIAN_POINT('',(-0.139759004637,-70.17521494484,
    -86.11062051113));
#1142 = CARTESIAN_POINT('',(-0.139759004637,-69.67126195032,
    -85.71509716301));
#1143 = CARTESIAN_POINT('',(-0.139759004637,-69.17767331244,
    -85.2844447218));
#1144 = CARTESIAN_POINT('',(-0.139759004637,-68.6973442094,
    -84.81941314077));
#1145 = CARTESIAN_POINT('',(-0.139759004637,-68.23235526661,
    -84.32085576784));
#1146 = CARTESIAN_POINT('',(-0.139759004637,-67.33576862029,
    -83.25815793755));
#1147 = CARTESIAN_POINT('',(-0.139759004637,-66.50902704325,
    -82.06611192806));
#1148 = CARTESIAN_POINT('',(-0.139759004637,-66.11388330213,
    -81.43820632916));
#1149 = CARTESIAN_POINT('',(-0.139759004637,-65.73714458894,
    -80.77859775031));
#1150 = CARTESIAN_POINT('',(-0.139759004637,-65.37853968917,
    -80.08703359791));
#1151 = CARTESIAN_POINT('',(-0.139759004637,-65.03755946381,
    -79.36279916565));
#1152 = CARTESIAN_POINT('',(-0.139759004637,-64.71362434199,
    -78.60477759348));
#1153 = CARTESIAN_POINT('',(-0.139759004637,-64.40618020639,
    -77.81154664418));
#1154 = CARTESIAN_POINT('',(-0.139759004637,-64.11474374519,
    -76.98146529823));
#1155 = CARTESIAN_POINT('',(-0.139759004637,-63.5631113273,
    -75.24399610474));
#1156 = CARTESIAN_POINT('',(-0.139759004637,-63.0728120392,
    -73.34428259162));
#1157 = CARTESIAN_POINT('',(-0.139759004637,-62.8427086596,
    -72.35195669338));
#1158 = CARTESIAN_POINT('',(-0.139759004637,-62.62746577785,
    -71.3151465166));
#1159 = CARTESIAN_POINT('',(-0.139759004636,-62.42700361395,
    -70.23178153264));
#1160 = CARTESIAN_POINT('',(-0.139759004638,-62.24133979691,
    -69.09976968146));
#1161 = CARTESIAN_POINT('',(-0.139759004636,-62.07057544625,
    -67.91701825043));
#1162 = CARTESIAN_POINT('',(-0.139759004637,-61.91488119808,
    -66.68144582055));
#1163 = CARTESIAN_POINT('',(-0.139759004637,-61.77448577702,
    -65.39098853963));
#1164 = CARTESIAN_POINT('',(-0.139759004637,-61.64966702897,
    -64.04360318933));
#1165 = CARTESIAN_POINT('',(-0.139759004637,-61.54074264521,
    -62.6372687235));
#1166 = CARTESIAN_POINT('',(2.368818602942,-90.43629540868,
    -152.6324484736));
#1167 = CARTESIAN_POINT('',(2.368818602942,-89.76198240736,
    -148.1078167741));
#1168 = CARTESIAN_POINT('',(2.368818602941,-89.13048822586,
    -143.8080371914));
#1169 = CARTESIAN_POINT('',(2.368818602942,-88.53958515663,
    -139.726810442));
#1170 = CARTESIAN_POINT('',(2.368818602941,-87.98704665483,
    -135.8578478081));
#1171 = CARTESIAN_POINT('',(2.368818602943,-87.47064745677,
    -132.1948735454));
#1172 = CARTESIAN_POINT('',(2.368818602941,-86.98816410197,
    -128.731628518));
#1173 = CARTESIAN_POINT('',(2.368818602942,-86.53737554402,
    -125.4618748548));
#1174 = CARTESIAN_POINT('',(2.368818602941,-86.11606389641,
    -122.3794021004));
#1175 = CARTESIAN_POINT('',(2.368818602942,-85.7220157159,
    -119.4780359992));
#1176 = CARTESIAN_POINT('',(2.368818602942,-84.93180738507,
    -113.639381915));
#1177 = CARTESIAN_POINT('',(2.368818602942,-84.24645145206,
    -108.5754562877));
#1178 = CARTESIAN_POINT('',(2.368818602941,-83.90765376528,
    -106.087274888));
#1179 = CARTESIAN_POINT('',(2.368818602942,-83.59214040408,
    -103.8013244389));
#1180 = CARTESIAN_POINT('',(2.368818602941,-83.29669974814,
    -101.7088822206));
#1181 = CARTESIAN_POINT('',(2.368818602942,-83.01816575015,
    -99.80141904375));
#1182 = CARTESIAN_POINT('',(2.368818602942,-82.75345070066,
    -98.0707255362));
#1183 = CARTESIAN_POINT('',(2.368818602942,-82.49960252981,
    -96.5090050132));
#1184 = CARTESIAN_POINT('',(2.368818602942,-82.25390207406,
    -95.10903833663));
#1185 = CARTESIAN_POINT('',(2.368818602942,-81.89422053493,
    -93.24236885784));
#1186 = CARTESIAN_POINT('',(2.368818602942,-81.54563560041,
    -91.71388451191));
#1187 = CARTESIAN_POINT('',(2.368818602942,-81.43055096705,
    -91.24131422175));
#1188 = CARTESIAN_POINT('',(2.368818602941,-81.31653216534,
    -90.8050774366));
#1189 = CARTESIAN_POINT('',(2.368818602943,-81.20363669001,-90.404653036
    ));
#1190 = CARTESIAN_POINT('',(2.36881860294,-81.0920557227,-90.03956901594
    ));
#1191 = CARTESIAN_POINT('',(2.368818602943,-80.98215129373,
    -89.70938762685));
#1192 = CARTESIAN_POINT('',(2.368818602941,-80.87450604395,
    -89.41366264797));
#1193 = CARTESIAN_POINT('',(2.368818602942,-80.76997278165,
    -89.15181640069));
#1194 = CARTESIAN_POINT('',(2.368818602941,-80.56935078081,
    -88.69401644034));
#1195 = CARTESIAN_POINT('',(2.368818602942,-80.39022643713,
    -88.36181067067));
#1196 = CARTESIAN_POINT('',(2.368818602941,-80.30719195114,
    -88.22555824485));
#1197 = CARTESIAN_POINT('',(2.368818602943,-80.23187288867,
    -88.11700506486));
#1198 = CARTESIAN_POINT('',(2.36881860294,-80.16533492795,
    -88.03310696043));
#1199 = CARTESIAN_POINT('',(2.368818602943,-80.10795439034,
    -87.96980304285));
#1200 = CARTESIAN_POINT('',(2.368818602941,-80.05923637479,
    -87.92170350553));
#1201 = CARTESIAN_POINT('',(2.368818602942,-80.01604356999,
    -87.88267538413));
#1202 = CARTESIAN_POINT('',(2.368818602941,-79.97365787439,
    -87.8478896822));
#1203 = CARTESIAN_POINT('',(2.368818602942,-79.92688368889,
    -87.81397945398));
#1204 = CARTESIAN_POINT('',(2.368818602942,-79.80285602449,
    -87.73649958168));
#1205 = CARTESIAN_POINT('',(2.368818602942,-79.715680743,-87.68895334989
    ));
#1206 = CARTESIAN_POINT('',(2.368818602941,-79.60338028008,
    -87.63555115145));
#1207 = CARTESIAN_POINT('',(2.368818602942,-79.4618773762,
    -87.57776824174));
#1208 = CARTESIAN_POINT('',(2.368818602941,-79.28995158482,
    -87.51808578909));
#1209 = CARTESIAN_POINT('',(2.368818602941,-79.08850404508,
    -87.45792137198));
#1210 = CARTESIAN_POINT('',(2.368818602942,-78.85880566048,
    -87.39779402909));
#1211 = CARTESIAN_POINT('',(2.368818602942,-78.6025879448,
    -87.33743050039));
#1212 = CARTESIAN_POINT('',(2.368818602942,-78.32149071908,
    -87.27588024479));
#1213 = CARTESIAN_POINT('',(2.368818602942,-77.73266472468,
    -87.15164911326));
#1214 = CARTESIAN_POINT('',(2.368818602942,-77.0625044787,
    -87.01025799524));
#1215 = CARTESIAN_POINT('',(2.368818602942,-76.72102989831,
    -86.93638147289));
#1216 = CARTESIAN_POINT('',(2.368818602941,-76.36303920792,
    -86.85503277307));
#1217 = CARTESIAN_POINT('',(2.368818602942,-75.98970223965,
    -86.76404730121));
#1218 = CARTESIAN_POINT('',(2.368818602941,-75.60220369451,
    -86.66105323439));
#1219 = CARTESIAN_POINT('',(2.368818602942,-75.2018317489,
    -86.54351661083));
#1220 = CARTESIAN_POINT('',(2.368818602941,-74.79007952283,
    -86.40880669396));
#1221 = CARTESIAN_POINT('',(2.368818602942,-74.36872664623,
    -86.25430978587));
#1222 = CARTESIAN_POINT('',(2.368818602942,-73.51099599536,
    -85.90085618201));
#1223 = CARTESIAN_POINT('',(2.368818602942,-72.63248168185,
    -85.4498562837));
#1224 = CARTESIAN_POINT('',(2.368818602942,-72.1903452714,
    -85.19781299947));
#1225 = CARTESIAN_POINT('',(2.368818602941,-71.74787832751,
    -84.9173572238));
#1226 = CARTESIAN_POINT('',(2.368818602943,-71.30778155023,
    -84.60702073611));
#1227 = CARTESIAN_POINT('',(2.36881860294,-70.87277314087,
    -84.26582987288));
#1228 = CARTESIAN_POINT('',(2.368818602942,-70.44532277123,
    -83.89329755908));
#1229 = CARTESIAN_POINT('',(2.368818602941,-70.02743960291,
    -83.48924718702));
#1230 = CARTESIAN_POINT('',(2.368818602942,-69.62062392387,
    -83.05356674254));
#1231 = CARTESIAN_POINT('',(2.368818602942,-68.83122205762,
    -82.11857287248));
#1232 = CARTESIAN_POINT('',(2.368818602941,-68.09299431491,
    -81.05486829172));
#1233 = CARTESIAN_POINT('',(2.368818602942,-67.7373528421,
    -80.49047710733));
#1234 = CARTESIAN_POINT('',(2.36881860294,-67.39549542089,
    -79.89301411467));
#1235 = CARTESIAN_POINT('',(2.368818602944,-67.0674530797,
    -79.26167638726));
#1236 = CARTESIAN_POINT('',(2.368818602939,-66.75310820899,
    -78.59537230411));
#1237 = CARTESIAN_POINT('',(2.368818602943,-66.45229919843,
    -77.89275900755));
#1238 = CARTESIAN_POINT('',(2.368818602941,-66.1648803393,
    -77.15230286242));
#1239 = CARTESIAN_POINT('',(2.368818602942,-65.89075015695,
    -76.37233355418));
#1240 = CARTESIAN_POINT('',(2.368818602941,-65.3689840065,
    -74.72982577723));
#1241 = CARTESIAN_POINT('',(2.368818602942,-64.90029102727,
    -72.91483168783));
#1242 = CARTESIAN_POINT('',(2.368818602941,-64.67923398603,
    -71.96237592179));
#1243 = CARTESIAN_POINT('',(2.368818602942,-64.47155080331,
    -70.96305739841));
#1244 = CARTESIAN_POINT('',(2.368818602941,-64.27739210198,
    -69.91493747692));
#1245 = CARTESIAN_POINT('',(2.368818602942,-64.09696935904,
    -68.81606406524));
#1246 = CARTESIAN_POINT('',(2.368818602941,-63.93054621032,
    -67.66448466369));
#1247 = CARTESIAN_POINT('',(2.368818602942,-63.77842972057,
    -66.45825382795));
#1248 = CARTESIAN_POINT('',(2.368818602942,-63.64096324407,
    -65.19543708822));
#1249 = CARTESIAN_POINT('',(2.368818602942,-63.5185208225,
    -63.87411286521));
#1250 = CARTESIAN_POINT('',(2.368818602942,-63.41150139005,
    -62.49237343123));
#1251 = CARTESIAN_POINT('',(3.380310319579,-93.52581248836,
    -152.1720128685));
#1252 = CARTESIAN_POINT('',(3.380310319579,-92.85234193724,
    -147.6530339991));
#1253 = CARTESIAN_POINT('',(3.380310319579,-92.22165808321,
    -143.3587697396));
#1254 = CARTESIAN_POINT('',(3.380310319578,-91.63152704016,
    -139.2828728712));
#1255 = CARTESIAN_POINT('',(3.38031031958,-91.07971492198,
    -135.4189961748));
#1256 = CARTESIAN_POINT('',(3.380310319577,-90.56398784254,
    -131.7607924315));
#1257 = CARTESIAN_POINT('',(3.38031031958,-90.08211191577,
    -128.3019144224));
#1258 = CARTESIAN_POINT('',(3.380310319578,-89.63185325552,
    -125.0360149286));
#1259 = CARTESIAN_POINT('',(3.380310319579,-89.2109779757,
    -121.9567467312));
#1260 = CARTESIAN_POINT('',(3.380310319579,-88.8172521902,
    -119.0577626112));
#1261 = CARTESIAN_POINT('',(3.380310319579,-88.02743137286,
    -113.2219717684));
#1262 = CARTESIAN_POINT('',(3.380310319579,-87.34163307867,
    -108.1547776437));
#1263 = CARTESIAN_POINT('',(3.380310319578,-87.00230492391,
    -105.6626768728));
#1264 = CARTESIAN_POINT('',(3.38031031958,-86.68588747995,
    -103.3700799056));
#1265 = CARTESIAN_POINT('',(3.380310319577,-86.38905773753,
    -101.2675449594));
#1266 = CARTESIAN_POINT('',(3.38031031958,-86.10849268739,-99.3456302514
    ));
#1267 = CARTESIAN_POINT('',(3.380310319577,-85.84086932025,
    -97.59489399889));
#1268 = CARTESIAN_POINT('',(3.380310319579,-85.58286462685,
    -96.00589441913));
#1269 = CARTESIAN_POINT('',(3.380310319578,-85.33115559793,
    -94.56918972937));
#1270 = CARTESIAN_POINT('',(3.380310319579,-84.95805103735,
    -92.62841235564));
#1271 = CARTESIAN_POINT('',(3.380310319578,-84.58415818012,
    -90.9878104621));
#1272 = CARTESIAN_POINT('',(3.380310319579,-84.45902426304,
    -90.47311577255));
#1273 = CARTESIAN_POINT('',(3.380310319577,-84.33297200513,
    -89.98941346844));
#1274 = CARTESIAN_POINT('',(3.380310319581,-84.20558603023,
    -89.53552332693));
#1275 = CARTESIAN_POINT('',(3.380310319576,-84.07645096217,
    -89.11026512519));
#1276 = CARTESIAN_POINT('',(3.38031031958,-83.94515142482,
    -88.71245864037));
#1277 = CARTESIAN_POINT('',(3.380310319578,-83.81127204199,
    -88.34092364962));
#1278 = CARTESIAN_POINT('',(3.380310319579,-83.67439743754,
    -87.99447993011));
#1279 = CARTESIAN_POINT('',(3.380310319578,-83.39382703308,
    -87.34941458787));
#1280 = CARTESIAN_POINT('',(3.380310319579,-83.09795273285,
    -86.79527254783));
#1281 = CARTESIAN_POINT('',(3.380310319578,-82.94577423264,
    -86.53975213052));
#1282 = CARTESIAN_POINT('',(3.38031031958,-82.78893900617,
    -86.30460209307));
#1283 = CARTESIAN_POINT('',(3.380310319577,-82.62703167728,
    -86.08864221264));
#1284 = CARTESIAN_POINT('',(3.38031031958,-82.45963686983,
    -85.89069226639));
#1285 = CARTESIAN_POINT('',(3.380310319577,-82.28633920762,
    -85.70957203149));
#1286 = CARTESIAN_POINT('',(3.380310319579,-82.10672331455,
    -85.54410128507));
#1287 = CARTESIAN_POINT('',(3.380310319578,-81.92037381441,
    -85.39309980431));
#1288 = CARTESIAN_POINT('',(3.380310319579,-81.72687533107,
    -85.25538736635));
#1289 = CARTESIAN_POINT('',(3.380310319579,-81.28173600396,
    -84.97730958112));
#1290 = CARTESIAN_POINT('',(3.380310319579,-81.02651245812,
    -84.84267932549));
#1291 = CARTESIAN_POINT('',(3.380310319578,-80.7607962333,
    -84.72378707375));
#1292 = CARTESIAN_POINT('',(3.380310319579,-80.48524171197,
    -84.61852691814));
#1293 = CARTESIAN_POINT('',(3.380310319578,-80.20050327657,
    -84.52479295092));
#1294 = CARTESIAN_POINT('',(3.380310319579,-79.90723530957,
    -84.44047926434));
#1295 = CARTESIAN_POINT('',(3.380310319578,-79.60609219341,
    -84.36347995065));
#1296 = CARTESIAN_POINT('',(3.380310319579,-79.29772831057,
    -84.29168910212));
#1297 = CARTESIAN_POINT('',(3.380310319579,-78.98279804348,
    -84.22300081099));
#1298 = CARTESIAN_POINT('',(3.380310319579,-78.36210115929,
    -84.0920455254));
#1299 = CARTESIAN_POINT('',(3.380310319579,-77.72172699304,
    -83.95693870601));
#1300 = CARTESIAN_POINT('',(3.380310319579,-77.40830832253,
    -83.88898151802));
#1301 = CARTESIAN_POINT('',(3.380310319578,-77.09136574526,
    -83.81661728217));
#1302 = CARTESIAN_POINT('',(3.380310319579,-76.7714334431,
    -83.73812691555));
#1303 = CARTESIAN_POINT('',(3.380310319578,-76.44904559788,
    -83.65179133528));
#1304 = CARTESIAN_POINT('',(3.380310319579,-76.12473639145,
    -83.55589145845));
#1305 = CARTESIAN_POINT('',(3.380310319578,-75.79904000565,
    -83.44870820217));
#1306 = CARTESIAN_POINT('',(3.380310319579,-75.47249062233,
    -83.32852248355));
#1307 = CARTESIAN_POINT('',(3.380310319578,-74.81875422436,
    -83.05870795582));
#1308 = CARTESIAN_POINT('',(3.380310319579,-74.16587929108,
    -82.72313091556));
#1309 = CARTESIAN_POINT('',(3.380310319578,-73.84019137246,
    -82.5371826844));
#1310 = CARTESIAN_POINT('',(3.38031031958,-73.5157871837,-82.33135565931
    ));
#1311 = CARTESIAN_POINT('',(3.380310319576,-73.19320090666,
    -82.10393075741));
#1312 = CARTESIAN_POINT('',(3.380310319581,-72.87296672318,
    -81.85318889578));
#1313 = CARTESIAN_POINT('',(3.380310319577,-72.5556188151,
    -81.57741099155));
#1314 = CARTESIAN_POINT('',(3.380310319579,-72.24169136427,
    -81.27487796181));
#1315 = CARTESIAN_POINT('',(3.380310319578,-71.93171855254,
    -80.94387072368));
#1316 = CARTESIAN_POINT('',(3.380310319579,-71.32075057097,
    -80.22146966481));
#1317 = CARTESIAN_POINT('',(3.380310319579,-70.72987460055,
    -79.37141910917));
#1318 = CARTESIAN_POINT('',(3.380310319578,-70.43999379997,
    -78.91276237427));
#1319 = CARTESIAN_POINT('',(3.380310319579,-70.15620436588,
    -78.41875509939));
#1320 = CARTESIAN_POINT('',(3.380310319578,-69.87904048012,
    -77.88767820163));
#1321 = CARTESIAN_POINT('',(3.380310319579,-69.60903632453,
    -77.3178125981));
#1322 = CARTESIAN_POINT('',(3.380310319578,-69.34672608096,
    -76.7074392059));
#1323 = CARTESIAN_POINT('',(3.380310319579,-69.09264393126,
    -76.05483894214));
#1324 = CARTESIAN_POINT('',(3.380310319579,-68.84732405726,
    -75.35829272392));
#1325 = CARTESIAN_POINT('',(3.380310319579,-68.3752772244,
    -73.87387021279));
#1326 = CARTESIAN_POINT('',(3.380310319578,-67.94255294915,
    -72.19991122066));
#1327 = CARTESIAN_POINT('',(3.380310319579,-67.73655563278,
    -71.31382852145));
#1328 = CARTESIAN_POINT('',(3.380310319577,-67.5414573195,
    -70.37692353621));
#1329 = CARTESIAN_POINT('',(3.380310319581,-67.35779219117,
    -69.38747718203));
#1330 = CARTESIAN_POINT('',(3.380310319576,-67.18609442962,
    -68.34377037603));
#1331 = CARTESIAN_POINT('',(3.380310319581,-67.02689821672,
    -67.2440840353));
#1332 = CARTESIAN_POINT('',(3.380310319577,-66.88073773429,
    -66.08669907696));
#1333 = CARTESIAN_POINT('',(3.380310319579,-66.74814716419,
    -64.8698964181));
#1334 = CARTESIAN_POINT('',(3.380310319578,-66.62966068827,
    -63.59195697584));
#1335 = CARTESIAN_POINT('',(3.380310319579,-66.52581248836,
    -62.25116166727));
#1336 = CARTESIAN_POINT('',(2.368818602942,-96.61532956804,
    -151.7115772633));
#1337 = CARTESIAN_POINT('',(2.368818602942,-95.94270146712,
    -147.1982512241));
#1338 = CARTESIAN_POINT('',(2.368818602941,-95.31282794056,
    -142.9095022879));
#1339 = CARTESIAN_POINT('',(2.368818602942,-94.72346892368,
    -138.8389353003));
#1340 = CARTESIAN_POINT('',(2.36881860294,-94.17238318913,
    -134.9801445414));
#1341 = CARTESIAN_POINT('',(2.368818602943,-93.65732822831,
    -131.3267113175));
#1342 = CARTESIAN_POINT('',(2.36881860294,-93.17605972958,
    -127.8722003269));
#1343 = CARTESIAN_POINT('',(2.368818602942,-92.72633096702,
    -124.6101550024));
#1344 = CARTESIAN_POINT('',(2.368818602941,-92.305892055,-121.534091362)
  );
#1345 = CARTESIAN_POINT('',(2.368818602942,-91.91248866449,
    -118.6374892232));
#1346 = CARTESIAN_POINT('',(2.368818602942,-91.12305536064,
    -112.8045616218));
#1347 = CARTESIAN_POINT('',(2.368818602942,-90.43681470528,
    -107.7340989997));
#1348 = CARTESIAN_POINT('',(2.368818602942,-90.09695608254,
    -105.2380788576));
#1349 = CARTESIAN_POINT('',(2.368818602942,-89.77963455581,
    -102.9388353722));
#1350 = CARTESIAN_POINT('',(2.368818602942,-89.48141572693,
    -100.8262076981));
#1351 = CARTESIAN_POINT('',(2.368818602941,-89.19881962463,
    -98.88984145905));
#1352 = CARTESIAN_POINT('',(2.368818602942,-88.92828793985,
    -97.11906246158));
#1353 = CARTESIAN_POINT('',(2.368818602942,-88.66612672389,
    -95.50278382506));
#1354 = CARTESIAN_POINT('',(2.368818602942,-88.4084091218,
    -94.02934112212));
#1355 = CARTESIAN_POINT('',(2.368818602942,-88.02188153976,
    -92.01445585344));
#1356 = CARTESIAN_POINT('',(2.368818602942,-87.62268075984,
    -90.26173641229));
#1357 = CARTESIAN_POINT('',(2.368818602942,-87.48749755904,
    -89.70491732334));
#1358 = CARTESIAN_POINT('',(2.368818602941,-87.34941184492,
    -89.17374950028));
#1359 = CARTESIAN_POINT('',(2.368818602942,-87.20753537045,
    -88.66639361787));
#1360 = CARTESIAN_POINT('',(2.368818602941,-87.06084620166,
    -88.18096123444));
#1361 = CARTESIAN_POINT('',(2.368818602942,-86.9081515559,
    -87.71552965389));
#1362 = CARTESIAN_POINT('',(2.368818602942,-86.74803804003,
    -87.26818465126));
#1363 = CARTESIAN_POINT('',(2.368818602942,-86.57882209343,
    -86.83714345953));
#1364 = CARTESIAN_POINT('',(2.368818602942,-86.21830328534,
    -86.00481273539));
#1365 = CARTESIAN_POINT('',(2.368818602942,-85.80567902857,
    -85.22873442498));
#1366 = CARTESIAN_POINT('',(2.368818602942,-85.58435651414,
    -84.85394601618));
#1367 = CARTESIAN_POINT('',(2.368818602941,-85.34600512367,
    -84.49219912127));
#1368 = CARTESIAN_POINT('',(2.368818602942,-85.08872842662,
    -84.14417746485));
#1369 = CARTESIAN_POINT('',(2.368818602941,-84.8113193493,
    -83.81158148994));
#1370 = CARTESIAN_POINT('',(2.368818602942,-84.51344204047,
    -83.49744055743));
#1371 = CARTESIAN_POINT('',(2.368818602942,-84.19740305909,
    -83.20552718601));
#1372 = CARTESIAN_POINT('',(2.368818602942,-83.86708975443,
    -82.93830992642));
#1373 = CARTESIAN_POINT('',(2.368818602942,-83.52686697325,
    -82.69679527872));
#1374 = CARTESIAN_POINT('',(2.368818602942,-82.76061598342,
    -82.21811958055));
#1375 = CARTESIAN_POINT('',(2.368818602941,-82.33734417323,
    -81.9964053011));
#1376 = CARTESIAN_POINT('',(2.368818602942,-81.91821218652,
    -81.81202299604));
#1377 = CARTESIAN_POINT('',(2.368818602941,-81.50860604773,
    -81.65928559454));
#1378 = CARTESIAN_POINT('',(2.368818602943,-81.11105496832,
    -81.53150011273));
#1379 = CARTESIAN_POINT('',(2.36881860294,-80.72596657406,
    -81.42303715671));
#1380 = CARTESIAN_POINT('',(2.368818602943,-80.35337872635,
    -81.32916587222));
#1381 = CARTESIAN_POINT('',(2.368818602941,-79.99286867633,
    -81.24594770386));
#1382 = CARTESIAN_POINT('',(2.368818602942,-79.64410536789,
    -81.17012137719));
#1383 = CARTESIAN_POINT('',(2.368818602942,-78.9915375939,
    -81.03244193754));
#1384 = CARTESIAN_POINT('',(2.368818602942,-78.38094950738,
    -80.90361941677));
#1385 = CARTESIAN_POINT('',(2.368818602942,-78.09558674675,
    -80.84158156316));
#1386 = CARTESIAN_POINT('',(2.368818602941,-77.81969228261,
    -80.77820179127));
#1387 = CARTESIAN_POINT('',(2.368818602942,-77.55316464655,
    -80.7122065299));
#1388 = CARTESIAN_POINT('',(2.368818602941,-77.29588750125,
    -80.64252943617));
#1389 = CARTESIAN_POINT('',(2.368818602943,-77.04764103399,
    -80.56826630607));
#1390 = CARTESIAN_POINT('',(2.368818602941,-76.80800048847,
    -80.48860971039));
#1391 = CARTESIAN_POINT('',(2.368818602942,-76.57625459843,
    -80.40273518123));
#1392 = CARTESIAN_POINT('',(2.368818602941,-76.12651245335,
    -80.21655972964));
#1393 = CARTESIAN_POINT('',(2.368818602942,-75.69927690031,
    -79.99640554742));
#1394 = CARTESIAN_POINT('',(2.368818602941,-75.49003747351,
    -79.87655236933));
#1395 = CARTESIAN_POINT('',(2.368818602942,-75.2836960399,
    -79.74535409482));
#1396 = CARTESIAN_POINT('',(2.368818602941,-75.07862026309,
    -79.60084077872));
#1397 = CARTESIAN_POINT('',(2.368818602942,-74.87316030548,
    -79.44054791868));
#1398 = CARTESIAN_POINT('',(2.368818602941,-74.66591485897,
    -79.26152442403));
#1399 = CARTESIAN_POINT('',(2.368818602942,-74.45594312563,
    -79.06050873661));
#1400 = CARTESIAN_POINT('',(2.368818602941,-74.24281318121,
    -78.83417470481));
#1401 = CARTESIAN_POINT('',(2.368818602942,-73.81027908432,
    -78.32436645713));
#1402 = CARTESIAN_POINT('',(2.368818602941,-73.36675488619,
    -77.68796992663));
#1403 = CARTESIAN_POINT('',(2.368818602942,-73.14263475784,
    -77.33504764121));
#1404 = CARTESIAN_POINT('',(2.36881860294,-72.91691331088,
    -76.94449608412));
#1405 = CARTESIAN_POINT('',(2.368818602944,-72.69062788053,
    -76.51368001599));
#1406 = CARTESIAN_POINT('',(2.368818602939,-72.46496444007,
    -76.04025289209));
#1407 = CARTESIAN_POINT('',(2.368818602943,-72.24115296348,
    -75.52211940425));
#1408 = CARTESIAN_POINT('',(2.368818602941,-72.02040752322,
    -74.95737502186));
#1409 = CARTESIAN_POINT('',(2.368818602942,-71.80389795758,
    -74.34425189367));
#1410 = CARTESIAN_POINT('',(2.368818602942,-71.3815704423,
    -73.01791464834));
#1411 = CARTESIAN_POINT('',(2.368818602942,-70.98481487103,
    -71.48499075348));
#1412 = CARTESIAN_POINT('',(2.368818602942,-70.79387727952,
    -70.66528112112));
#1413 = CARTESIAN_POINT('',(2.368818602941,-70.61136383569,-69.790789674
    ));
#1414 = CARTESIAN_POINT('',(2.368818602943,-70.43819228036,
    -68.86001688716));
#1415 = CARTESIAN_POINT('',(2.36881860294,-70.2752195002,-67.87147668681
    ));
#1416 = CARTESIAN_POINT('',(2.368818602943,-70.12325022311,
    -66.82368340692));
#1417 = CARTESIAN_POINT('',(2.368818602941,-69.983045748,-65.71514432596
    ));
#1418 = CARTESIAN_POINT('',(2.368818602942,-69.85533108431,
    -64.54435574799));
#1419 = CARTESIAN_POINT('',(2.368818602941,-69.74080055403,
    -63.30980108646));
#1420 = CARTESIAN_POINT('',(2.368818602942,-69.64012358667,
    -62.0099499033));
#1421 = CARTESIAN_POINT('',(-0.139759004637,-98.47119460905,
    -151.434994768));
#1422 = CARTESIAN_POINT('',(-0.139759004637,-97.79907256582,
    -146.9250643695));
#1423 = CARTESIAN_POINT('',(-0.139759004637,-97.1696858009,
    -142.6396284739));
#1424 = CARTESIAN_POINT('',(-0.139759004636,-96.58079053818,
    -138.5722631322));
#1425 = CARTESIAN_POINT('',(-0.139759004639,-96.03014114042,
    -134.716527483));
#1426 = CARTESIAN_POINT('',(-0.139759004634,-95.51548991954,
    -131.065959898));
#1427 = CARTESIAN_POINT('',(-0.139759004639,-95.03458630128,
    -127.6140721642));
#1428 = CARTESIAN_POINT('',(-0.139759004635,-94.58517584692,
    -124.3543420294));
#1429 = CARTESIAN_POINT('',(-0.139759004638,-94.16499905992,
    -121.2802033582));
#1430 = CARTESIAN_POINT('',(-0.139759004637,-93.77178933127,
    -118.3850320694));
#1431 = CARTESIAN_POINT('',(-0.139759004637,-92.98258880579,
    -112.5538244099));
#1432 = CARTESIAN_POINT('',(-0.139759004637,-92.2960824252,
    -107.4813984097));
#1433 = CARTESIAN_POINT('',(-0.139759004637,-91.95590515168,
    -104.9830239112));
#1434 = CARTESIAN_POINT('',(-0.139759004638,-91.63804054476,
    -102.6797878794));
#1435 = CARTESIAN_POINT('',(-0.139759004635,-91.33898729516,
    -100.5610975293));
#1436 = CARTESIAN_POINT('',(-0.139759004638,-91.05517114501,
    -98.61605029235));
#1437 = CARTESIAN_POINT('',(-0.139759004636,-90.78289244122,
    -96.83323166902));
#1438 = CARTESIAN_POINT('',(-0.139759004638,-90.51823441276,
    -95.20056657259));
#1439 = CARTESIAN_POINT('',(-0.139759004637,-90.25690747606,
    -93.70505543869));
#1440 = CARTESIAN_POINT('',(-0.139759004637,-89.86231671922,
    -91.64565374627));
#1441 = CARTESIAN_POINT('',(-0.139759004637,-89.44791353459,
    -89.82558557983));
#1442 = CARTESIAN_POINT('',(-0.139759004637,-89.30669375466,
    -89.24346247144));
#1443 = CARTESIAN_POINT('',(-0.139759004637,-89.16137957404,
    -88.68378223204));
#1444 = CARTESIAN_POINT('',(-0.139759004636,-89.01079869339,
    -88.14430961523));
#1445 = CARTESIAN_POINT('',(-0.139759004637,-88.85356482098,
    -87.62273075414));
#1446 = CARTESIAN_POINT('',(-0.139759004637,-88.68801818811,
    -87.11667695081));
#1447 = CARTESIAN_POINT('',(-0.139759004637,-88.51214589534,
    -86.62379306714));
#1448 = CARTESIAN_POINT('',(-0.139759004637,-88.32350258688,
    -86.1419343893));
#1449 = CARTESIAN_POINT('',(-0.139759004637,-87.91495897635,
    -85.19711382721));
#1450 = CARTESIAN_POINT('',(-0.139759004637,-87.43220331804,
    -84.28771896444));
#1451 = CARTESIAN_POINT('',(-0.139759004637,-87.16934617037,
    -83.84128657691));
#1452 = CARTESIAN_POINT('',(-0.139759004636,-86.88202822781,
    -83.40349327216));
#1453 = CARTESIAN_POINT('',(-0.139759004638,-86.56746339417,
    -82.97614244326));
#1454 = CARTESIAN_POINT('',(-0.139759004635,-86.22396902518,
    -82.56266494185));
#1455 = CARTESIAN_POINT('',(-0.139759004638,-85.85125703988,
    -82.16861881511));
#1456 = CARTESIAN_POINT('',(-0.139759004636,-85.45326905685,
    -81.80075168087));
#1457 = CARTESIAN_POINT('',(-0.139759004637,-85.03647706146,
    -81.46372389893));
#1458 = CARTESIAN_POINT('',(-0.139759004637,-84.60811736827,
    -81.15985552822));
#1459 = CARTESIAN_POINT('',(-0.139759004637,-83.64897542049,
    -80.56068117466));
#1460 = CARTESIAN_POINT('',(-0.139759004637,-83.12475744592,
    -80.28665574388));
#1461 = CARTESIAN_POINT('',(-0.139759004637,-82.61346900177,
    -80.06293373061));
#1462 = CARTESIAN_POINT('',(-0.139759004637,-82.1233383978,
    -79.88167686841));
#1463 = CARTESIAN_POINT('',(-0.139759004636,-81.65802105046,
    -79.73343672853));
#1464 = CARTESIAN_POINT('',(-0.139759004637,-81.21777635939,
    -79.61046736784));
#1465 = CARTESIAN_POINT('',(-0.139759004637,-80.8022718434,
    -79.50646113347));
#1466 = CARTESIAN_POINT('',(-0.139759004637,-80.41043772358,
    -79.41637860319));
#1467 = CARTESIAN_POINT('',(-0.139759004637,-80.04135099336,
    -79.33626447675));
#1468 = CARTESIAN_POINT('',(-0.139759004637,-79.36963845705,
    -79.19454585488));
#1469 = CARTESIAN_POINT('',(-0.139759004637,-78.77694279275,
    -79.0694982963));
#1470 = CARTESIAN_POINT('',(-0.139759004637,-78.50843314573,
    -79.01101617176));
#1471 = CARTESIAN_POINT('',(-0.139759004637,-78.2571961786,
    -78.95303334449));
#1472 = CARTESIAN_POINT('',(-0.139759004636,-78.02274858946,
    -78.89454386103));
#1473 = CARTESIAN_POINT('',(-0.139759004638,-77.80458327577,
    -78.83487347773));
#1474 = CARTESIAN_POINT('',(-0.139759004636,-77.6020275022,
    -78.77360748629));
#1475 = CARTESIAN_POINT('',(-0.139759004637,-77.41408048075,
    -78.71048608552));
#1476 = CARTESIAN_POINT('',(-0.139759004637,-77.23928280767,
    -78.64522220048));
#1477 = CARTESIAN_POINT('',(-0.139759004637,-76.91207949075,
    -78.50928852891));
#1478 = CARTESIAN_POINT('',(-0.139759004637,-76.62038493873,
    -78.35846856354));
#1479 = CARTESIAN_POINT('',(-0.139759004637,-76.48109582439,
    -78.27831851548));
#1480 = CARTESIAN_POINT('',(-0.139759004636,-76.34567438709,
    -78.19194954137));
#1481 = CARTESIAN_POINT('',(-0.139759004638,-76.21118686848,
    -78.09724100369));
#1482 = CARTESIAN_POINT('',(-0.139759004636,-76.07467149604,
    -77.99128062854));
#1483 = CARTESIAN_POINT('',(-0.139759004638,-75.93356431776,
    -77.87037726131));
#1484 = CARTESIAN_POINT('',(-0.139759004637,-75.78603851915,
    -77.73034278285));
#1485 = CARTESIAN_POINT('',(-0.139759004637,-75.63108183848,
    -77.56688567951));
#1486 = CARTESIAN_POINT('',(-0.139759004637,-75.30573252165,
    -77.18478139206));
#1487 = CARTESIAN_POINT('',(-0.139759004637,-74.95072215785,
    -76.67672629029));
#1488 = CARTESIAN_POINT('',(-0.139759004637,-74.76610429782,
    -76.38731841939));
#1489 = CARTESIAN_POINT('',(-0.139759004637,-74.57526414283,
    -76.05891244846));
#1490 = CARTESIAN_POINT('',(-0.139759004637,-74.37954127107,
    -75.68832280536));
#1491 = CARTESIAN_POINT('',(-0.139759004637,-74.18051318525,
    -75.27282603053));
#1492 = CARTESIAN_POINT('',(-0.139759004637,-73.97982781993,
    -74.81010081833));
#1493 = CARTESIAN_POINT('',(-0.139759004637,-73.77910765612,
    -74.2981312401));
#1494 = CARTESIAN_POINT('',(-0.139759004637,-73.57990436933,
    -73.73512014962));
#1495 = CARTESIAN_POINT('',(-0.139759004637,-73.18744312149,
    -72.50374432083));
#1496 = CARTESIAN_POINT('',(-0.139759004637,-72.8122938591,
    -71.0555398497));
#1497 = CARTESIAN_POINT('',(-0.139759004637,-72.63040260596,
    -70.27570034953));
#1498 = CARTESIAN_POINT('',(-0.139759004637,-72.45544886114,
    -69.43870055581));
#1499 = CARTESIAN_POINT('',(-0.139759004636,-72.28858076839,
    -68.54317283144));
#1500 = CARTESIAN_POINT('',(-0.139759004637,-72.13084906234,
    -67.58777107059));
#1501 = CARTESIAN_POINT('',(-0.139759004637,-71.98322098719,
    -66.57114982019));
#1502 = CARTESIAN_POINT('',(-0.139759004637,-71.8465942705,
    -65.49195233336));
#1503 = CARTESIAN_POINT('',(-0.139759004637,-71.72180855137,
    -64.34880429658));
#1504 = CARTESIAN_POINT('',(-0.139759004637,-71.60965434756,
    -63.14031076234));
#1505 = CARTESIAN_POINT('',(-0.139759004637,-71.51088233152,
    -61.86505461103));
#1506 = CARTESIAN_POINT('',(-3.,-98.47119460905,-151.434994768));
#1507 = CARTESIAN_POINT('',(-3.,-97.79907256582,-146.9250643695));
#1508 = CARTESIAN_POINT('',(-3.,-97.1696858009,-142.6396284739));
#1509 = CARTESIAN_POINT('',(-3.,-96.58079053819,-138.5722631322));
#1510 = CARTESIAN_POINT('',(-3.,-96.03014114041,-134.716527483));
#1511 = CARTESIAN_POINT('',(-3.,-95.51548991955,-131.0659598979));
#1512 = CARTESIAN_POINT('',(-3.,-95.03458630128,-127.6140721642));
#1513 = CARTESIAN_POINT('',(-3.,-94.58517584692,-124.3543420294));
#1514 = CARTESIAN_POINT('',(-3.,-94.16499905992,-121.2802033582));
#1515 = CARTESIAN_POINT('',(-3.,-93.77178933127,-118.3850320694));
#1516 = CARTESIAN_POINT('',(-3.,-92.98258880579,-112.5538244099));
#1517 = CARTESIAN_POINT('',(-3.,-92.2960824252,-107.4813984097));
#1518 = CARTESIAN_POINT('',(-3.,-91.95590515169,-104.9830239112));
#1519 = CARTESIAN_POINT('',(-3.,-91.63804054475,-102.6797878794));
#1520 = CARTESIAN_POINT('',(-3.,-91.33898729516,-100.5610975293));
#1521 = CARTESIAN_POINT('',(-3.,-91.055171145,-98.61605029235));
#1522 = CARTESIAN_POINT('',(-3.,-90.78289244122,-96.83323166903));
#1523 = CARTESIAN_POINT('',(-3.,-90.51823441275,-95.20056657258));
#1524 = CARTESIAN_POINT('',(-3.,-90.25690747606,-93.70505543869));
#1525 = CARTESIAN_POINT('',(-3.,-89.86231671922,-91.64565374627));
#1526 = CARTESIAN_POINT('',(-3.,-89.44791353459,-89.82558557983));
#1527 = CARTESIAN_POINT('',(-3.,-89.30669375466,-89.24346247144));
#1528 = CARTESIAN_POINT('',(-3.,-89.16137957405,-88.68378223204));
#1529 = CARTESIAN_POINT('',(-3.,-89.01079869339,-88.14430961524));
#1530 = CARTESIAN_POINT('',(-3.,-88.85356482098,-87.62273075414));
#1531 = CARTESIAN_POINT('',(-3.,-88.68801818811,-87.11667695081));
#1532 = CARTESIAN_POINT('',(-3.,-88.51214589534,-86.62379306714));
#1533 = CARTESIAN_POINT('',(-3.,-88.32350258688,-86.1419343893));
#1534 = CARTESIAN_POINT('',(-3.,-87.91495897635,-85.19711382721));
#1535 = CARTESIAN_POINT('',(-3.,-87.43220331804,-84.28771896444));
#1536 = CARTESIAN_POINT('',(-3.,-87.16934617037,-83.84128657691));
#1537 = CARTESIAN_POINT('',(-3.,-86.8820282278,-83.40349327217));
#1538 = CARTESIAN_POINT('',(-3.,-86.56746339418,-82.97614244326));
#1539 = CARTESIAN_POINT('',(-3.,-86.22396902517,-82.56266494185));
#1540 = CARTESIAN_POINT('',(-3.,-85.85125703989,-82.16861881511));
#1541 = CARTESIAN_POINT('',(-3.,-85.45326905684,-81.80075168087));
#1542 = CARTESIAN_POINT('',(-3.,-85.03647706146,-81.46372389893));
#1543 = CARTESIAN_POINT('',(-3.,-84.60811736827,-81.15985552822));
#1544 = CARTESIAN_POINT('',(-3.,-83.64897542049,-80.56068117466));
#1545 = CARTESIAN_POINT('',(-3.,-83.12475744592,-80.28665574388));
#1546 = CARTESIAN_POINT('',(-3.,-82.61346900177,-80.06293373061));
#1547 = CARTESIAN_POINT('',(-3.,-82.1233383978,-79.88167686842));
#1548 = CARTESIAN_POINT('',(-3.,-81.65802105046,-79.73343672852));
#1549 = CARTESIAN_POINT('',(-3.,-81.21777635939,-79.61046736784));
#1550 = CARTESIAN_POINT('',(-3.,-80.8022718434,-79.50646113347));
#1551 = CARTESIAN_POINT('',(-3.,-80.41043772358,-79.41637860319));
#1552 = CARTESIAN_POINT('',(-3.,-80.04135099336,-79.33626447675));
#1553 = CARTESIAN_POINT('',(-3.,-79.36963845705,-79.19454585488));
#1554 = CARTESIAN_POINT('',(-3.,-78.77694279275,-79.0694982963));
#1555 = CARTESIAN_POINT('',(-3.,-78.50843314573,-79.01101617176));
#1556 = CARTESIAN_POINT('',(-3.,-78.2571961786,-78.9530333445));
#1557 = CARTESIAN_POINT('',(-3.,-78.02274858946,-78.89454386103));
#1558 = CARTESIAN_POINT('',(-3.,-77.80458327577,-78.83487347774));
#1559 = CARTESIAN_POINT('',(-3.,-77.60202750219,-78.77360748629));
#1560 = CARTESIAN_POINT('',(-3.,-77.41408048075,-78.71048608552));
#1561 = CARTESIAN_POINT('',(-3.,-77.23928280767,-78.64522220048));
#1562 = CARTESIAN_POINT('',(-3.,-76.91207949075,-78.50928852891));
#1563 = CARTESIAN_POINT('',(-3.,-76.62038493873,-78.35846856354));
#1564 = CARTESIAN_POINT('',(-3.,-76.48109582438,-78.27831851548));
#1565 = CARTESIAN_POINT('',(-3.,-76.34567438709,-78.19194954137));
#1566 = CARTESIAN_POINT('',(-3.,-76.21118686848,-78.09724100369));
#1567 = CARTESIAN_POINT('',(-3.,-76.07467149604,-77.99128062855));
#1568 = CARTESIAN_POINT('',(-3.,-75.93356431776,-77.87037726131));
#1569 = CARTESIAN_POINT('',(-3.,-75.78603851915,-77.73034278285));
#1570 = CARTESIAN_POINT('',(-3.,-75.63108183848,-77.56688567951));
#1571 = CARTESIAN_POINT('',(-3.,-75.30573252165,-77.18478139206));
#1572 = CARTESIAN_POINT('',(-3.,-74.95072215785,-76.67672629029));
#1573 = CARTESIAN_POINT('',(-3.,-74.76610429782,-76.38731841938));
#1574 = CARTESIAN_POINT('',(-3.,-74.57526414283,-76.05891244847));
#1575 = CARTESIAN_POINT('',(-3.,-74.37954127107,-75.68832280535));
#1576 = CARTESIAN_POINT('',(-3.,-74.18051318525,-75.27282603054));
#1577 = CARTESIAN_POINT('',(-3.,-73.97982781993,-74.81010081832));
#1578 = CARTESIAN_POINT('',(-3.,-73.77910765612,-74.2981312401));
#1579 = CARTESIAN_POINT('',(-3.,-73.57990436933,-73.73512014962));
#1580 = CARTESIAN_POINT('',(-3.,-73.18744312149,-72.50374432083));
#1581 = CARTESIAN_POINT('',(-3.,-72.8122938591,-71.0555398497));
#1582 = CARTESIAN_POINT('',(-3.,-72.63040260596,-70.27570034953));
#1583 = CARTESIAN_POINT('',(-3.,-72.45544886114,-69.43870055581));
#1584 = CARTESIAN_POINT('',(-3.,-72.28858076839,-68.54317283144));
#1585 = CARTESIAN_POINT('',(-3.,-72.13084906233,-67.58777107058));
#1586 = CARTESIAN_POINT('',(-3.,-71.98322098719,-66.57114982019));
#1587 = CARTESIAN_POINT('',(-3.,-71.8465942705,-65.49195233336));
#1588 = CARTESIAN_POINT('',(-3.,-71.72180855137,-64.34880429658));
#1589 = CARTESIAN_POINT('',(-3.,-71.60965434756,-63.14031076234));
#1590 = CARTESIAN_POINT('',(-3.,-71.51088233152,-61.86505461103));
#1591 = ADVANCED_FACE('',(#1592),#1603,.F.);
#1592 = FACE_BOUND('',#1593,.F.);
#1593 = EDGE_LOOP('',(#1594,#1595,#1596));
#1594 = ORIENTED_EDGE('',*,*,#617,.F.);
#1595 = ORIENTED_EDGE('',*,*,#885,.F.);
#1596 = ORIENTED_EDGE('',*,*,#1597,.F.);
#1597 = EDGE_CURVE('',#610,#794,#1598,.T.);
#1598 = CIRCLE('',#1599,5.);
#1599 = AXIS2_PLACEMENT_3D('',#1600,#1601,#1602);
#1600 = CARTESIAN_POINT('',(-3.,-93.52581248836,-152.1720128685));
#1601 = DIRECTION('',(1.,0.,0.));
#1602 = DIRECTION('',(0.,-1.230127111285E-14,-1.));
#1603 = SURFACE_OF_REVOLUTION('',#1604,#1609);
#1604 = CIRCLE('',#1605,5.);
#1605 = AXIS2_PLACEMENT_3D('',#1606,#1607,#1608);
#1606 = CARTESIAN_POINT('',(-3.,-93.52581248836,-152.1720128685));
#1607 = DIRECTION('',(0.,1.,-2.22044604925E-16));
#1608 = DIRECTION('',(1.,0.,0.));
#1609 = AXIS1_PLACEMENT('',#1610,#1611);
#1610 = CARTESIAN_POINT('',(-3.,-93.52581248836,-152.1720128685));
#1611 = DIRECTION('',(1.,0.,0.));
#1612 = ADVANCED_FACE('',(#1613),#1712,.F.);
#1613 = FACE_BOUND('',#1614,.F.);
#1614 = EDGE_LOOP('',(#1615,#1616,#1617,#1707));
#1615 = ORIENTED_EDGE('',*,*,#896,.F.);
#1616 = ORIENTED_EDGE('',*,*,#688,.F.);
#1617 = ORIENTED_EDGE('',*,*,#1618,.T.);
#1618 = EDGE_CURVE('',#681,#1619,#1621,.T.);
#1619 = VERTEX_POINT('',#1620);
#1620 = CARTESIAN_POINT('',(-113.,-71.51088233151,-61.86505461103));
#1621 = B_SPLINE_CURVE_WITH_KNOTS('',11,(#1622,#1623,#1624,#1625,#1626,
    #1627,#1628,#1629,#1630,#1631,#1632,#1633,#1634,#1635,#1636,#1637,
    #1638,#1639,#1640,#1641,#1642,#1643,#1644,#1645,#1646,#1647,#1648,
    #1649,#1650,#1651,#1652,#1653,#1654,#1655,#1656,#1657,#1658,#1659,
    #1660,#1661,#1662,#1663,#1664,#1665,#1666,#1667,#1668,#1669,#1670,
    #1671,#1672,#1673,#1674,#1675,#1676,#1677,#1678,#1679,#1680,#1681,
    #1682,#1683,#1684,#1685,#1686,#1687,#1688,#1689,#1690,#1691,#1692,
    #1693,#1694,#1695,#1696,#1697,#1698,#1699,#1700,#1701,#1702,#1703,
    #1704,#1705,#1706),.UNSPECIFIED.,.F.,.F.,(12,9,9,9,10,9,9,9,9,12),(
    0.,0.152296248604,0.326148124302,0.413074062151,0.5,0.605522119494,
    0.70414158962,0.802761059747,0.901380529873,1.),.UNSPECIFIED.);
#1622 = CARTESIAN_POINT('',(-113.,-98.47119460905,-151.434994768));
#1623 = CARTESIAN_POINT('',(-113.,-97.79907256581,-146.9250643695));
#1624 = CARTESIAN_POINT('',(-112.9999999999,-97.1696858009,
    -142.6396284738));
#1625 = CARTESIAN_POINT('',(-113.,-96.5807904041,-138.5722628806));
#1626 = CARTESIAN_POINT('',(-112.9999999998,-96.03014109254,
    -134.716527393));
#1627 = CARTESIAN_POINT('',(-113.0000000001,-95.51549005634,
    -131.0659601549));
#1628 = CARTESIAN_POINT('',(-112.9999999998,-95.03458643811,
    -127.6140724208));
#1629 = CARTESIAN_POINT('',(-113.,-94.58517579903,-124.3543419396));
#1630 = CARTESIAN_POINT('',(-112.9999999999,-94.16499892585,
    -121.2802031065));
#1631 = CARTESIAN_POINT('',(-113.,-93.77178933127,-118.3850320694));
#1632 = CARTESIAN_POINT('',(-112.9999999999,-92.98258880579,
    -112.5538244099));
#1633 = CARTESIAN_POINT('',(-112.9999999999,-92.29608242519,
    -107.4813984097));
#1634 = CARTESIAN_POINT('',(-113.,-91.95590515168,-104.9830239113));
#1635 = CARTESIAN_POINT('',(-112.9999999999,-91.63804054475,
    -102.6797878794));
#1636 = CARTESIAN_POINT('',(-113.,-91.33898729516,-100.5610975294));
#1637 = CARTESIAN_POINT('',(-112.9999999999,-91.05517114501,
    -98.61605029232));
#1638 = CARTESIAN_POINT('',(-113.,-90.78289244122,-96.83323166905));
#1639 = CARTESIAN_POINT('',(-112.9999999999,-90.51823441275,
    -95.20056657258));
#1640 = CARTESIAN_POINT('',(-113.,-90.25690747606,-93.70505543869));
#1641 = CARTESIAN_POINT('',(-113.,-89.86231671922,-91.64565374627));
#1642 = CARTESIAN_POINT('',(-113.,-89.44791353459,-89.82558557983));
#1643 = CARTESIAN_POINT('',(-112.9999999999,-89.30669375466,
    -89.24346247144));
#1644 = CARTESIAN_POINT('',(-113.,-89.16137957404,-88.68378223205));
#1645 = CARTESIAN_POINT('',(-112.9999999999,-89.01079869339,
    -88.14430961523));
#1646 = CARTESIAN_POINT('',(-113.,-88.85356482098,-87.62273075415));
#1647 = CARTESIAN_POINT('',(-112.9999999999,-88.68801818811,
    -87.1166769508));
#1648 = CARTESIAN_POINT('',(-113.,-88.51214589534,-86.62379306714));
#1649 = CARTESIAN_POINT('',(-112.9999999999,-88.32350258687,
    -86.1419343893));
#1650 = CARTESIAN_POINT('',(-113.,-87.91495897635,-85.19711382721));
#1651 = CARTESIAN_POINT('',(-112.9999999999,-87.43220331803,
    -84.28771896444));
#1652 = CARTESIAN_POINT('',(-113.,-87.16934617037,-83.84128657693));
#1653 = CARTESIAN_POINT('',(-112.9999999999,-86.88202822781,
    -83.40349327214));
#1654 = CARTESIAN_POINT('',(-113.,-86.56746339417,-82.97614244329));
#1655 = CARTESIAN_POINT('',(-112.9999999999,-86.22396902518,
    -82.56266494183));
#1656 = CARTESIAN_POINT('',(-113.,-85.85125703988,-82.16861881512));
#1657 = CARTESIAN_POINT('',(-112.9999999999,-85.45326905685,
    -81.80075168086));
#1658 = CARTESIAN_POINT('',(-113.,-85.03647706146,-81.46372389893));
#1659 = CARTESIAN_POINT('',(-113.,-84.60811736827,-81.15985552822));
#1660 = CARTESIAN_POINT('',(-112.9999999999,-83.64897542049,
    -80.56068117466));
#1661 = CARTESIAN_POINT('',(-113.,-83.12475744592,-80.2866557439));
#1662 = CARTESIAN_POINT('',(-112.9999999999,-82.61346900177,
    -80.06293373057));
#1663 = CARTESIAN_POINT('',(-113.0000000001,-82.12333839779,
    -79.8816768685));
#1664 = CARTESIAN_POINT('',(-112.9999999998,-81.65802105047,
    -79.73343672842));
#1665 = CARTESIAN_POINT('',(-113.0000000001,-81.21777635938,
    -79.61046736794));
#1666 = CARTESIAN_POINT('',(-112.9999999999,-80.80227184341,
    -79.50646113341));
#1667 = CARTESIAN_POINT('',(-113.,-80.41043772358,-79.41637860322));
#1668 = CARTESIAN_POINT('',(-112.9999999999,-80.04135099336,
    -79.33626447675));
#1669 = CARTESIAN_POINT('',(-113.,-79.36963845705,-79.19454585488));
#1670 = CARTESIAN_POINT('',(-113.,-78.77694279275,-79.0694982963));
#1671 = CARTESIAN_POINT('',(-112.9999999999,-78.50843314573,
    -79.01101617174));
#1672 = CARTESIAN_POINT('',(-113.,-78.25719617859,-78.95303334454));
#1673 = CARTESIAN_POINT('',(-112.9999999998,-78.02274858947,
    -78.89454386097));
#1674 = CARTESIAN_POINT('',(-113.0000000001,-77.80458327575,
    -78.8348734778));
#1675 = CARTESIAN_POINT('',(-112.9999999999,-77.6020275022,
    -78.77360748625));
#1676 = CARTESIAN_POINT('',(-113.,-77.41408048074,-78.71048608554));
#1677 = CARTESIAN_POINT('',(-112.9999999999,-77.23928280768,
    -78.64522220048));
#1678 = CARTESIAN_POINT('',(-113.,-76.91207949075,-78.50928852891));
#1679 = CARTESIAN_POINT('',(-112.9999999999,-76.62038493873,
    -78.35846856354));
#1680 = CARTESIAN_POINT('',(-113.,-76.48109468726,-78.27831960882));
#1681 = CARTESIAN_POINT('',(-112.9999999999,-76.34567706746,
    -78.19194696424));
#1682 = CARTESIAN_POINT('',(-113.0000000001,-76.211185273,
    -78.09724253774));
#1683 = CARTESIAN_POINT('',(-112.9999999998,-76.07466990063,
    -77.99128216245));
#1684 = CARTESIAN_POINT('',(-113.,-75.93356699809,-77.87037468427));
#1685 = CARTESIAN_POINT('',(-112.9999999999,-75.78603738204,
    -77.73034387614));
#1686 = CARTESIAN_POINT('',(-113.,-75.63108183847,-77.56688567952));
#1687 = CARTESIAN_POINT('',(-112.9999999999,-75.30573252165,
    -77.18478139206));
#1688 = CARTESIAN_POINT('',(-112.9999999999,-74.95072215784,
    -76.67672629029));
#1689 = CARTESIAN_POINT('',(-113.,-74.76610429782,-76.3873184194));
#1690 = CARTESIAN_POINT('',(-112.9999999999,-74.57526414283,
    -76.05891244843));
#1691 = CARTESIAN_POINT('',(-113.,-74.37954127105,-75.6883228054));
#1692 = CARTESIAN_POINT('',(-112.9999999999,-74.18051318526,
    -75.27282603049));
#1693 = CARTESIAN_POINT('',(-113.,-73.97982781992,-74.81010081836));
#1694 = CARTESIAN_POINT('',(-112.9999999999,-73.77910765612,
    -74.29813124009));
#1695 = CARTESIAN_POINT('',(-113.,-73.57990436933,-73.73512014962));
#1696 = CARTESIAN_POINT('',(-112.9999999999,-73.18744312149,
    -72.50374432083));
#1697 = CARTESIAN_POINT('',(-113.,-72.81229385909,-71.0555398497));
#1698 = CARTESIAN_POINT('',(-113.,-72.63040260596,-70.27570034953));
#1699 = CARTESIAN_POINT('',(-112.9999999999,-72.45544886115,
    -69.4387005558));
#1700 = CARTESIAN_POINT('',(-113.,-72.28858076838,-68.54317283145));
#1701 = CARTESIAN_POINT('',(-112.9999999999,-72.13084906235,
    -67.58777107057));
#1702 = CARTESIAN_POINT('',(-113.,-71.98322098717,-66.57114982021));
#1703 = CARTESIAN_POINT('',(-112.9999999999,-71.84659427051,
    -65.49195233335));
#1704 = CARTESIAN_POINT('',(-113.,-71.72180855136,-64.34880429658));
#1705 = CARTESIAN_POINT('',(-112.9999999999,-71.60965434756,
    -63.14031076234));
#1706 = CARTESIAN_POINT('',(-113.,-71.51088233151,-61.86505461103));
#1707 = ORIENTED_EDGE('',*,*,#1708,.F.);
#1708 = EDGE_CURVE('',#897,#1619,#1709,.T.);
#1709 = B_SPLINE_CURVE_WITH_KNOTS('',1,(#1710,#1711),.UNSPECIFIED.,.F.,
  .F.,(2,2),(0.,110.),.PIECEWISE_BEZIER_KNOTS.);
#1710 = CARTESIAN_POINT('',(-3.,-71.51088233151,-61.86505461103));
#1711 = CARTESIAN_POINT('',(-113.,-71.51088233151,-61.86505461103));
#1712 = B_SPLINE_SURFACE_WITH_KNOTS('',1,11,(
    (#1713,#1714,#1715,#1716,#1717,#1718,#1719,#1720,#1721,#1722,#1723
      ,#1724,#1725,#1726,#1727,#1728,#1729,#1730,#1731,#1732,#1733,#1734
      ,#1735,#1736,#1737,#1738,#1739,#1740,#1741,#1742,#1743,#1744,#1745
      ,#1746,#1747,#1748,#1749,#1750,#1751,#1752,#1753,#1754,#1755,#1756
      ,#1757,#1758,#1759,#1760,#1761,#1762,#1763,#1764,#1765,#1766,#1767
      ,#1768,#1769,#1770,#1771,#1772,#1773,#1774,#1775,#1776,#1777,#1778
      ,#1779,#1780,#1781,#1782,#1783,#1784,#1785,#1786,#1787,#1788,#1789
      ,#1790,#1791,#1792,#1793,#1794,#1795,#1796,#1797)
    ,(#1798,#1799,#1800,#1801,#1802,#1803,#1804,#1805,#1806,#1807,#1808
      ,#1809,#1810,#1811,#1812,#1813,#1814,#1815,#1816,#1817,#1818,#1819
      ,#1820,#1821,#1822,#1823,#1824,#1825,#1826,#1827,#1828,#1829,#1830
      ,#1831,#1832,#1833,#1834,#1835,#1836,#1837,#1838,#1839,#1840,#1841
      ,#1842,#1843,#1844,#1845,#1846,#1847,#1848,#1849,#1850,#1851,#1852
      ,#1853,#1854,#1855,#1856,#1857,#1858,#1859,#1860,#1861,#1862,#1863
      ,#1864,#1865,#1866,#1867,#1868,#1869,#1870,#1871,#1872,#1873,#1874
      ,#1875,#1876,#1877,#1878,#1879,#1880,#1881,#1882
  )),.UNSPECIFIED.,.F.,.F.,.F.,(2,2),(12,9,9,9,10,9,9,9,9,12),(0.,110.),
  (0.,0.152296248604,0.326148124302,0.413074062151,0.5,0.605522119494,
    0.70414158962,0.802761059747,0.901380529873,1.),.UNSPECIFIED.);
#1713 = CARTESIAN_POINT('',(-3.,-98.47119460905,-151.434994768));
#1714 = CARTESIAN_POINT('',(-3.,-97.79907256581,-146.9250643695));
#1715 = CARTESIAN_POINT('',(-2.999999999999,-97.1696858009,
    -142.6396284738));
#1716 = CARTESIAN_POINT('',(-3.000000000001,-96.5807904041,
    -138.5722628806));
#1717 = CARTESIAN_POINT('',(-2.999999999998,-96.03014109254,
    -134.716527393));
#1718 = CARTESIAN_POINT('',(-3.000000000003,-95.51549005634,
    -131.0659601549));
#1719 = CARTESIAN_POINT('',(-2.999999999997,-95.03458643811,
    -127.6140724208));
#1720 = CARTESIAN_POINT('',(-3.000000000002,-94.58517579903,
    -124.3543419396));
#1721 = CARTESIAN_POINT('',(-2.999999999999,-94.16499892585,
    -121.2802031065));
#1722 = CARTESIAN_POINT('',(-3.,-93.77178933127,-118.3850320694));
#1723 = CARTESIAN_POINT('',(-3.,-92.98258880579,-112.5538244099));
#1724 = CARTESIAN_POINT('',(-3.,-92.29608242519,-107.4813984097));
#1725 = CARTESIAN_POINT('',(-3.,-91.95590515168,-104.9830239113));
#1726 = CARTESIAN_POINT('',(-3.,-91.63804054475,-102.6797878794));
#1727 = CARTESIAN_POINT('',(-3.,-91.33898729516,-100.5610975294));
#1728 = CARTESIAN_POINT('',(-3.,-91.05517114501,-98.61605029232));
#1729 = CARTESIAN_POINT('',(-3.,-90.78289244122,-96.83323166905));
#1730 = CARTESIAN_POINT('',(-3.,-90.51823441275,-95.20056657257));
#1731 = CARTESIAN_POINT('',(-3.,-90.25690747606,-93.70505543869));
#1732 = CARTESIAN_POINT('',(-3.,-89.86231671922,-91.64565374627));
#1733 = CARTESIAN_POINT('',(-3.,-89.44791353459,-89.82558557983));
#1734 = CARTESIAN_POINT('',(-3.,-89.30669375466,-89.24346247144));
#1735 = CARTESIAN_POINT('',(-3.000000000001,-89.16137957404,
    -88.68378223205));
#1736 = CARTESIAN_POINT('',(-2.999999999999,-89.01079869339,
    -88.14430961522));
#1737 = CARTESIAN_POINT('',(-3.000000000001,-88.85356482098,
    -87.62273075415));
#1738 = CARTESIAN_POINT('',(-2.999999999999,-88.68801818811,
    -87.1166769508));
#1739 = CARTESIAN_POINT('',(-3.,-88.51214589534,-86.62379306714));
#1740 = CARTESIAN_POINT('',(-3.,-88.32350258687,-86.1419343893));
#1741 = CARTESIAN_POINT('',(-3.,-87.91495897635,-85.19711382721));
#1742 = CARTESIAN_POINT('',(-3.,-87.43220331803,-84.28771896445));
#1743 = CARTESIAN_POINT('',(-3.000000000001,-87.16934617037,
    -83.84128657691));
#1744 = CARTESIAN_POINT('',(-2.999999999999,-86.8820282278,
    -83.40349327218));
#1745 = CARTESIAN_POINT('',(-3.000000000002,-86.56746339418,
    -82.97614244324));
#1746 = CARTESIAN_POINT('',(-2.999999999998,-86.22396902517,
    -82.56266494188));
#1747 = CARTESIAN_POINT('',(-3.000000000001,-85.85125703989,
    -82.16861881508));
#1748 = CARTESIAN_POINT('',(-2.999999999999,-85.45326905684,
    -81.80075168089));
#1749 = CARTESIAN_POINT('',(-3.,-85.03647706146,-81.46372389892));
#1750 = CARTESIAN_POINT('',(-3.,-84.60811736827,-81.15985552823));
#1751 = CARTESIAN_POINT('',(-3.,-83.64897542049,-80.56068117466));
#1752 = CARTESIAN_POINT('',(-3.000000000001,-83.12475744591,
    -80.28665574391));
#1753 = CARTESIAN_POINT('',(-2.999999999998,-82.61346900178,
    -80.06293373055));
#1754 = CARTESIAN_POINT('',(-3.000000000004,-82.12333839778,
    -79.88167686853));
#1755 = CARTESIAN_POINT('',(-2.999999999995,-81.65802105048,
    -79.73343672838));
#1756 = CARTESIAN_POINT('',(-3.000000000004,-81.21777635937,
    -79.61046736798));
#1757 = CARTESIAN_POINT('',(-2.999999999997,-80.80227184342,
    -79.50646113338));
#1758 = CARTESIAN_POINT('',(-3.000000000001,-80.41043772358,
    -79.41637860323));
#1759 = CARTESIAN_POINT('',(-3.,-80.04135099336,-79.33626447675));
#1760 = CARTESIAN_POINT('',(-3.,-79.36963845705,-79.19454585488));
#1761 = CARTESIAN_POINT('',(-3.,-78.77694279275,-79.0694982963));
#1762 = CARTESIAN_POINT('',(-2.999999999999,-78.50843314574,
    -79.01101617173));
#1763 = CARTESIAN_POINT('',(-3.000000000002,-78.25719617858,
    -78.95303334455));
#1764 = CARTESIAN_POINT('',(-2.999999999998,-78.02274858949,
    -78.89454386095));
#1765 = CARTESIAN_POINT('',(-3.000000000002,-77.80458327574,
    -78.83487347781));
#1766 = CARTESIAN_POINT('',(-2.999999999999,-77.60202750221,
    -78.77360748624));
#1767 = CARTESIAN_POINT('',(-3.000000000001,-77.41408048074,
    -78.71048608554));
#1768 = CARTESIAN_POINT('',(-3.,-77.23928280768,-78.64522220048));
#1769 = CARTESIAN_POINT('',(-3.,-76.91207949075,-78.50928852891));
#1770 = CARTESIAN_POINT('',(-3.,-76.62038493873,-78.35846856354));
#1771 = CARTESIAN_POINT('',(-3.000000000001,-76.48109468726,
    -78.27831960881));
#1772 = CARTESIAN_POINT('',(-2.999999999998,-76.34567706746,
    -78.19194696426));
#1773 = CARTESIAN_POINT('',(-3.000000000003,-76.211185273,
    -78.09724253771));
#1774 = CARTESIAN_POINT('',(-2.999999999997,-76.07466990063,
    -77.99128216249));
#1775 = CARTESIAN_POINT('',(-3.000000000002,-75.93356699809,
    -77.87037468425));
#1776 = CARTESIAN_POINT('',(-2.999999999999,-75.78603738204,
    -77.73034387615));
#1777 = CARTESIAN_POINT('',(-3.,-75.63108183847,-77.56688567952));
#1778 = CARTESIAN_POINT('',(-3.,-75.30573252165,-77.18478139206));
#1779 = CARTESIAN_POINT('',(-3.,-74.95072215785,-76.67672629029));
#1780 = CARTESIAN_POINT('',(-3.,-74.76610429781,-76.38731841939));
#1781 = CARTESIAN_POINT('',(-3.,-74.57526414284,-76.05891244844));
#1782 = CARTESIAN_POINT('',(-3.000000000001,-74.37954127104,
    -75.68832280539));
#1783 = CARTESIAN_POINT('',(-2.999999999999,-74.18051318527,
    -75.2728260305));
#1784 = CARTESIAN_POINT('',(-3.000000000001,-73.97982781991,
    -74.81010081835));
#1785 = CARTESIAN_POINT('',(-3.,-73.77910765613,-74.29813124009));
#1786 = CARTESIAN_POINT('',(-3.,-73.57990436933,-73.73512014962));
#1787 = CARTESIAN_POINT('',(-3.,-73.18744312149,-72.50374432083));
#1788 = CARTESIAN_POINT('',(-3.,-72.81229385909,-71.0555398497));
#1789 = CARTESIAN_POINT('',(-3.,-72.63040260596,-70.27570034954));
#1790 = CARTESIAN_POINT('',(-3.,-72.45544886114,-69.43870055579));
#1791 = CARTESIAN_POINT('',(-3.,-72.28858076838,-68.54317283147));
#1792 = CARTESIAN_POINT('',(-2.999999999999,-72.13084906235,
    -67.58777107055));
#1793 = CARTESIAN_POINT('',(-3.000000000001,-71.98322098718,
    -66.57114982022));
#1794 = CARTESIAN_POINT('',(-2.999999999999,-71.84659427051,
    -65.49195233334));
#1795 = CARTESIAN_POINT('',(-3.,-71.72180855136,-64.34880429658));
#1796 = CARTESIAN_POINT('',(-3.,-71.60965434756,-63.14031076234));
#1797 = CARTESIAN_POINT('',(-3.,-71.51088233151,-61.86505461103));
#1798 = CARTESIAN_POINT('',(-113.,-98.47119460905,-151.434994768));
#1799 = CARTESIAN_POINT('',(-113.,-97.79907256581,-146.9250643695));
#1800 = CARTESIAN_POINT('',(-112.9999999999,-97.1696858009,
    -142.6396284738));
#1801 = CARTESIAN_POINT('',(-113.,-96.5807904041,-138.5722628806));
#1802 = CARTESIAN_POINT('',(-112.9999999998,-96.03014109254,
    -134.716527393));
#1803 = CARTESIAN_POINT('',(-113.0000000001,-95.51549005634,
    -131.0659601549));
#1804 = CARTESIAN_POINT('',(-112.9999999998,-95.03458643811,
    -127.6140724208));
#1805 = CARTESIAN_POINT('',(-113.,-94.58517579903,-124.3543419396));
#1806 = CARTESIAN_POINT('',(-112.9999999999,-94.16499892585,
    -121.2802031065));
#1807 = CARTESIAN_POINT('',(-113.,-93.77178933127,-118.3850320694));
#1808 = CARTESIAN_POINT('',(-112.9999999999,-92.98258880579,
    -112.5538244099));
#1809 = CARTESIAN_POINT('',(-112.9999999999,-92.29608242519,
    -107.4813984097));
#1810 = CARTESIAN_POINT('',(-113.,-91.95590515168,-104.9830239113));
#1811 = CARTESIAN_POINT('',(-112.9999999999,-91.63804054475,
    -102.6797878794));
#1812 = CARTESIAN_POINT('',(-113.,-91.33898729516,-100.5610975294));
#1813 = CARTESIAN_POINT('',(-112.9999999999,-91.05517114501,
    -98.61605029232));
#1814 = CARTESIAN_POINT('',(-113.,-90.78289244122,-96.83323166905));
#1815 = CARTESIAN_POINT('',(-112.9999999999,-90.51823441275,
    -95.20056657258));
#1816 = CARTESIAN_POINT('',(-113.,-90.25690747606,-93.70505543869));
#1817 = CARTESIAN_POINT('',(-113.,-89.86231671922,-91.64565374627));
#1818 = CARTESIAN_POINT('',(-113.,-89.44791353459,-89.82558557983));
#1819 = CARTESIAN_POINT('',(-112.9999999999,-89.30669375466,
    -89.24346247144));
#1820 = CARTESIAN_POINT('',(-113.,-89.16137957404,-88.68378223205));
#1821 = CARTESIAN_POINT('',(-112.9999999999,-89.01079869339,
    -88.14430961523));
#1822 = CARTESIAN_POINT('',(-113.,-88.85356482098,-87.62273075415));
#1823 = CARTESIAN_POINT('',(-112.9999999999,-88.68801818811,
    -87.1166769508));
#1824 = CARTESIAN_POINT('',(-113.,-88.51214589534,-86.62379306714));
#1825 = CARTESIAN_POINT('',(-112.9999999999,-88.32350258687,
    -86.1419343893));
#1826 = CARTESIAN_POINT('',(-113.,-87.91495897635,-85.19711382721));
#1827 = CARTESIAN_POINT('',(-112.9999999999,-87.43220331803,
    -84.28771896444));
#1828 = CARTESIAN_POINT('',(-113.,-87.16934617037,-83.84128657693));
#1829 = CARTESIAN_POINT('',(-112.9999999999,-86.88202822781,
    -83.40349327214));
#1830 = CARTESIAN_POINT('',(-113.,-86.56746339417,-82.97614244329));
#1831 = CARTESIAN_POINT('',(-112.9999999999,-86.22396902518,
    -82.56266494183));
#1832 = CARTESIAN_POINT('',(-113.,-85.85125703988,-82.16861881512));
#1833 = CARTESIAN_POINT('',(-112.9999999999,-85.45326905685,
    -81.80075168086));
#1834 = CARTESIAN_POINT('',(-113.,-85.03647706146,-81.46372389893));
#1835 = CARTESIAN_POINT('',(-113.,-84.60811736827,-81.15985552822));
#1836 = CARTESIAN_POINT('',(-112.9999999999,-83.64897542049,
    -80.56068117466));
#1837 = CARTESIAN_POINT('',(-113.,-83.12475744592,-80.2866557439));
#1838 = CARTESIAN_POINT('',(-112.9999999999,-82.61346900177,
    -80.06293373057));
#1839 = CARTESIAN_POINT('',(-113.0000000001,-82.12333839779,
    -79.8816768685));
#1840 = CARTESIAN_POINT('',(-112.9999999998,-81.65802105047,
    -79.73343672842));
#1841 = CARTESIAN_POINT('',(-113.0000000001,-81.21777635938,
    -79.61046736794));
#1842 = CARTESIAN_POINT('',(-112.9999999999,-80.80227184341,
    -79.50646113341));
#1843 = CARTESIAN_POINT('',(-113.,-80.41043772358,-79.41637860322));
#1844 = CARTESIAN_POINT('',(-112.9999999999,-80.04135099336,
    -79.33626447675));
#1845 = CARTESIAN_POINT('',(-113.,-79.36963845705,-79.19454585488));
#1846 = CARTESIAN_POINT('',(-113.,-78.77694279275,-79.0694982963));
#1847 = CARTESIAN_POINT('',(-112.9999999999,-78.50843314573,
    -79.01101617174));
#1848 = CARTESIAN_POINT('',(-113.,-78.25719617859,-78.95303334454));
#1849 = CARTESIAN_POINT('',(-112.9999999998,-78.02274858947,
    -78.89454386097));
#1850 = CARTESIAN_POINT('',(-113.0000000001,-77.80458327575,
    -78.8348734778));
#1851 = CARTESIAN_POINT('',(-112.9999999999,-77.6020275022,
    -78.77360748625));
#1852 = CARTESIAN_POINT('',(-113.,-77.41408048074,-78.71048608554));
#1853 = CARTESIAN_POINT('',(-112.9999999999,-77.23928280768,
    -78.64522220048));
#1854 = CARTESIAN_POINT('',(-113.,-76.91207949075,-78.50928852891));
#1855 = CARTESIAN_POINT('',(-112.9999999999,-76.62038493873,
    -78.35846856354));
#1856 = CARTESIAN_POINT('',(-113.,-76.48109468726,-78.27831960882));
#1857 = CARTESIAN_POINT('',(-112.9999999999,-76.34567706746,
    -78.19194696424));
#1858 = CARTESIAN_POINT('',(-113.0000000001,-76.211185273,
    -78.09724253774));
#1859 = CARTESIAN_POINT('',(-112.9999999998,-76.07466990063,
    -77.99128216245));
#1860 = CARTESIAN_POINT('',(-113.,-75.93356699809,-77.87037468427));
#1861 = CARTESIAN_POINT('',(-112.9999999999,-75.78603738204,
    -77.73034387614));
#1862 = CARTESIAN_POINT('',(-113.,-75.63108183847,-77.56688567952));
#1863 = CARTESIAN_POINT('',(-112.9999999999,-75.30573252165,
    -77.18478139206));
#1864 = CARTESIAN_POINT('',(-112.9999999999,-74.95072215784,
    -76.67672629029));
#1865 = CARTESIAN_POINT('',(-113.,-74.76610429782,-76.3873184194));
#1866 = CARTESIAN_POINT('',(-112.9999999999,-74.57526414283,
    -76.05891244843));
#1867 = CARTESIAN_POINT('',(-113.,-74.37954127105,-75.6883228054));
#1868 = CARTESIAN_POINT('',(-112.9999999999,-74.18051318526,
    -75.27282603049));
#1869 = CARTESIAN_POINT('',(-113.,-73.97982781992,-74.81010081836));
#1870 = CARTESIAN_POINT('',(-112.9999999999,-73.77910765612,
    -74.29813124009));
#1871 = CARTESIAN_POINT('',(-113.,-73.57990436933,-73.73512014962));
#1872 = CARTESIAN_POINT('',(-112.9999999999,-73.18744312149,
    -72.50374432083));
#1873 = CARTESIAN_POINT('',(-113.,-72.81229385909,-71.0555398497));
#1874 = CARTESIAN_POINT('',(-113.,-72.63040260596,-70.27570034953));
#1875 = CARTESIAN_POINT('',(-112.9999999999,-72.45544886115,
    -69.4387005558));
#1876 = CARTESIAN_POINT('',(-113.,-72.28858076838,-68.54317283145));
#1877 = CARTESIAN_POINT('',(-112.9999999999,-72.13084906235,
    -67.58777107057));
#1878 = CARTESIAN_POINT('',(-113.,-71.98322098717,-66.57114982021));
#1879 = CARTESIAN_POINT('',(-112.9999999999,-71.84659427051,
    -65.49195233335));
#1880 = CARTESIAN_POINT('',(-113.,-71.72180855136,-64.34880429658));
#1881 = CARTESIAN_POINT('',(-112.9999999999,-71.60965434756,
    -63.14031076234));
#1882 = CARTESIAN_POINT('',(-113.,-71.51088233151,-61.86505461103));
#1883 = ADVANCED_FACE('',(#1884),#1906,.F.);
#1884 = FACE_BOUND('',#1885,.F.);
#1885 = EDGE_LOOP('',(#1886,#1887,#1896));
#1886 = ORIENTED_EDGE('',*,*,#752,.F.);
#1887 = ORIENTED_EDGE('',*,*,#1888,.T.);
#1888 = EDGE_CURVE('',#753,#1889,#1891,.T.);
#1889 = VERTEX_POINT('',#1890);
#1890 = CARTESIAN_POINT('',(-113.,-88.58043036768,-152.9090309689));
#1891 = CIRCLE('',#1892,5.000000000001);
#1892 = AXIS2_PLACEMENT_3D('',#1893,#1894,#1895);
#1893 = CARTESIAN_POINT('',(-113.,-93.52581248836,-152.1720128685));
#1894 = DIRECTION('',(1.,0.,0.));
#1895 = DIRECTION('',(0.,-1.230127111284E-14,-1.));
#1896 = ORIENTED_EDGE('',*,*,#1897,.F.);
#1897 = EDGE_CURVE('',#706,#1889,#1898,.T.);
#1898 = ( BOUNDED_CURVE() B_SPLINE_CURVE(6,(#1899,#1900,#1901,#1902,
#1903,#1904,#1905),.UNSPECIFIED.,.F.,.F.) B_SPLINE_CURVE_WITH_KNOTS((7,7
),(1.570796326795,4.712388980385),.PIECEWISE_BEZIER_KNOTS.) CURVE() 
GEOMETRIC_REPRESENTATION_ITEM() RATIONAL_B_SPLINE_CURVE((1.132556574715,
    1.036346631341,0.992316309354,0.976461899693,0.992316309354,
1.036346631341,1.132556574715)) REPRESENTATION_ITEM('') );
#1899 = CARTESIAN_POINT('',(-113.,-98.47119460905,-151.434994768));
#1900 = CARTESIAN_POINT('',(-115.8602409953,-98.47119460905,
    -151.434994768));
#1901 = CARTESIAN_POINT('',(-118.3688186029,-96.61532956804,
    -151.7115772633));
#1902 = CARTESIAN_POINT('',(-119.3803103195,-93.52581248836,
    -152.1720128685));
#1903 = CARTESIAN_POINT('',(-118.3688186029,-90.43629540868,
    -152.6324484736));
#1904 = CARTESIAN_POINT('',(-115.8602409953,-88.58043036768,
    -152.9090309689));
#1905 = CARTESIAN_POINT('',(-113.,-88.58043036768,-152.9090309689));
#1906 = SURFACE_OF_REVOLUTION('',#1907,#1912);
#1907 = CIRCLE('',#1908,5.);
#1908 = AXIS2_PLACEMENT_3D('',#1909,#1910,#1911);
#1909 = CARTESIAN_POINT('',(-113.,-93.52581248836,-152.1720128685));
#1910 = DIRECTION('',(0.,1.,-2.22044604925E-16));
#1911 = DIRECTION('',(1.,0.,0.));
#1912 = AXIS1_PLACEMENT('',#1913,#1914);
#1913 = CARTESIAN_POINT('',(-3.,-93.52581248836,-152.1720128685));
#1914 = DIRECTION('',(1.,0.,0.));
#1915 = ADVANCED_FACE('',(#1916),#2021,.F.);
#1916 = FACE_BOUND('',#1917,.F.);
#1917 = EDGE_LOOP('',(#1918,#1919,#1920,#1921,#2011));
#1918 = ORIENTED_EDGE('',*,*,#1618,.F.);
#1919 = ORIENTED_EDGE('',*,*,#705,.T.);
#1920 = ORIENTED_EDGE('',*,*,#1897,.T.);
#1921 = ORIENTED_EDGE('',*,*,#1922,.T.);
#1922 = EDGE_CURVE('',#1889,#1923,#1925,.T.);
#1923 = VERTEX_POINT('',#1924);
#1924 = CARTESIAN_POINT('',(-113.,-61.54074264521,-62.6372687235));
#1925 = ( BOUNDED_CURVE() B_SPLINE_CURVE(11,(#1926,#1927,#1928,#1929,
    #1930,#1931,#1932,#1933,#1934,#1935,#1936,#1937,#1938,#1939,#1940,
    #1941,#1942,#1943,#1944,#1945,#1946,#1947,#1948,#1949,#1950,#1951,
    #1952,#1953,#1954,#1955,#1956,#1957,#1958,#1959,#1960,#1961,#1962,
    #1963,#1964,#1965,#1966,#1967,#1968,#1969,#1970,#1971,#1972,#1973,
    #1974,#1975,#1976,#1977,#1978,#1979,#1980,#1981,#1982,#1983,#1984,
    #1985,#1986,#1987,#1988,#1989,#1990,#1991,#1992,#1993,#1994,#1995,
    #1996,#1997,#1998,#1999,#2000,#2001,#2002,#2003,#2004,#2005,#2006,
    #2007,#2008,#2009,#2010),.UNSPECIFIED.,.F.,.F.) 
B_SPLINE_CURVE_WITH_KNOTS((12,9,9,9,10,9,9,9,9,12),(0.,0.152296248604,
    0.326148124302,0.413074062151,0.5,0.605522119494,0.70414158962,
0.802761059747,0.901380529873,1.),.UNSPECIFIED.) CURVE() 
GEOMETRIC_REPRESENTATION_ITEM() RATIONAL_B_SPLINE_CURVE((1.132556574715,
    1.132556574715,1.132556574715,1.132556574716,1.132556574714,
    1.132556574717,1.132556574713,1.132556574716,1.132556574715,
    1.132556574715,1.132556574715,1.132556574715,1.132556574715,
    1.132556574715,1.132556574715,1.132556574715,1.132556574715,
    1.132556574715,1.132556574715,1.132556574715,1.132556574715,
    1.132556574715,1.132556574715,1.132556574715,1.132556574715,
    1.132556574715,1.132556574715,1.132556574715,1.132556574715,
    1.132556574715,1.132556574715,1.132556574714,1.132556574716,
    1.132556574714,1.132556574715,1.132556574715,1.132556574715,
    1.132556574715,1.132556574715,1.132556574715,1.132556574714,
    1.132556574716,1.132556574714,1.132556574716,1.132556574714,
    1.132556574715,1.132556574715,1.132556574715,1.132556574715,
    1.132556574715,1.132556574715,1.132556574714,1.132556574716,
    1.132556574715,1.132556574715,1.132556574715,1.132556574715,
    1.132556574715,1.132556574715,1.132556574714,1.132556574716,
    1.132556574714,1.132556574716,1.132556574715,1.132556574715,
    1.132556574715,1.132556574715,1.132556574715,1.132556574714,
    1.132556574716,1.132556574714,1.132556574716,1.132556574715,
    1.132556574715,1.132556574715,1.132556574715,1.132556574715,
    1.132556574715,1.132556574716,1.132556574714,1.132556574716,
    1.132556574714,1.132556574715,1.132556574715,1.132556574715)) 
REPRESENTATION_ITEM('') );
#1926 = CARTESIAN_POINT('',(-113.,-88.58043036768,-152.9090309689));
#1927 = CARTESIAN_POINT('',(-112.9999999999,-87.90561130867,
    -148.3810036287));
#1928 = CARTESIAN_POINT('',(-113.,-87.27363036552,-144.0779110054));
#1929 = CARTESIAN_POINT('',(-112.9999999999,-86.68226354214,
    -139.9934826101));
#1930 = CARTESIAN_POINT('',(-113.,-86.12928870352,-136.1214648666));
#1931 = CARTESIAN_POINT('',(-112.9999999999,-85.61248576557,
    -132.455624965));
#1932 = CARTESIAN_POINT('',(-113.,-85.12963753023,-128.9897566807));
#1933 = CARTESIAN_POINT('',(-112.9999999999,-84.67853066413,
    -125.7176878279));
#1934 = CARTESIAN_POINT('',(-113.,-84.25695689147,-122.6332901042));
#1935 = CARTESIAN_POINT('',(-112.9999999999,-83.86271504913,
    -119.7304931529));
#1936 = CARTESIAN_POINT('',(-113.,-83.07227393992,-113.8901191269));
#1937 = CARTESIAN_POINT('',(-112.9999999999,-82.38718373215,
    -108.8281568777));
#1938 = CARTESIAN_POINT('',(-113.,-82.04870469613,-106.3423298343));
#1939 = CARTESIAN_POINT('',(-112.9999999999,-81.73373441515,
    -104.0603719318));
#1940 = CARTESIAN_POINT('',(-113.,-81.43912817989,-101.9739923894));
#1941 = CARTESIAN_POINT('',(-112.9999999999,-81.16181422979,
    -100.0752102104));
#1942 = CARTESIAN_POINT('',(-113.,-80.89884619926,-98.35655632877));
#1943 = CARTESIAN_POINT('',(-112.9999999999,-80.64749484097,
    -96.81122226566));
#1944 = CARTESIAN_POINT('',(-113.,-80.40540371979,-95.43332402006));
#1945 = CARTESIAN_POINT('',(-112.9999999999,-80.05378535547,
    -93.61117096501));
#1946 = CARTESIAN_POINT('',(-113.,-79.72040282566,-92.15003534438));
#1947 = CARTESIAN_POINT('',(-113.,-79.61135477143,-91.70276907365));
#1948 = CARTESIAN_POINT('',(-112.9999999999,-79.50456443621,
    -91.29504470483));
#1949 = CARTESIAN_POINT('',(-113.,-79.40037336708,-90.92673703863));
#1950 = CARTESIAN_POINT('',(-112.9999999999,-79.29933710335,
    -90.59779949624));
#1951 = CARTESIAN_POINT('',(-113.,-79.20228466153,-90.30824032993));
#1952 = CARTESIAN_POINT('',(-112.9999999999,-79.11039818863,
    -90.0580542321));
#1953 = CARTESIAN_POINT('',(-113.,-79.0252922882,-89.84702547092));
#1954 = CARTESIAN_POINT('',(-112.9999999999,-78.8726950898,
    -89.50171534853));
#1955 = CARTESIAN_POINT('',(-113.,-78.76370214766,-89.30282613121));
#1956 = CARTESIAN_POINT('',(-112.9999999999,-78.72220229491,
    -89.23821768412));
#1957 = CARTESIAN_POINT('',(-113.,-78.69584978451,-89.20571091397));
#1958 = CARTESIAN_POINT('',(-112.9999999999,-78.6865999604,
    -89.20114198201));
#1959 = CARTESIAN_POINT('',(-113.,-78.69530471445,-89.21871959094));
#1960 = CARTESIAN_POINT('',(-112.9999999999,-78.72142137538,
    -89.25052524786));
#1961 = CARTESIAN_POINT('',(-113.,-78.76017757224,-89.28745088927));
#1962 = CARTESIAN_POINT('',(-112.9999999999,-78.80427056736,
    -89.32247570968));
#1963 = CARTESIAN_POINT('',(-113.,-78.84563329386,-89.35091920449));
#1964 = CARTESIAN_POINT('',(-113.,-78.91449658742,-89.39393798757));
#1965 = CARTESIAN_POINT('',(-112.9999999999,-78.92826747031,
    -89.3987029071));
#1966 = CARTESIAN_POINT('',(-113.,-78.90812346485,-89.38464041688));
#1967 = CARTESIAN_POINT('',(-112.9999999999,-78.84714502611,
    -89.35537696787));
#1968 = CARTESIAN_POINT('',(-113.,-78.74298550273,-89.3161491733));
#1969 = CARTESIAN_POINT('',(-112.9999999999,-78.5966942597,
    -89.27049116085));
#1970 = CARTESIAN_POINT('',(-113.,-78.40991254346,-89.22049876784));
#1971 = CARTESIAN_POINT('',(-112.9999999999,-78.18501889754,
    -89.16699960106));
#1972 = CARTESIAN_POINT('',(-113.,-77.92424509361,-89.10973714523));
#1973 = CARTESIAN_POINT('',(-112.9999999999,-77.35456386153,
    -88.98954519591));
#1974 = CARTESIAN_POINT('',(-113.,-76.66651119333,-88.84437911572));
#1975 = CARTESIAN_POINT('',(-113.,-76.30818349932,-88.76694686429));
#1976 = CARTESIAN_POINT('',(-113.,-75.92553531193,-88.68020121986));
#1977 = CARTESIAN_POINT('',(-113.,-75.52011829674,-88.58170997007));
#1978 = CARTESIAN_POINT('',(-113.,-75.09350791999,-88.46870919284));
#1979 = CARTESIAN_POINT('',(-113.,-74.6474452807,-88.3381754306));
#1980 = CARTESIAN_POINT('',(-113.,-74.18399953054,-88.18693031884));
#1981 = CARTESIAN_POINT('',(-113.,-73.70569843699,-88.01182276661));
#1982 = CARTESIAN_POINT('',(-113.,-72.72542895796,-87.60812738274));
#1983 = CARTESIAN_POINT('',(-113.,-71.71137364342,-87.08779326758));
#1984 = CARTESIAN_POINT('',(-113.,-71.19928692053,-86.79604685332));
#1985 = CARTESIAN_POINT('',(-112.9999999999,-70.68589998031,
    -86.47076177725));
#1986 = CARTESIAN_POINT('',(-113.,-70.17521494485,-86.11062051113));
#1987 = CARTESIAN_POINT('',(-112.9999999999,-69.67126195031,
    -85.71509716301));
#1988 = CARTESIAN_POINT('',(-113.,-69.17767331244,-85.2844447218));
#1989 = CARTESIAN_POINT('',(-112.9999999999,-68.69734420939,
    -84.81941314077));
#1990 = CARTESIAN_POINT('',(-113.,-68.23235526661,-84.32085576784));
#1991 = CARTESIAN_POINT('',(-112.9999999999,-67.33576862029,
    -83.25815793755));
#1992 = CARTESIAN_POINT('',(-113.,-66.50902704325,-82.06611192806));
#1993 = CARTESIAN_POINT('',(-112.9999999999,-66.11388330214,
    -81.43820632916));
#1994 = CARTESIAN_POINT('',(-113.,-65.7371445889,-80.77859775032));
#1995 = CARTESIAN_POINT('',(-112.9999999999,-65.37853968922,
    -80.0870335979));
#1996 = CARTESIAN_POINT('',(-113.,-65.03755946375,-79.36279916566));
#1997 = CARTESIAN_POINT('',(-112.9999999999,-64.71362434203,
    -78.60477759347));
#1998 = CARTESIAN_POINT('',(-113.,-64.40618020637,-77.81154664418));
#1999 = CARTESIAN_POINT('',(-112.9999999999,-64.11474374519,
    -76.98146529823));
#2000 = CARTESIAN_POINT('',(-113.,-63.5631113273,-75.24399610474));
#2001 = CARTESIAN_POINT('',(-112.9999999999,-63.0728120392,
    -73.34428259162));
#2002 = CARTESIAN_POINT('',(-113.,-62.84270865962,-72.35195669337));
#2003 = CARTESIAN_POINT('',(-112.9999999999,-62.62746577779,
    -71.31514651661));
#2004 = CARTESIAN_POINT('',(-112.9999999999,-62.42700361404,
    -70.23178153263));
#2005 = CARTESIAN_POINT('',(-113.,-62.2413397968,-69.09976968147));
#2006 = CARTESIAN_POINT('',(-112.9999999999,-62.07057544633,
    -67.91701825042));
#2007 = CARTESIAN_POINT('',(-113.,-61.91488119802,-66.68144582056));
#2008 = CARTESIAN_POINT('',(-112.9999999999,-61.77448577704,
    -65.39098853963));
#2009 = CARTESIAN_POINT('',(-113.,-61.64966702897,-64.04360318933));
#2010 = CARTESIAN_POINT('',(-113.,-61.54074264521,-62.6372687235));
#2011 = ORIENTED_EDGE('',*,*,#2012,.F.);
#2012 = EDGE_CURVE('',#1619,#1923,#2013,.T.);
#2013 = ( BOUNDED_CURVE() B_SPLINE_CURVE(6,(#2014,#2015,#2016,#2017,
#2018,#2019,#2020),.UNSPECIFIED.,.F.,.F.) B_SPLINE_CURVE_WITH_KNOTS((7,7
),(1.570796326795,4.712388980385),.PIECEWISE_BEZIER_KNOTS.) CURVE() 
GEOMETRIC_REPRESENTATION_ITEM() RATIONAL_B_SPLINE_CURVE((1.132556574715,
    1.036346631341,0.992316309354,0.976461899693,0.992316309354,
1.036346631341,1.132556574715)) REPRESENTATION_ITEM('') );
#2014 = CARTESIAN_POINT('',(-113.,-71.51088233151,-61.86505461103));
#2015 = CARTESIAN_POINT('',(-115.8602409953,-71.51088233151,
    -61.86505461103));
#2016 = CARTESIAN_POINT('',(-118.3688186029,-69.64012358667,
    -62.0099499033));
#2017 = CARTESIAN_POINT('',(-119.3803103195,-66.52581248836,
    -62.25116166727));
#2018 = CARTESIAN_POINT('',(-118.3688186029,-63.41150139005,
    -62.49237343123));
#2019 = CARTESIAN_POINT('',(-115.8602409953,-61.54074264521,
    -62.6372687235));
#2020 = CARTESIAN_POINT('',(-113.,-61.54074264521,-62.6372687235));
#2021 = ( BOUNDED_SURFACE() B_SPLINE_SURFACE(6,11,(
    (#2022,#2023,#2024,#2025,#2026,#2027,#2028,#2029,#2030,#2031,#2032
      ,#2033,#2034,#2035,#2036,#2037,#2038,#2039,#2040,#2041,#2042,#2043
      ,#2044,#2045,#2046,#2047,#2048,#2049,#2050,#2051,#2052,#2053,#2054
      ,#2055,#2056,#2057,#2058,#2059,#2060,#2061,#2062,#2063,#2064,#2065
      ,#2066,#2067,#2068,#2069,#2070,#2071,#2072,#2073,#2074,#2075,#2076
      ,#2077,#2078,#2079,#2080,#2081,#2082,#2083,#2084,#2085,#2086,#2087
      ,#2088,#2089,#2090,#2091,#2092,#2093,#2094,#2095,#2096,#2097,#2098
      ,#2099,#2100,#2101,#2102,#2103,#2104,#2105,#2106)
    ,(#2107,#2108,#2109,#2110,#2111,#2112,#2113,#2114,#2115,#2116,#2117
      ,#2118,#2119,#2120,#2121,#2122,#2123,#2124,#2125,#2126,#2127,#2128
      ,#2129,#2130,#2131,#2132,#2133,#2134,#2135,#2136,#2137,#2138,#2139
      ,#2140,#2141,#2142,#2143,#2144,#2145,#2146,#2147,#2148,#2149,#2150
      ,#2151,#2152,#2153,#2154,#2155,#2156,#2157,#2158,#2159,#2160,#2161
      ,#2162,#2163,#2164,#2165,#2166,#2167,#2168,#2169,#2170,#2171,#2172
      ,#2173,#2174,#2175,#2176,#2177,#2178,#2179,#2180,#2181,#2182,#2183
      ,#2184,#2185,#2186,#2187,#2188,#2189,#2190,#2191)
    ,(#2192,#2193,#2194,#2195,#2196,#2197,#2198,#2199,#2200,#2201,#2202
      ,#2203,#2204,#2205,#2206,#2207,#2208,#2209,#2210,#2211,#2212,#2213
      ,#2214,#2215,#2216,#2217,#2218,#2219,#2220,#2221,#2222,#2223,#2224
      ,#2225,#2226,#2227,#2228,#2229,#2230,#2231,#2232,#2233,#2234,#2235
      ,#2236,#2237,#2238,#2239,#2240,#2241,#2242,#2243,#2244,#2245,#2246
      ,#2247,#2248,#2249,#2250,#2251,#2252,#2253,#2254,#2255,#2256,#2257
      ,#2258,#2259,#2260,#2261,#2262,#2263,#2264,#2265,#2266,#2267,#2268
      ,#2269,#2270,#2271,#2272,#2273,#2274,#2275,#2276)
    ,(#2277,#2278,#2279,#2280,#2281,#2282,#2283,#2284,#2285,#2286,#2287
      ,#2288,#2289,#2290,#2291,#2292,#2293,#2294,#2295,#2296,#2297,#2298
      ,#2299,#2300,#2301,#2302,#2303,#2304,#2305,#2306,#2307,#2308,#2309
      ,#2310,#2311,#2312,#2313,#2314,#2315,#2316,#2317,#2318,#2319,#2320
      ,#2321,#2322,#2323,#2324,#2325,#2326,#2327,#2328,#2329,#2330,#2331
      ,#2332,#2333,#2334,#2335,#2336,#2337,#2338,#2339,#2340,#2341,#2342
      ,#2343,#2344,#2345,#2346,#2347,#2348,#2349,#2350,#2351,#2352,#2353
      ,#2354,#2355,#2356,#2357,#2358,#2359,#2360,#2361)
    ,(#2362,#2363,#2364,#2365,#2366,#2367,#2368,#2369,#2370,#2371,#2372
      ,#2373,#2374,#2375,#2376,#2377,#2378,#2379,#2380,#2381,#2382,#2383
      ,#2384,#2385,#2386,#2387,#2388,#2389,#2390,#2391,#2392,#2393,#2394
      ,#2395,#2396,#2397,#2398,#2399,#2400,#2401,#2402,#2403,#2404,#2405
      ,#2406,#2407,#2408,#2409,#2410,#2411,#2412,#2413,#2414,#2415,#2416
      ,#2417,#2418,#2419,#2420,#2421,#2422,#2423,#2424,#2425,#2426,#2427
      ,#2428,#2429,#2430,#2431,#2432,#2433,#2434,#2435,#2436,#2437,#2438
      ,#2439,#2440,#2441,#2442,#2443,#2444,#2445,#2446)
    ,(#2447,#2448,#2449,#2450,#2451,#2452,#2453,#2454,#2455,#2456,#2457
      ,#2458,#2459,#2460,#2461,#2462,#2463,#2464,#2465,#2466,#2467,#2468
      ,#2469,#2470,#2471,#2472,#2473,#2474,#2475,#2476,#2477,#2478,#2479
      ,#2480,#2481,#2482,#2483,#2484,#2485,#2486,#2487,#2488,#2489,#2490
      ,#2491,#2492,#2493,#2494,#2495,#2496,#2497,#2498,#2499,#2500,#2501
      ,#2502,#2503,#2504,#2505,#2506,#2507,#2508,#2509,#2510,#2511,#2512
      ,#2513,#2514,#2515,#2516,#2517,#2518,#2519,#2520,#2521,#2522,#2523
      ,#2524,#2525,#2526,#2527,#2528,#2529,#2530,#2531)
    ,(#2532,#2533,#2534,#2535,#2536,#2537,#2538,#2539,#2540,#2541,#2542
      ,#2543,#2544,#2545,#2546,#2547,#2548,#2549,#2550,#2551,#2552,#2553
      ,#2554,#2555,#2556,#2557,#2558,#2559,#2560,#2561,#2562,#2563,#2564
      ,#2565,#2566,#2567,#2568,#2569,#2570,#2571,#2572,#2573,#2574,#2575
      ,#2576,#2577,#2578,#2579,#2580,#2581,#2582,#2583,#2584,#2585,#2586
      ,#2587,#2588,#2589,#2590,#2591,#2592,#2593,#2594,#2595,#2596,#2597
      ,#2598,#2599,#2600,#2601,#2602,#2603,#2604,#2605,#2606,#2607,#2608
      ,#2609,#2610,#2611,#2612,#2613,#2614,#2615,#2616
)),.UNSPECIFIED.,.F.,.F.,.F.) B_SPLINE_SURFACE_WITH_KNOTS((7,7),(12,9,9,
    9,10,9,9,9,9,12),(1.570796326795,4.712388980385),(0.,0.152296248604,
    0.326148124302,0.413074062151,0.5,0.605522119494,0.70414158962,
    0.802761059747,0.901380529873,1.),.UNSPECIFIED.) 
GEOMETRIC_REPRESENTATION_ITEM() RATIONAL_B_SPLINE_SURFACE((
    (1.132556574715,1.132556574715,1.132556574715,1.132556574716
      ,1.132556574714,1.132556574717,1.132556574713,1.132556574716
      ,1.132556574715,1.132556574715,1.132556574715,1.132556574715
      ,1.132556574715,1.132556574715,1.132556574715,1.132556574715
      ,1.132556574715,1.132556574715,1.132556574715,1.132556574715
      ,1.132556574715,1.132556574715,1.132556574715,1.132556574715
      ,1.132556574715,1.132556574715,1.132556574715,1.132556574715
      ,1.132556574715,1.132556574715,1.132556574715,1.132556574714
      ,1.132556574716,1.132556574714,1.132556574715,1.132556574715
      ,1.132556574715,1.132556574715,1.132556574715,1.132556574715
      ,1.132556574714,1.132556574716,1.132556574714,1.132556574716
      ,1.132556574714,1.132556574715,1.132556574715,1.132556574715
      ,1.132556574715,1.132556574715,1.132556574715,1.132556574714
      ,1.132556574716,1.132556574715,1.132556574715,1.132556574715
      ,1.132556574715,1.132556574715,1.132556574715,1.132556574714
      ,1.132556574716,1.132556574714,1.132556574716,1.132556574715
      ,1.132556574715,1.132556574715,1.132556574715,1.132556574715
      ,1.132556574714,1.132556574716,1.132556574714,1.132556574716
      ,1.132556574715,1.132556574715,1.132556574715,1.132556574715
      ,1.132556574715,1.132556574715,1.132556574716,1.132556574714
      ,1.132556574716,1.132556574714,1.132556574715,1.132556574715
      ,1.132556574715)
    ,(1.036346631341,1.036346631341,1.036346631341,1.036346631342
      ,1.03634663134,1.036346631342,1.03634663134,1.036346631342
      ,1.036346631341,1.036346631341,1.036346631341,1.036346631341
      ,1.036346631341,1.036346631341,1.036346631341,1.036346631341
      ,1.036346631341,1.036346631341,1.036346631341,1.036346631341
      ,1.036346631341,1.036346631341,1.036346631342,1.036346631341
      ,1.036346631342,1.036346631341,1.036346631341,1.036346631341
      ,1.036346631341,1.036346631341,1.036346631341,1.036346631341
      ,1.036346631342,1.036346631341,1.036346631342,1.036346631341
      ,1.036346631341,1.036346631341,1.036346631341,1.036346631341
      ,1.036346631341,1.036346631342,1.03634663134,1.036346631342
      ,1.036346631341,1.036346631342,1.036346631341,1.036346631341
      ,1.036346631341,1.036346631341,1.036346631342,1.03634663134
      ,1.036346631342,1.036346631341,1.036346631342,1.036346631341
      ,1.036346631341,1.036346631341,1.036346631342,1.03634663134
      ,1.036346631343,1.03634663134,1.036346631342,1.036346631341
      ,1.036346631341,1.036346631341,1.036346631341,1.036346631341
      ,1.036346631341,1.036346631342,1.03634663134,1.036346631342
      ,1.036346631341,1.036346631341,1.036346631341,1.036346631341
      ,1.036346631341,1.036346631341,1.036346631341,1.036346631341
      ,1.036346631341,1.036346631341,1.036346631341,1.036346631341
      ,1.036346631341)
    ,(0.992316309354,0.992316309354,0.992316309353,0.992316309354
      ,0.992316309353,0.992316309355,0.992316309352,0.992316309354
      ,0.992316309353,0.992316309354,0.992316309354,0.992316309354
      ,0.992316309354,0.992316309354,0.992316309354,0.992316309354
      ,0.992316309354,0.992316309354,0.992316309354,0.992316309354
      ,0.992316309354,0.992316309354,0.992316309354,0.992316309354
      ,0.992316309354,0.992316309354,0.992316309354,0.992316309354
      ,0.992316309354,0.992316309354,0.992316309354,0.992316309353
      ,0.992316309354,0.992316309353,0.992316309354,0.992316309354
      ,0.992316309354,0.992316309354,0.992316309354,0.992316309354
      ,0.992316309353,0.992316309355,0.992316309352,0.992316309355
      ,0.992316309353,0.992316309354,0.992316309354,0.992316309354
      ,0.992316309354,0.992316309353,0.992316309354,0.992316309353
      ,0.992316309354,0.992316309353,0.992316309354,0.992316309354
      ,0.992316309354,0.992316309354,0.992316309354,0.992316309353
      ,0.992316309355,0.992316309353,0.992316309354,0.992316309353
      ,0.992316309354,0.992316309354,0.992316309354,0.992316309354
      ,0.992316309353,0.992316309354,0.992316309353,0.992316309354
      ,0.992316309354,0.992316309354,0.992316309354,0.992316309354
      ,0.992316309354,0.992316309353,0.992316309354,0.992316309353
      ,0.992316309354,0.992316309353,0.992316309354,0.992316309354
      ,0.992316309354)
    ,(0.976461899693,0.976461899693,0.976461899693,0.976461899694
      ,0.976461899693,0.976461899694,0.976461899692,0.976461899694
      ,0.976461899693,0.976461899693,0.976461899693,0.976461899693
      ,0.976461899693,0.976461899694,0.976461899693,0.976461899694
      ,0.976461899693,0.976461899694,0.976461899693,0.976461899693
      ,0.976461899693,0.976461899693,0.976461899693,0.976461899693
      ,0.976461899693,0.976461899693,0.976461899693,0.976461899693
      ,0.976461899693,0.976461899693,0.976461899694,0.976461899693
      ,0.976461899694,0.976461899693,0.976461899694,0.976461899693
      ,0.976461899693,0.976461899693,0.976461899693,0.976461899693
      ,0.976461899693,0.976461899694,0.976461899692,0.976461899694
      ,0.976461899693,0.976461899694,0.976461899693,0.976461899693
      ,0.976461899693,0.976461899693,0.976461899694,0.976461899693
      ,0.976461899694,0.976461899693,0.976461899694,0.976461899693
      ,0.976461899693,0.976461899693,0.976461899694,0.976461899693
      ,0.976461899694,0.976461899693,0.976461899694,0.976461899693
      ,0.976461899693,0.976461899693,0.976461899693,0.976461899693
      ,0.976461899693,0.976461899694,0.976461899693,0.976461899694
      ,0.976461899693,0.976461899693,0.976461899693,0.976461899693
      ,0.976461899693,0.976461899693,0.976461899693,0.976461899693
      ,0.976461899693,0.976461899693,0.976461899693,0.976461899693
      ,0.976461899693)
    ,(0.992316309354,0.992316309354,0.992316309353,0.992316309354
      ,0.992316309353,0.992316309355,0.992316309353,0.992316309354
      ,0.992316309353,0.992316309354,0.992316309354,0.992316309354
      ,0.992316309354,0.992316309354,0.992316309354,0.992316309354
      ,0.992316309354,0.992316309354,0.992316309354,0.992316309354
      ,0.992316309354,0.992316309354,0.992316309354,0.992316309353
      ,0.992316309354,0.992316309353,0.992316309354,0.992316309354
      ,0.992316309354,0.992316309354,0.992316309354,0.992316309353
      ,0.992316309354,0.992316309353,0.992316309354,0.992316309354
      ,0.992316309354,0.992316309354,0.992316309354,0.992316309354
      ,0.992316309353,0.992316309355,0.992316309352,0.992316309355
      ,0.992316309353,0.992316309354,0.992316309354,0.992316309354
      ,0.992316309354,0.992316309353,0.992316309354,0.992316309353
      ,0.992316309354,0.992316309353,0.992316309354,0.992316309354
      ,0.992316309354,0.992316309354,0.992316309354,0.992316309353
      ,0.992316309355,0.992316309352,0.992316309354,0.992316309353
      ,0.992316309354,0.992316309354,0.992316309354,0.992316309354
      ,0.992316309353,0.992316309354,0.992316309353,0.992316309354
      ,0.992316309354,0.992316309354,0.992316309354,0.992316309354
      ,0.992316309354,0.992316309353,0.992316309354,0.992316309353
      ,0.992316309354,0.992316309353,0.992316309354,0.992316309354
      ,0.992316309354)
    ,(1.036346631341,1.036346631341,1.036346631341,1.036346631342
      ,1.036346631341,1.036346631342,1.03634663134,1.036346631342
      ,1.036346631341,1.036346631341,1.036346631341,1.036346631341
      ,1.036346631341,1.036346631341,1.036346631342,1.036346631341
      ,1.036346631341,1.036346631341,1.036346631341,1.036346631341
      ,1.036346631341,1.036346631341,1.036346631341,1.036346631341
      ,1.036346631342,1.036346631341,1.036346631341,1.036346631341
      ,1.036346631341,1.036346631341,1.036346631341,1.036346631341
      ,1.036346631342,1.036346631341,1.036346631342,1.036346631341
      ,1.036346631341,1.036346631341,1.036346631341,1.036346631341
      ,1.036346631341,1.036346631342,1.03634663134,1.036346631342
      ,1.03634663134,1.036346631342,1.036346631341,1.036346631341
      ,1.036346631341,1.036346631341,1.036346631342,1.03634663134
      ,1.036346631342,1.036346631341,1.036346631342,1.036346631341
      ,1.036346631341,1.036346631341,1.036346631342,1.03634663134
      ,1.036346631342,1.03634663134,1.036346631342,1.036346631341
      ,1.036346631341,1.036346631341,1.036346631341,1.036346631341
      ,1.036346631341,1.036346631342,1.03634663134,1.036346631342
      ,1.036346631341,1.036346631341,1.036346631341,1.036346631341
      ,1.036346631341,1.036346631341,1.036346631342,1.036346631341
      ,1.036346631342,1.036346631341,1.036346631341,1.036346631341
      ,1.036346631341)
    ,(1.132556574715,1.132556574715,1.132556574715,1.132556574716
      ,1.132556574714,1.132556574717,1.132556574713,1.132556574716
      ,1.132556574715,1.132556574715,1.132556574715,1.132556574715
      ,1.132556574715,1.132556574715,1.132556574715,1.132556574715
      ,1.132556574715,1.132556574715,1.132556574715,1.132556574715
      ,1.132556574715,1.132556574715,1.132556574715,1.132556574715
      ,1.132556574715,1.132556574715,1.132556574715,1.132556574715
      ,1.132556574715,1.132556574715,1.132556574715,1.132556574714
      ,1.132556574716,1.132556574714,1.132556574715,1.132556574715
      ,1.132556574715,1.132556574715,1.132556574715,1.132556574715
      ,1.132556574714,1.132556574716,1.132556574714,1.132556574716
      ,1.132556574714,1.132556574715,1.132556574715,1.132556574715
      ,1.132556574715,1.132556574715,1.132556574715,1.132556574714
      ,1.132556574716,1.132556574715,1.132556574715,1.132556574715
      ,1.132556574715,1.132556574715,1.132556574715,1.132556574714
      ,1.132556574716,1.132556574714,1.132556574716,1.132556574715
      ,1.132556574715,1.132556574715,1.132556574715,1.132556574715
      ,1.132556574714,1.132556574716,1.132556574714,1.132556574716
      ,1.132556574715,1.132556574715,1.132556574715,1.132556574715
      ,1.132556574715,1.132556574715,1.132556574716,1.132556574714
      ,1.132556574716,1.132556574714,1.132556574715,1.132556574715
,1.132556574715))) REPRESENTATION_ITEM('') SURFACE() );
#2022 = CARTESIAN_POINT('',(-113.,-98.47119460905,-151.434994768));
#2023 = CARTESIAN_POINT('',(-112.9999999999,-97.79907256581,
    -146.9250643695));
#2024 = CARTESIAN_POINT('',(-113.,-97.16968580091,-142.6396284739));
#2025 = CARTESIAN_POINT('',(-112.9999999999,-96.58079053817,
    -138.5722631322));
#2026 = CARTESIAN_POINT('',(-113.,-96.03014114044,-134.716527483));
#2027 = CARTESIAN_POINT('',(-112.9999999999,-95.51548991951,
    -131.0659598979));
#2028 = CARTESIAN_POINT('',(-113.,-95.03458630131,-127.6140721642));
#2029 = CARTESIAN_POINT('',(-112.9999999999,-94.5851758469,
    -124.3543420294));
#2030 = CARTESIAN_POINT('',(-113.,-94.16499905993,-121.2802033582));
#2031 = CARTESIAN_POINT('',(-112.9999999999,-93.77178933126,
    -118.3850320694));
#2032 = CARTESIAN_POINT('',(-113.,-92.98258880579,-112.5538244099));
#2033 = CARTESIAN_POINT('',(-112.9999999999,-92.29608242519,
    -107.4813984097));
#2034 = CARTESIAN_POINT('',(-113.,-91.95590515169,-104.9830239112));
#2035 = CARTESIAN_POINT('',(-112.9999999999,-91.63804054474,
    -102.6797878794));
#2036 = CARTESIAN_POINT('',(-113.,-91.33898729517,-100.5610975293));
#2037 = CARTESIAN_POINT('',(-112.9999999999,-91.055171145,
    -98.61605029236));
#2038 = CARTESIAN_POINT('',(-113.,-90.78289244122,-96.83323166902));
#2039 = CARTESIAN_POINT('',(-112.9999999999,-90.51823441275,
    -95.20056657259));
#2040 = CARTESIAN_POINT('',(-113.,-90.25690747606,-93.70505543869));
#2041 = CARTESIAN_POINT('',(-112.9999999999,-89.86231671922,
    -91.64565374627));
#2042 = CARTESIAN_POINT('',(-112.9999999999,-89.44791353459,
    -89.82558557983));
#2043 = CARTESIAN_POINT('',(-113.,-89.30669375465,-89.24346247144));
#2044 = CARTESIAN_POINT('',(-112.9999999999,-89.16137957407,
    -88.68378223204));
#2045 = CARTESIAN_POINT('',(-113.,-89.01079869336,-88.14430961523));
#2046 = CARTESIAN_POINT('',(-112.9999999999,-88.85356482101,
    -87.62273075414));
#2047 = CARTESIAN_POINT('',(-113.,-88.68801818809,-87.1166769508));
#2048 = CARTESIAN_POINT('',(-112.9999999999,-88.51214589535,
    -86.62379306714));
#2049 = CARTESIAN_POINT('',(-113.,-88.32350258687,-86.1419343893));
#2050 = CARTESIAN_POINT('',(-112.9999999999,-87.91495897635,
    -85.19711382721));
#2051 = CARTESIAN_POINT('',(-113.,-87.43220331803,-84.28771896444));
#2052 = CARTESIAN_POINT('',(-112.9999999999,-87.16934617037,
    -83.84128657691));
#2053 = CARTESIAN_POINT('',(-113.,-86.8820282278,-83.40349327217));
#2054 = CARTESIAN_POINT('',(-112.9999999999,-86.56746339418,
    -82.97614244326));
#2055 = CARTESIAN_POINT('',(-113.,-86.22396902517,-82.56266494186));
#2056 = CARTESIAN_POINT('',(-112.9999999999,-85.85125703988,
    -82.16861881511));
#2057 = CARTESIAN_POINT('',(-113.,-85.45326905685,-81.80075168087));
#2058 = CARTESIAN_POINT('',(-112.9999999999,-85.03647706146,
    -81.46372389893));
#2059 = CARTESIAN_POINT('',(-113.,-84.60811736827,-81.15985552822));
#2060 = CARTESIAN_POINT('',(-112.9999999999,-83.64897542049,
    -80.56068117466));
#2061 = CARTESIAN_POINT('',(-113.,-83.12475744592,-80.28665574388));
#2062 = CARTESIAN_POINT('',(-112.9999999999,-82.61346900176,
    -80.06293373062));
#2063 = CARTESIAN_POINT('',(-113.,-82.1233383978,-79.88167686841));
#2064 = CARTESIAN_POINT('',(-113.,-81.65802105045,-79.73343672854));
#2065 = CARTESIAN_POINT('',(-113.,-81.21777635939,-79.61046736783));
#2066 = CARTESIAN_POINT('',(-112.9999999999,-80.80227184341,
    -79.50646113347));
#2067 = CARTESIAN_POINT('',(-113.,-80.41043772358,-79.41637860319));
#2068 = CARTESIAN_POINT('',(-112.9999999999,-80.04135099336,
    -79.33626447676));
#2069 = CARTESIAN_POINT('',(-113.,-79.36963845705,-79.19454585488));
#2070 = CARTESIAN_POINT('',(-113.,-78.77694279275,-79.0694982963));
#2071 = CARTESIAN_POINT('',(-112.9999999999,-78.50843314574,
    -79.01101617176));
#2072 = CARTESIAN_POINT('',(-113.,-78.25719617857,-78.9530333445));
#2073 = CARTESIAN_POINT('',(-112.9999999999,-78.0227485895,
    -78.89454386103));
#2074 = CARTESIAN_POINT('',(-113.,-77.80458327572,-78.83487347774));
#2075 = CARTESIAN_POINT('',(-112.9999999999,-77.60202750223,
    -78.77360748629));
#2076 = CARTESIAN_POINT('',(-113.,-77.41408048073,-78.71048608552));
#2077 = CARTESIAN_POINT('',(-112.9999999999,-77.23928280768,
    -78.64522220048));
#2078 = CARTESIAN_POINT('',(-113.,-76.91207949075,-78.50928852891));
#2079 = CARTESIAN_POINT('',(-112.9999999999,-76.62038493873,
    -78.35846856354));
#2080 = CARTESIAN_POINT('',(-113.,-76.48109582438,-78.27831851548));
#2081 = CARTESIAN_POINT('',(-112.9999999999,-76.3456743871,
    -78.19194954138));
#2082 = CARTESIAN_POINT('',(-113.,-76.21118686847,-78.09724100369));
#2083 = CARTESIAN_POINT('',(-113.,-76.07467149605,-77.99128062855));
#2084 = CARTESIAN_POINT('',(-112.9999999999,-75.93356431775,
    -77.87037726131));
#2085 = CARTESIAN_POINT('',(-113.,-75.78603851915,-77.73034278285));
#2086 = CARTESIAN_POINT('',(-113.,-75.63108183847,-77.56688567952));
#2087 = CARTESIAN_POINT('',(-112.9999999999,-75.30573252165,
    -77.18478139206));
#2088 = CARTESIAN_POINT('',(-113.,-74.95072215784,-76.67672629029));
#2089 = CARTESIAN_POINT('',(-112.9999999999,-74.76610429782,
    -76.38731841938));
#2090 = CARTESIAN_POINT('',(-113.,-74.57526414283,-76.05891244847));
#2091 = CARTESIAN_POINT('',(-112.9999999999,-74.37954127106,
    -75.68832280534));
#2092 = CARTESIAN_POINT('',(-113.,-74.18051318526,-75.27282603055));
#2093 = CARTESIAN_POINT('',(-112.9999999999,-73.97982781992,
    -74.81010081832));
#2094 = CARTESIAN_POINT('',(-113.,-73.77910765612,-74.29813124011));
#2095 = CARTESIAN_POINT('',(-112.9999999999,-73.57990436933,
    -73.73512014962));
#2096 = CARTESIAN_POINT('',(-113.,-73.18744312149,-72.50374432083));
#2097 = CARTESIAN_POINT('',(-113.,-72.81229385909,-71.0555398497));
#2098 = CARTESIAN_POINT('',(-112.9999999999,-72.63040260596,
    -70.27570034953));
#2099 = CARTESIAN_POINT('',(-113.,-72.45544886113,-69.43870055581));
#2100 = CARTESIAN_POINT('',(-112.9999999999,-72.28858076841,
    -68.54317283143));
#2101 = CARTESIAN_POINT('',(-113.,-72.13084906231,-67.58777107059));
#2102 = CARTESIAN_POINT('',(-112.9999999999,-71.98322098721,
    -66.57114982019));
#2103 = CARTESIAN_POINT('',(-113.,-71.84659427049,-65.49195233336));
#2104 = CARTESIAN_POINT('',(-112.9999999999,-71.72180855137,
    -64.34880429657));
#2105 = CARTESIAN_POINT('',(-113.,-71.60965434756,-63.14031076234));
#2106 = CARTESIAN_POINT('',(-113.,-71.51088233151,-61.86505461103));
#2107 = CARTESIAN_POINT('',(-115.8602409953,-98.47119460905,
    -151.434994768));
#2108 = CARTESIAN_POINT('',(-115.8602409953,-97.79907256581,
    -146.9250643695));
#2109 = CARTESIAN_POINT('',(-115.8602409953,-97.1696858009,
    -142.6396284739));
#2110 = CARTESIAN_POINT('',(-115.8602409953,-96.58079053817,
    -138.5722631322));
#2111 = CARTESIAN_POINT('',(-115.8602409953,-96.03014114043,
    -134.716527483));
#2112 = CARTESIAN_POINT('',(-115.8602409954,-95.51548991952,
    -131.0659598979));
#2113 = CARTESIAN_POINT('',(-115.8602409953,-95.03458630129,
    -127.6140721642));
#2114 = CARTESIAN_POINT('',(-115.8602409953,-94.58517584691,
    -124.3543420294));
#2115 = CARTESIAN_POINT('',(-115.8602409953,-94.16499905993,
    -121.2802033582));
#2116 = CARTESIAN_POINT('',(-115.8602409953,-93.77178933126,
    -118.3850320694));
#2117 = CARTESIAN_POINT('',(-115.8602409953,-92.98258880579,
    -112.5538244099));
#2118 = CARTESIAN_POINT('',(-115.8602409953,-92.29608242519,
    -107.4813984097));
#2119 = CARTESIAN_POINT('',(-115.8602409953,-91.95590515169,
    -104.9830239112));
#2120 = CARTESIAN_POINT('',(-115.8602409953,-91.63804054475,
    -102.6797878794));
#2121 = CARTESIAN_POINT('',(-115.8602409953,-91.33898729517,
    -100.5610975293));
#2122 = CARTESIAN_POINT('',(-115.8602409953,-91.055171145,
    -98.61605029238));
#2123 = CARTESIAN_POINT('',(-115.8602409953,-90.78289244122,
    -96.833231669));
#2124 = CARTESIAN_POINT('',(-115.8602409953,-90.51823441275,
    -95.2005665726));
#2125 = CARTESIAN_POINT('',(-115.8602409953,-90.25690747606,
    -93.70505543869));
#2126 = CARTESIAN_POINT('',(-115.8602409953,-89.86231671922,
    -91.64565374628));
#2127 = CARTESIAN_POINT('',(-115.8602409953,-89.44791353459,
    -89.82558557983));
#2128 = CARTESIAN_POINT('',(-115.8602409953,-89.30669375464,
    -89.24346247145));
#2129 = CARTESIAN_POINT('',(-115.8602409953,-89.16137957408,
    -88.68378223203));
#2130 = CARTESIAN_POINT('',(-115.8602409954,-89.01079869333,
    -88.14430961525));
#2131 = CARTESIAN_POINT('',(-115.8602409953,-88.85356482104,
    -87.62273075412));
#2132 = CARTESIAN_POINT('',(-115.8602409953,-88.68801818807,
    -87.11667695082));
#2133 = CARTESIAN_POINT('',(-115.8602409953,-88.51214589535,
    -86.62379306713));
#2134 = CARTESIAN_POINT('',(-115.8602409953,-88.32350258687,
    -86.1419343893));
#2135 = CARTESIAN_POINT('',(-115.8602409953,-87.91495897635,
    -85.19711382721));
#2136 = CARTESIAN_POINT('',(-115.8602409953,-87.43220331803,
    -84.28771896444));
#2137 = CARTESIAN_POINT('',(-115.8602409953,-87.16934617037,
    -83.84128657692));
#2138 = CARTESIAN_POINT('',(-115.8602409953,-86.8820282278,
    -83.40349327216));
#2139 = CARTESIAN_POINT('',(-115.8602409953,-86.56746339418,
    -82.97614244327));
#2140 = CARTESIAN_POINT('',(-115.8602409953,-86.22396902517,
    -82.56266494185));
#2141 = CARTESIAN_POINT('',(-115.8602409953,-85.85125703989,
    -82.16861881511));
#2142 = CARTESIAN_POINT('',(-115.8602409953,-85.45326905684,
    -81.80075168087));
#2143 = CARTESIAN_POINT('',(-115.8602409953,-85.03647706146,
    -81.46372389893));
#2144 = CARTESIAN_POINT('',(-115.8602409953,-84.60811736827,
    -81.15985552822));
#2145 = CARTESIAN_POINT('',(-115.8602409953,-83.64897542049,
    -80.56068117466));
#2146 = CARTESIAN_POINT('',(-115.8602409953,-83.12475744591,
    -80.28665574388));
#2147 = CARTESIAN_POINT('',(-115.8602409953,-82.61346900178,
    -80.06293373061));
#2148 = CARTESIAN_POINT('',(-115.8602409953,-82.12333839778,
    -79.88167686842));
#2149 = CARTESIAN_POINT('',(-115.8602409953,-81.65802105048,
    -79.73343672853));
#2150 = CARTESIAN_POINT('',(-115.8602409953,-81.21777635937,
    -79.61046736784));
#2151 = CARTESIAN_POINT('',(-115.8602409953,-80.80227184342,
    -79.50646113347));
#2152 = CARTESIAN_POINT('',(-115.8602409953,-80.41043772357,
    -79.41637860319));
#2153 = CARTESIAN_POINT('',(-115.8602409953,-80.04135099336,
    -79.33626447676));
#2154 = CARTESIAN_POINT('',(-115.8602409953,-79.36963845705,
    -79.19454585488));
#2155 = CARTESIAN_POINT('',(-115.8602409953,-78.77694279275,
    -79.0694982963));
#2156 = CARTESIAN_POINT('',(-115.8602409953,-78.50843314573,
    -79.01101617176));
#2157 = CARTESIAN_POINT('',(-115.8602409953,-78.25719617859,
    -78.9530333445));
#2158 = CARTESIAN_POINT('',(-115.8602409953,-78.02274858947,
    -78.89454386103));
#2159 = CARTESIAN_POINT('',(-115.8602409953,-77.80458327576,
    -78.83487347774));
#2160 = CARTESIAN_POINT('',(-115.8602409953,-77.6020275022,
    -78.77360748629));
#2161 = CARTESIAN_POINT('',(-115.8602409953,-77.41408048075,
    -78.71048608552));
#2162 = CARTESIAN_POINT('',(-115.8602409953,-77.23928280767,
    -78.64522220048));
#2163 = CARTESIAN_POINT('',(-115.8602409953,-76.91207949076,
    -78.50928852891));
#2164 = CARTESIAN_POINT('',(-115.8602409953,-76.62038493872,
    -78.35846856354));
#2165 = CARTESIAN_POINT('',(-115.8602409953,-76.4810958244,
    -78.27831851548));
#2166 = CARTESIAN_POINT('',(-115.8602409953,-76.34567438705,
    -78.19194954138));
#2167 = CARTESIAN_POINT('',(-115.8602409953,-76.21118686853,
    -78.09724100367));
#2168 = CARTESIAN_POINT('',(-115.8602409954,-76.07467149599,
    -77.99128062856));
#2169 = CARTESIAN_POINT('',(-115.8602409953,-75.9335643178,
    -77.8703772613));
#2170 = CARTESIAN_POINT('',(-115.8602409953,-75.78603851913,
    -77.73034278286));
#2171 = CARTESIAN_POINT('',(-115.8602409953,-75.63108183848,
    -77.56688567951));
#2172 = CARTESIAN_POINT('',(-115.8602409953,-75.30573252165,
    -77.18478139206));
#2173 = CARTESIAN_POINT('',(-115.8602409953,-74.95072215784,
    -76.67672629029));
#2174 = CARTESIAN_POINT('',(-115.8602409953,-74.76610429783,
    -76.38731841938));
#2175 = CARTESIAN_POINT('',(-115.8602409953,-74.57526414281,
    -76.05891244847));
#2176 = CARTESIAN_POINT('',(-115.8602409953,-74.37954127109,
    -75.68832280535));
#2177 = CARTESIAN_POINT('',(-115.8602409954,-74.18051318522,
    -75.27282603054));
#2178 = CARTESIAN_POINT('',(-115.8602409953,-73.97982781995,
    -74.81010081832));
#2179 = CARTESIAN_POINT('',(-115.8602409953,-73.77910765611,
    -74.29813124011));
#2180 = CARTESIAN_POINT('',(-115.8602409953,-73.57990436933,
    -73.73512014962));
#2181 = CARTESIAN_POINT('',(-115.8602409953,-73.18744312149,
    -72.50374432083));
#2182 = CARTESIAN_POINT('',(-115.8602409953,-72.8122938591,
    -71.0555398497));
#2183 = CARTESIAN_POINT('',(-115.8602409953,-72.63040260594,
    -70.27570034954));
#2184 = CARTESIAN_POINT('',(-115.8602409953,-72.45544886118,
    -69.43870055581));
#2185 = CARTESIAN_POINT('',(-115.8602409954,-72.28858076833,
    -68.54317283144));
#2186 = CARTESIAN_POINT('',(-115.8602409952,-72.13084906241,
    -67.58777107058));
#2187 = CARTESIAN_POINT('',(-115.8602409954,-71.98322098713,
    -66.57114982019));
#2188 = CARTESIAN_POINT('',(-115.8602409953,-71.84659427054,
    -65.49195233336));
#2189 = CARTESIAN_POINT('',(-115.8602409953,-71.72180855135,
    -64.34880429658));
#2190 = CARTESIAN_POINT('',(-115.8602409953,-71.60965434756,
    -63.14031076234));
#2191 = CARTESIAN_POINT('',(-115.8602409953,-71.51088233151,
    -61.86505461103));
#2192 = CARTESIAN_POINT('',(-118.3688186029,-96.61532956804,
    -151.7115772633));
#2193 = CARTESIAN_POINT('',(-118.3688186029,-95.94270146712,
    -147.1982512241));
#2194 = CARTESIAN_POINT('',(-118.3688186029,-95.31282794057,
    -142.9095022879));
#2195 = CARTESIAN_POINT('',(-118.3688186029,-94.72346892367,
    -138.8389353003));
#2196 = CARTESIAN_POINT('',(-118.3688186029,-94.17238318915,
    -134.9801445414));
#2197 = CARTESIAN_POINT('',(-118.3688186029,-93.65732822828,
    -131.3267113176));
#2198 = CARTESIAN_POINT('',(-118.3688186029,-93.17605972961,
    -127.8722003269));
#2199 = CARTESIAN_POINT('',(-118.3688186029,-92.72633096699,
    -124.6101550025));
#2200 = CARTESIAN_POINT('',(-118.3688186029,-92.30589205501,
    -121.534091362));
#2201 = CARTESIAN_POINT('',(-118.3688186029,-91.91248866448,
    -118.6374892232));
#2202 = CARTESIAN_POINT('',(-118.3688186029,-91.12305536065,
    -112.8045616218));
#2203 = CARTESIAN_POINT('',(-118.3688186029,-90.43681470528,
    -107.7340989997));
#2204 = CARTESIAN_POINT('',(-118.3688186029,-90.09695608254,
    -105.2380788576));
#2205 = CARTESIAN_POINT('',(-118.3688186029,-89.7796345558,
    -102.9388353723));
#2206 = CARTESIAN_POINT('',(-118.3688186029,-89.48141572695,
    -100.8262076981));
#2207 = CARTESIAN_POINT('',(-118.3688186029,-89.19881962461,
    -98.88984145908));
#2208 = CARTESIAN_POINT('',(-118.3688186029,-88.92828793986,
    -97.11906246157));
#2209 = CARTESIAN_POINT('',(-118.3688186029,-88.66612672389,
    -95.50278382507));
#2210 = CARTESIAN_POINT('',(-118.3688186029,-88.4084091218,
    -94.02934112211));
#2211 = CARTESIAN_POINT('',(-118.3688186029,-88.02188153976,
    -92.01445585345));
#2212 = CARTESIAN_POINT('',(-118.3688186029,-87.62268075984,
    -90.26173641229));
#2213 = CARTESIAN_POINT('',(-118.3688186029,-87.48749755905,
    -89.70491732334));
#2214 = CARTESIAN_POINT('',(-118.3688186029,-87.34941184489,
    -89.17374950028));
#2215 = CARTESIAN_POINT('',(-118.3688186029,-87.20753537049,
    -88.66639361786));
#2216 = CARTESIAN_POINT('',(-118.3688186029,-87.0608462016,
    -88.18096123445));
#2217 = CARTESIAN_POINT('',(-118.3688186029,-86.90815155593,
    -87.71552965388));
#2218 = CARTESIAN_POINT('',(-118.3688186029,-86.74803804001,
    -87.26818465127));
#2219 = CARTESIAN_POINT('',(-118.3688186029,-86.57882209343,
    -86.83714345953));
#2220 = CARTESIAN_POINT('',(-118.3688186029,-86.21830328534,
    -86.0048127354));
#2221 = CARTESIAN_POINT('',(-118.3688186029,-85.80567902857,
    -85.22873442499));
#2222 = CARTESIAN_POINT('',(-118.3688186029,-85.58435651414,
    -84.85394601618));
#2223 = CARTESIAN_POINT('',(-118.3688186029,-85.34600512367,
    -84.49219912127));
#2224 = CARTESIAN_POINT('',(-118.3688186029,-85.08872842661,
    -84.14417746486));
#2225 = CARTESIAN_POINT('',(-118.3688186029,-84.8113193493,
    -83.81158148994));
#2226 = CARTESIAN_POINT('',(-118.3688186029,-84.51344204046,
    -83.49744055744));
#2227 = CARTESIAN_POINT('',(-118.3688186029,-84.19740305909,
    -83.20552718601));
#2228 = CARTESIAN_POINT('',(-118.3688186029,-83.86708975443,
    -82.93830992642));
#2229 = CARTESIAN_POINT('',(-118.3688186029,-83.52686697325,
    -82.69679527872));
#2230 = CARTESIAN_POINT('',(-118.3688186029,-82.76061598342,
    -82.21811958055));
#2231 = CARTESIAN_POINT('',(-118.3688186029,-82.33734417323,
    -81.9964053011));
#2232 = CARTESIAN_POINT('',(-118.3688186029,-81.91821218653,
    -81.81202299605));
#2233 = CARTESIAN_POINT('',(-118.3688186029,-81.50860604773,
    -81.65928559454));
#2234 = CARTESIAN_POINT('',(-118.3688186029,-81.11105496833,
    -81.53150011274));
#2235 = CARTESIAN_POINT('',(-118.3688186029,-80.72596657405,
    -81.4230371567));
#2236 = CARTESIAN_POINT('',(-118.3688186029,-80.35337872635,
    -81.32916587223));
#2237 = CARTESIAN_POINT('',(-118.3688186029,-79.99286867633,
    -81.24594770386));
#2238 = CARTESIAN_POINT('',(-118.3688186029,-79.64410536789,
    -81.17012137719));
#2239 = CARTESIAN_POINT('',(-118.3688186029,-78.9915375939,
    -81.03244193754));
#2240 = CARTESIAN_POINT('',(-118.3688186029,-78.38094950738,
    -80.90361941677));
#2241 = CARTESIAN_POINT('',(-118.3688186029,-78.09558674675,
    -80.84158156316));
#2242 = CARTESIAN_POINT('',(-118.3688186029,-77.8196922826,
    -80.77820179127));
#2243 = CARTESIAN_POINT('',(-118.3688186029,-77.55316464657,
    -80.7122065299));
#2244 = CARTESIAN_POINT('',(-118.3688186029,-77.29588750123,
    -80.64252943618));
#2245 = CARTESIAN_POINT('',(-118.3688186029,-77.047641034,
    -80.56826630607));
#2246 = CARTESIAN_POINT('',(-118.3688186029,-76.80800048846,
    -80.48860971039));
#2247 = CARTESIAN_POINT('',(-118.3688186029,-76.57625459843,
    -80.40273518123));
#2248 = CARTESIAN_POINT('',(-118.3688186029,-76.12651245335,
    -80.21655972964));
#2249 = CARTESIAN_POINT('',(-118.3688186029,-75.69927690031,
    -79.99640554742));
#2250 = CARTESIAN_POINT('',(-118.3688186029,-75.49003747351,
    -79.87655236933));
#2251 = CARTESIAN_POINT('',(-118.3688186029,-75.2836960399,
    -79.74535409482));
#2252 = CARTESIAN_POINT('',(-118.3688186029,-75.07862026309,
    -79.60084077871));
#2253 = CARTESIAN_POINT('',(-118.3688186029,-74.87316030549,
    -79.44054791868));
#2254 = CARTESIAN_POINT('',(-118.3688186029,-74.66591485896,
    -79.26152442403));
#2255 = CARTESIAN_POINT('',(-118.3688186029,-74.45594312563,
    -79.06050873661));
#2256 = CARTESIAN_POINT('',(-118.3688186029,-74.24281318121,
    -78.83417470481));
#2257 = CARTESIAN_POINT('',(-118.3688186029,-73.81027908432,
    -78.32436645714));
#2258 = CARTESIAN_POINT('',(-118.3688186029,-73.36675488619,
    -77.68796992663));
#2259 = CARTESIAN_POINT('',(-118.3688186029,-73.14263475785,
    -77.33504764122));
#2260 = CARTESIAN_POINT('',(-118.3688186029,-72.91691331088,
    -76.94449608411));
#2261 = CARTESIAN_POINT('',(-118.3688186029,-72.69062788053,
    -76.513680016));
#2262 = CARTESIAN_POINT('',(-118.3688186028,-72.46496444007,
    -76.04025289209));
#2263 = CARTESIAN_POINT('',(-118.3688186029,-72.24115296347,
    -75.52211940426));
#2264 = CARTESIAN_POINT('',(-118.3688186029,-72.02040752322,
    -74.95737502186));
#2265 = CARTESIAN_POINT('',(-118.3688186029,-71.80389795758,
    -74.34425189367));
#2266 = CARTESIAN_POINT('',(-118.3688186029,-71.3815704423,
    -73.01791464834));
#2267 = CARTESIAN_POINT('',(-118.3688186029,-70.98481487102,
    -71.48499075348));
#2268 = CARTESIAN_POINT('',(-118.3688186029,-70.79387727953,
    -70.66528112111));
#2269 = CARTESIAN_POINT('',(-118.3688186029,-70.61136383565,
    -69.79078967401));
#2270 = CARTESIAN_POINT('',(-118.3688186028,-70.4381922804,
    -68.86001688715));
#2271 = CARTESIAN_POINT('',(-118.3688186029,-70.27521950016,
    -67.87147668682));
#2272 = CARTESIAN_POINT('',(-118.3688186029,-70.12325022314,
    -66.82368340692));
#2273 = CARTESIAN_POINT('',(-118.3688186029,-69.98304574799,
    -65.71514432597));
#2274 = CARTESIAN_POINT('',(-118.3688186029,-69.85533108431,
    -64.54435574799));
#2275 = CARTESIAN_POINT('',(-118.3688186029,-69.74080055403,
    -63.30980108646));
#2276 = CARTESIAN_POINT('',(-118.3688186029,-69.64012358667,
    -62.0099499033));
#2277 = CARTESIAN_POINT('',(-119.3803103195,-93.52581248836,
    -152.1720128685));
#2278 = CARTESIAN_POINT('',(-119.3803103195,-92.85234193724,
    -147.6530339991));
#2279 = CARTESIAN_POINT('',(-119.3803103195,-92.22165808322,
    -143.3587697396));
#2280 = CARTESIAN_POINT('',(-119.3803103195,-91.63152704014,
    -139.2828728712));
#2281 = CARTESIAN_POINT('',(-119.3803103195,-91.079714922,
    -135.4189961748));
#2282 = CARTESIAN_POINT('',(-119.3803103195,-90.56398784252,
    -131.7607924315));
#2283 = CARTESIAN_POINT('',(-119.3803103195,-90.08211191578,
    -128.3019144224));
#2284 = CARTESIAN_POINT('',(-119.3803103195,-89.63185325551,
    -125.0360149287));
#2285 = CARTESIAN_POINT('',(-119.3803103195,-89.2109779757,
    -121.9567467312));
#2286 = CARTESIAN_POINT('',(-119.3803103195,-88.8172521902,
    -119.0577626112));
#2287 = CARTESIAN_POINT('',(-119.3803103195,-88.02743137285,
    -113.2219717684));
#2288 = CARTESIAN_POINT('',(-119.3803103195,-87.34163307867,
    -108.1547776437));
#2289 = CARTESIAN_POINT('',(-119.3803103196,-87.00230492389,
    -105.6626768728));
#2290 = CARTESIAN_POINT('',(-119.3803103195,-86.68588747999,
    -103.3700799056));
#2291 = CARTESIAN_POINT('',(-119.3803103196,-86.38905773748,
    -101.2675449594));
#2292 = CARTESIAN_POINT('',(-119.3803103194,-86.10849268744,
    -99.34563025141));
#2293 = CARTESIAN_POINT('',(-119.3803103196,-85.84086932021,
    -97.59489399889));
#2294 = CARTESIAN_POINT('',(-119.3803103195,-85.58286462687,
    -96.00589441913));
#2295 = CARTESIAN_POINT('',(-119.3803103195,-85.33115559792,
    -94.56918972937));
#2296 = CARTESIAN_POINT('',(-119.3803103195,-84.95805103735,
    -92.62841235564));
#2297 = CARTESIAN_POINT('',(-119.3803103195,-84.58415818012,
    -90.9878104621));
#2298 = CARTESIAN_POINT('',(-119.3803103195,-84.45902426304,
    -90.47311577255));
#2299 = CARTESIAN_POINT('',(-119.3803103196,-84.33297200513,
    -89.98941346843));
#2300 = CARTESIAN_POINT('',(-119.3803103195,-84.20558603022,
    -89.53552332694));
#2301 = CARTESIAN_POINT('',(-119.3803103196,-84.07645096218,
    -89.11026512518));
#2302 = CARTESIAN_POINT('',(-119.3803103195,-83.94515142481,
    -88.71245864037));
#2303 = CARTESIAN_POINT('',(-119.3803103195,-83.81127204199,
    -88.34092364962));
#2304 = CARTESIAN_POINT('',(-119.3803103195,-83.67439743754,
    -87.99447993011));
#2305 = CARTESIAN_POINT('',(-119.3803103195,-83.39382703308,
    -87.34941458787));
#2306 = CARTESIAN_POINT('',(-119.3803103195,-83.09795273285,
    -86.79527254783));
#2307 = CARTESIAN_POINT('',(-119.3803103195,-82.94577423264,
    -86.53975213052));
#2308 = CARTESIAN_POINT('',(-119.3803103195,-82.78893900615,
    -86.30460209307));
#2309 = CARTESIAN_POINT('',(-119.3803103195,-82.6270316773,
    -86.08864221264));
#2310 = CARTESIAN_POINT('',(-119.3803103195,-82.4596368698,
    -85.8906922664));
#2311 = CARTESIAN_POINT('',(-119.3803103195,-82.28633920765,
    -85.70957203148));
#2312 = CARTESIAN_POINT('',(-119.3803103195,-82.10672331453,
    -85.54410128507));
#2313 = CARTESIAN_POINT('',(-119.3803103195,-81.92037381441,
    -85.39309980431));
#2314 = CARTESIAN_POINT('',(-119.3803103195,-81.72687533107,
    -85.25538736635));
#2315 = CARTESIAN_POINT('',(-119.3803103195,-81.28173600396,
    -84.97730958112));
#2316 = CARTESIAN_POINT('',(-119.3803103195,-81.02651245811,
    -84.84267932549));
#2317 = CARTESIAN_POINT('',(-119.3803103195,-80.76079623332,
    -84.72378707376));
#2318 = CARTESIAN_POINT('',(-119.3803103195,-80.48524171194,
    -84.61852691813));
#2319 = CARTESIAN_POINT('',(-119.3803103196,-80.20050327661,
    -84.52479295093));
#2320 = CARTESIAN_POINT('',(-119.3803103195,-79.90723530953,
    -84.44047926433));
#2321 = CARTESIAN_POINT('',(-119.3803103196,-79.60609219344,
    -84.36347995067));
#2322 = CARTESIAN_POINT('',(-119.3803103195,-79.29772831056,
    -84.29168910212));
#2323 = CARTESIAN_POINT('',(-119.3803103195,-78.98279804349,
    -84.22300081099));
#2324 = CARTESIAN_POINT('',(-119.3803103195,-78.36210115929,
    -84.0920455254));
#2325 = CARTESIAN_POINT('',(-119.3803103195,-77.72172699304,
    -83.95693870601));
#2326 = CARTESIAN_POINT('',(-119.3803103195,-77.40830832253,
    -83.88898151802));
#2327 = CARTESIAN_POINT('',(-119.3803103195,-77.09136574525,
    -83.81661728218));
#2328 = CARTESIAN_POINT('',(-119.3803103195,-76.77143344313,
    -83.73812691555));
#2329 = CARTESIAN_POINT('',(-119.3803103196,-76.44904559785,
    -83.65179133529));
#2330 = CARTESIAN_POINT('',(-119.3803103195,-76.12473639147,
    -83.55589145844));
#2331 = CARTESIAN_POINT('',(-119.3803103195,-75.79904000564,
    -83.44870820218));
#2332 = CARTESIAN_POINT('',(-119.3803103195,-75.47249062234,
    -83.32852248355));
#2333 = CARTESIAN_POINT('',(-119.3803103195,-74.81875422435,
    -83.05870795583));
#2334 = CARTESIAN_POINT('',(-119.3803103195,-74.16587929108,
    -82.72313091556));
#2335 = CARTESIAN_POINT('',(-119.3803103195,-73.84019137245,
    -82.5371826844));
#2336 = CARTESIAN_POINT('',(-119.3803103195,-73.51578718371,
    -82.3313556593));
#2337 = CARTESIAN_POINT('',(-119.3803103195,-73.19320090665,
    -82.10393075742));
#2338 = CARTESIAN_POINT('',(-119.3803103195,-72.87296672319,
    -81.85318889577));
#2339 = CARTESIAN_POINT('',(-119.3803103195,-72.55561881509,
    -81.57741099156));
#2340 = CARTESIAN_POINT('',(-119.3803103195,-72.24169136428,
    -81.27487796181));
#2341 = CARTESIAN_POINT('',(-119.3803103195,-71.93171855254,
    -80.94387072368));
#2342 = CARTESIAN_POINT('',(-119.3803103195,-71.32075057097,
    -80.22146966481));
#2343 = CARTESIAN_POINT('',(-119.3803103195,-70.72987460055,
    -79.37141910918));
#2344 = CARTESIAN_POINT('',(-119.3803103195,-70.43999379998,
    -78.91276237427));
#2345 = CARTESIAN_POINT('',(-119.3803103196,-70.15620436587,
    -78.41875509939));
#2346 = CARTESIAN_POINT('',(-119.3803103195,-69.87904048013,
    -77.88767820163));
#2347 = CARTESIAN_POINT('',(-119.3803103196,-69.60903632451,
    -77.3178125981));
#2348 = CARTESIAN_POINT('',(-119.3803103195,-69.34672608097,
    -76.7074392059));
#2349 = CARTESIAN_POINT('',(-119.3803103196,-69.09264393125,
    -76.05483894214));
#2350 = CARTESIAN_POINT('',(-119.3803103195,-68.84732405726,
    -75.35829272392));
#2351 = CARTESIAN_POINT('',(-119.3803103195,-68.37527722439,
    -73.87387021279));
#2352 = CARTESIAN_POINT('',(-119.3803103195,-67.94255294915,
    -72.19991122066));
#2353 = CARTESIAN_POINT('',(-119.3803103195,-67.73655563276,
    -71.31382852145));
#2354 = CARTESIAN_POINT('',(-119.3803103195,-67.54145731952,
    -70.37692353621));
#2355 = CARTESIAN_POINT('',(-119.3803103196,-67.35779219113,
    -69.38747718203));
#2356 = CARTESIAN_POINT('',(-119.3803103195,-67.18609442966,
    -68.34377037603));
#2357 = CARTESIAN_POINT('',(-119.3803103196,-67.02689821669,
    -67.2440840353));
#2358 = CARTESIAN_POINT('',(-119.3803103195,-66.8807377343,
    -66.08669907696));
#2359 = CARTESIAN_POINT('',(-119.3803103195,-66.74814716418,
    -64.8698964181));
#2360 = CARTESIAN_POINT('',(-119.3803103195,-66.62966068827,
    -63.59195697584));
#2361 = CARTESIAN_POINT('',(-119.3803103195,-66.52581248836,
    -62.25116166727));
#2362 = CARTESIAN_POINT('',(-118.3688186029,-90.43629540868,
    -152.6324484736));
#2363 = CARTESIAN_POINT('',(-118.3688186029,-89.76198240736,
    -148.1078167741));
#2364 = CARTESIAN_POINT('',(-118.3688186029,-89.13048822586,
    -143.8080371914));
#2365 = CARTESIAN_POINT('',(-118.3688186029,-88.53958515662,
    -139.726810442));
#2366 = CARTESIAN_POINT('',(-118.3688186029,-87.98704665483,
    -135.8578478081));
#2367 = CARTESIAN_POINT('',(-118.3688186029,-87.47064745677,
    -132.1948735455));
#2368 = CARTESIAN_POINT('',(-118.3688186029,-86.98816410197,
    -128.7316285179));
#2369 = CARTESIAN_POINT('',(-118.3688186029,-86.53737554401,
    -125.4618748549));
#2370 = CARTESIAN_POINT('',(-118.3688186029,-86.11606389641,
    -122.3794021004));
#2371 = CARTESIAN_POINT('',(-118.3688186029,-85.7220157159,
    -119.4780359992));
#2372 = CARTESIAN_POINT('',(-118.3688186029,-84.93180738507,
    -113.639381915));
#2373 = CARTESIAN_POINT('',(-118.3688186029,-84.24645145206,
    -108.5754562877));
#2374 = CARTESIAN_POINT('',(-118.3688186029,-83.90765376528,
    -106.087274888));
#2375 = CARTESIAN_POINT('',(-118.3688186029,-83.59214040408,
    -103.8013244389));
#2376 = CARTESIAN_POINT('',(-118.3688186029,-83.29669974813,
    -101.7088822206));
#2377 = CARTESIAN_POINT('',(-118.3688186029,-83.01816575016,
    -99.80141904377));
#2378 = CARTESIAN_POINT('',(-118.3688186029,-82.75345070064,
    -98.07072553619));
#2379 = CARTESIAN_POINT('',(-118.3688186029,-82.49960252982,
    -96.5090050132));
#2380 = CARTESIAN_POINT('',(-118.3688186029,-82.25390207405,
    -95.10903833663));
#2381 = CARTESIAN_POINT('',(-118.3688186029,-81.89422053493,
    -93.24236885784));
#2382 = CARTESIAN_POINT('',(-118.3688186029,-81.54563560041,
    -91.71388451191));
#2383 = CARTESIAN_POINT('',(-118.3688186029,-81.43055096705,
    -91.24131422176));
#2384 = CARTESIAN_POINT('',(-118.3688186029,-81.31653216533,
    -90.80507743659));
#2385 = CARTESIAN_POINT('',(-118.3688186029,-81.20363669001,
    -90.404653036));
#2386 = CARTESIAN_POINT('',(-118.3688186028,-81.09205572269,
    -90.03956901593));
#2387 = CARTESIAN_POINT('',(-118.3688186029,-80.98215129374,
    -89.70938762685));
#2388 = CARTESIAN_POINT('',(-118.3688186029,-80.87450604394,
    -89.41366264797));
#2389 = CARTESIAN_POINT('',(-118.3688186029,-80.76997278165,
    -89.15181640069));
#2390 = CARTESIAN_POINT('',(-118.3688186029,-80.56935078081,
    -88.69401644034));
#2391 = CARTESIAN_POINT('',(-118.3688186029,-80.39022643713,
    -88.36181067067));
#2392 = CARTESIAN_POINT('',(-118.3688186029,-80.30719195113,
    -88.22555824485));
#2393 = CARTESIAN_POINT('',(-118.3688186029,-80.23187288867,
    -88.11700506487));
#2394 = CARTESIAN_POINT('',(-118.3688186029,-80.16533492793,
    -88.03310696042));
#2395 = CARTESIAN_POINT('',(-118.3688186029,-80.10795439036,
    -87.96980304286));
#2396 = CARTESIAN_POINT('',(-118.3688186029,-80.05923637477,
    -87.92170350552));
#2397 = CARTESIAN_POINT('',(-118.3688186029,-80.01604357001,
    -87.88267538414));
#2398 = CARTESIAN_POINT('',(-118.3688186029,-79.97365787439,
    -87.84788968219));
#2399 = CARTESIAN_POINT('',(-118.3688186029,-79.92688368889,
    -87.81397945398));
#2400 = CARTESIAN_POINT('',(-118.3688186029,-79.80285602449,
    -87.73649958168));
#2401 = CARTESIAN_POINT('',(-118.3688186029,-79.71568074301,
    -87.68895334989));
#2402 = CARTESIAN_POINT('',(-118.3688186029,-79.60338028005,
    -87.63555115145));
#2403 = CARTESIAN_POINT('',(-118.3688186028,-79.46187737626,
    -87.57776824174));
#2404 = CARTESIAN_POINT('',(-118.368818603,-79.28995158474,
    -87.5180857891));
#2405 = CARTESIAN_POINT('',(-118.3688186028,-79.08850404515,
    -87.45792137197));
#2406 = CARTESIAN_POINT('',(-118.3688186029,-78.85880566043,
    -87.39779402909));
#2407 = CARTESIAN_POINT('',(-118.3688186029,-78.60258794483,
    -87.33743050039));
#2408 = CARTESIAN_POINT('',(-118.3688186029,-78.32149071907,
    -87.27588024479));
#2409 = CARTESIAN_POINT('',(-118.3688186029,-77.73266472468,
    -87.15164911326));
#2410 = CARTESIAN_POINT('',(-118.3688186029,-77.0625044787,
    -87.01025799524));
#2411 = CARTESIAN_POINT('',(-118.3688186029,-76.72102989832,
    -86.93638147289));
#2412 = CARTESIAN_POINT('',(-118.3688186029,-76.3630392079,
    -86.85503277308));
#2413 = CARTESIAN_POINT('',(-118.3688186028,-75.98970223967,
    -86.7640473012));
#2414 = CARTESIAN_POINT('',(-118.3688186029,-75.60220369448,
    -86.6610532344));
#2415 = CARTESIAN_POINT('',(-118.3688186029,-75.20183174892,
    -86.54351661083));
#2416 = CARTESIAN_POINT('',(-118.3688186029,-74.79007952283,
    -86.40880669396));
#2417 = CARTESIAN_POINT('',(-118.3688186029,-74.36872664623,
    -86.25430978587));
#2418 = CARTESIAN_POINT('',(-118.3688186029,-73.51099599536,
    -85.90085618201));
#2419 = CARTESIAN_POINT('',(-118.3688186029,-72.63248168184,
    -85.4498562837));
#2420 = CARTESIAN_POINT('',(-118.3688186029,-72.19034527141,
    -85.19781299947));
#2421 = CARTESIAN_POINT('',(-118.3688186029,-71.74787832749,
    -84.91735722381));
#2422 = CARTESIAN_POINT('',(-118.3688186029,-71.30778155026,
    -84.60702073609));
#2423 = CARTESIAN_POINT('',(-118.3688186029,-70.87277314084,
    -84.26582987289));
#2424 = CARTESIAN_POINT('',(-118.3688186029,-70.44532277125,
    -83.89329755907));
#2425 = CARTESIAN_POINT('',(-118.3688186029,-70.0274396029,
    -83.48924718702));
#2426 = CARTESIAN_POINT('',(-118.3688186029,-69.62062392387,
    -83.05356674254));
#2427 = CARTESIAN_POINT('',(-118.3688186029,-68.83122205761,
    -82.11857287248));
#2428 = CARTESIAN_POINT('',(-118.3688186029,-68.09299431491,
    -81.05486829172));
#2429 = CARTESIAN_POINT('',(-118.3688186029,-67.73735284209,
    -80.49047710733));
#2430 = CARTESIAN_POINT('',(-118.3688186029,-67.39549542091,
    -79.89301411466));
#2431 = CARTESIAN_POINT('',(-118.3688186029,-67.06745307967,
    -79.26167638727));
#2432 = CARTESIAN_POINT('',(-118.3688186028,-66.75310820901,
    -78.5953723041));
#2433 = CARTESIAN_POINT('',(-118.3688186029,-66.45229919842,
    -77.89275900755));
#2434 = CARTESIAN_POINT('',(-118.3688186029,-66.1648803393,
    -77.15230286242));
#2435 = CARTESIAN_POINT('',(-118.3688186029,-65.89075015694,
    -76.37233355418));
#2436 = CARTESIAN_POINT('',(-118.3688186029,-65.3689840065,
    -74.72982577723));
#2437 = CARTESIAN_POINT('',(-118.3688186029,-64.90029102726,
    -72.91483168784));
#2438 = CARTESIAN_POINT('',(-118.3688186029,-64.67923398604,
    -71.96237592179));
#2439 = CARTESIAN_POINT('',(-118.3688186029,-64.47155080329,
    -70.96305739842));
#2440 = CARTESIAN_POINT('',(-118.3688186028,-64.277392102,
    -69.91493747691));
#2441 = CARTESIAN_POINT('',(-118.3688186029,-64.09696935901,
    -68.81606406525));
#2442 = CARTESIAN_POINT('',(-118.3688186029,-63.93054621034,
    -67.66448466369));
#2443 = CARTESIAN_POINT('',(-118.3688186029,-63.77842972056,
    -66.45825382795));
#2444 = CARTESIAN_POINT('',(-118.3688186029,-63.64096324408,
    -65.19543708822));
#2445 = CARTESIAN_POINT('',(-118.3688186029,-63.5185208225,
    -63.87411286521));
#2446 = CARTESIAN_POINT('',(-118.3688186029,-63.41150139005,
    -62.49237343123));
#2447 = CARTESIAN_POINT('',(-115.8602409953,-88.58043036768,
    -152.9090309689));
#2448 = CARTESIAN_POINT('',(-115.8602409953,-87.90561130866,
    -148.3810036287));
#2449 = CARTESIAN_POINT('',(-115.8602409953,-87.27363036553,
    -144.0779110054));
#2450 = CARTESIAN_POINT('',(-115.8602409953,-86.68226354211,
    -139.9934826101));
#2451 = CARTESIAN_POINT('',(-115.8602409953,-86.12928870357,
    -136.1214648665));
#2452 = CARTESIAN_POINT('',(-115.8602409953,-85.61248576551,
    -132.4556249651));
#2453 = CARTESIAN_POINT('',(-115.8602409953,-85.12963753029,
    -128.9897566807));
#2454 = CARTESIAN_POINT('',(-115.8602409953,-84.67853066409,
    -125.7176878279));
#2455 = CARTESIAN_POINT('',(-115.8602409953,-84.25695689149,
    -122.6332901041));
#2456 = CARTESIAN_POINT('',(-115.8602409953,-83.86271504912,
    -119.7304931529));
#2457 = CARTESIAN_POINT('',(-115.8602409953,-83.07227393993,
    -113.8901191269));
#2458 = CARTESIAN_POINT('',(-115.8602409953,-82.38718373214,
    -108.8281568777));
#2459 = CARTESIAN_POINT('',(-115.8602409953,-82.04870469615,
    -106.3423298343));
#2460 = CARTESIAN_POINT('',(-115.8602409953,-81.73373441511,
    -104.0603719318));
#2461 = CARTESIAN_POINT('',(-115.8602409953,-81.43912817996,
    -101.9739923894));
#2462 = CARTESIAN_POINT('',(-115.8602409953,-81.16181422973,
    -100.0752102104));
#2463 = CARTESIAN_POINT('',(-115.8602409953,-80.89884619931,
    -98.35655632874));
#2464 = CARTESIAN_POINT('',(-115.8602409953,-80.64749484094,
    -96.81122226568));
#2465 = CARTESIAN_POINT('',(-115.8602409953,-80.4054037198,
    -95.43332402005));
#2466 = CARTESIAN_POINT('',(-115.8602409953,-80.05378535546,
    -93.61117096502));
#2467 = CARTESIAN_POINT('',(-115.8602409953,-79.72040282566,
    -92.15003534438));
#2468 = CARTESIAN_POINT('',(-115.8602409953,-79.61135477143,
    -91.70276907365));
#2469 = CARTESIAN_POINT('',(-115.8602409953,-79.50456443621,
    -91.29504470484));
#2470 = CARTESIAN_POINT('',(-115.8602409953,-79.40037336708,
    -90.92673703862));
#2471 = CARTESIAN_POINT('',(-115.8602409953,-79.29933710335,
    -90.59779949625));
#2472 = CARTESIAN_POINT('',(-115.8602409953,-79.20228466153,
    -90.30824032992));
#2473 = CARTESIAN_POINT('',(-115.8602409953,-79.11039818863,
    -90.05805423211));
#2474 = CARTESIAN_POINT('',(-115.8602409953,-79.0252922882,
    -89.84702547092));
#2475 = CARTESIAN_POINT('',(-115.8602409953,-78.8726950898,
    -89.50171534853));
#2476 = CARTESIAN_POINT('',(-115.8602409953,-78.76370214766,
    -89.30282613121));
#2477 = CARTESIAN_POINT('',(-115.8602409953,-78.72220229492,
    -89.23821768412));
#2478 = CARTESIAN_POINT('',(-115.8602409953,-78.6958497845,
    -89.20571091396));
#2479 = CARTESIAN_POINT('',(-115.8602409953,-78.68659996043,
    -89.20114198203));
#2480 = CARTESIAN_POINT('',(-115.8602409953,-78.69530471441,
    -89.21871959093));
#2481 = CARTESIAN_POINT('',(-115.8602409953,-78.72142137541,
    -89.25052524787));
#2482 = CARTESIAN_POINT('',(-115.8602409953,-78.76017757222,
    -89.28745088927));
#2483 = CARTESIAN_POINT('',(-115.8602409953,-78.80427056737,
    -89.32247570968));
#2484 = CARTESIAN_POINT('',(-115.8602409953,-78.84563329386,
    -89.35091920448));
#2485 = CARTESIAN_POINT('',(-115.8602409953,-78.91449658742,
    -89.39393798757));
#2486 = CARTESIAN_POINT('',(-115.8602409953,-78.92826747032,
    -89.3987029071));
#2487 = CARTESIAN_POINT('',(-115.8602409953,-78.90812346483,
    -89.38464041689));
#2488 = CARTESIAN_POINT('',(-115.8602409953,-78.84714502615,
    -89.35537696787));
#2489 = CARTESIAN_POINT('',(-115.8602409953,-78.74298550267,
    -89.31614917331));
#2490 = CARTESIAN_POINT('',(-115.8602409953,-78.59669425976,
    -89.27049116084));
#2491 = CARTESIAN_POINT('',(-115.8602409953,-78.40991254342,
    -89.22049876784));
#2492 = CARTESIAN_POINT('',(-115.8602409953,-78.18501889756,
    -89.16699960106));
#2493 = CARTESIAN_POINT('',(-115.8602409953,-77.9242450936,
    -89.10973714523));
#2494 = CARTESIAN_POINT('',(-115.8602409953,-77.35456386153,
    -88.98954519591));
#2495 = CARTESIAN_POINT('',(-115.8602409953,-76.66651119333,
    -88.84437911572));
#2496 = CARTESIAN_POINT('',(-115.8602409953,-76.30818349931,
    -88.76694686429));
#2497 = CARTESIAN_POINT('',(-115.8602409953,-75.92553531196,
    -88.68020121985));
#2498 = CARTESIAN_POINT('',(-115.8602409953,-75.52011829669,
    -88.58170997008));
#2499 = CARTESIAN_POINT('',(-115.8602409953,-75.09350792004,
    -88.46870919282));
#2500 = CARTESIAN_POINT('',(-115.8602409953,-74.64744528066,
    -88.33817543062));
#2501 = CARTESIAN_POINT('',(-115.8602409953,-74.18399953057,
    -88.18693031883));
#2502 = CARTESIAN_POINT('',(-115.8602409953,-73.70569843699,
    -88.01182276662));
#2503 = CARTESIAN_POINT('',(-115.8602409953,-72.72542895796,
    -87.60812738274));
#2504 = CARTESIAN_POINT('',(-115.8602409953,-71.71137364342,
    -87.08779326758));
#2505 = CARTESIAN_POINT('',(-115.8602409953,-71.19928692053,
    -86.79604685332));
#2506 = CARTESIAN_POINT('',(-115.8602409953,-70.68589998032,
    -86.47076177725));
#2507 = CARTESIAN_POINT('',(-115.8602409953,-70.17521494484,
    -86.11062051113));
#2508 = CARTESIAN_POINT('',(-115.8602409953,-69.67126195031,
    -85.71509716301));
#2509 = CARTESIAN_POINT('',(-115.8602409953,-69.17767331244,
    -85.2844447218));
#2510 = CARTESIAN_POINT('',(-115.8602409953,-68.69734420939,
    -84.81941314077));
#2511 = CARTESIAN_POINT('',(-115.8602409953,-68.23235526661,
    -84.32085576784));
#2512 = CARTESIAN_POINT('',(-115.8602409953,-67.33576862028,
    -83.25815793755));
#2513 = CARTESIAN_POINT('',(-115.8602409953,-66.50902704325,
    -82.06611192806));
#2514 = CARTESIAN_POINT('',(-115.8602409953,-66.11388330213,
    -81.43820632916));
#2515 = CARTESIAN_POINT('',(-115.8602409954,-65.73714458894,
    -80.77859775032));
#2516 = CARTESIAN_POINT('',(-115.8602409953,-65.37853968917,
    -80.0870335979));
#2517 = CARTESIAN_POINT('',(-115.8602409954,-65.03755946381,
    -79.36279916566));
#2518 = CARTESIAN_POINT('',(-115.8602409953,-64.71362434198,
    -78.60477759347));
#2519 = CARTESIAN_POINT('',(-115.8602409953,-64.40618020639,
    -77.81154664418));
#2520 = CARTESIAN_POINT('',(-115.8602409953,-64.11474374519,
    -76.98146529823));
#2521 = CARTESIAN_POINT('',(-115.8602409953,-63.5631113273,
    -75.24399610474));
#2522 = CARTESIAN_POINT('',(-115.8602409953,-63.0728120392,
    -73.34428259162));
#2523 = CARTESIAN_POINT('',(-115.8602409953,-62.84270865961,
    -72.35195669337));
#2524 = CARTESIAN_POINT('',(-115.8602409953,-62.62746577782,
    -71.31514651661));
#2525 = CARTESIAN_POINT('',(-115.8602409953,-62.42700361399,
    -70.23178153263));
#2526 = CARTESIAN_POINT('',(-115.8602409953,-62.24133979687,
    -69.09976968147));
#2527 = CARTESIAN_POINT('',(-115.8602409953,-62.07057544627,
    -67.91701825042));
#2528 = CARTESIAN_POINT('',(-115.8602409953,-61.91488119806,
    -66.68144582056));
#2529 = CARTESIAN_POINT('',(-115.8602409953,-61.77448577702,
    -65.39098853963));
#2530 = CARTESIAN_POINT('',(-115.8602409953,-61.64966702897,
    -64.04360318933));
#2531 = CARTESIAN_POINT('',(-115.8602409953,-61.54074264521,
    -62.6372687235));
#2532 = CARTESIAN_POINT('',(-113.,-88.58043036768,-152.9090309689));
#2533 = CARTESIAN_POINT('',(-112.9999999999,-87.90561130867,
    -148.3810036287));
#2534 = CARTESIAN_POINT('',(-113.,-87.27363036552,-144.0779110054));
#2535 = CARTESIAN_POINT('',(-112.9999999999,-86.68226354214,
    -139.9934826101));
#2536 = CARTESIAN_POINT('',(-113.,-86.12928870352,-136.1214648666));
#2537 = CARTESIAN_POINT('',(-112.9999999999,-85.61248576557,
    -132.455624965));
#2538 = CARTESIAN_POINT('',(-113.,-85.12963753023,-128.9897566807));
#2539 = CARTESIAN_POINT('',(-112.9999999999,-84.67853066413,
    -125.7176878279));
#2540 = CARTESIAN_POINT('',(-113.,-84.25695689147,-122.6332901042));
#2541 = CARTESIAN_POINT('',(-112.9999999999,-83.86271504913,
    -119.7304931529));
#2542 = CARTESIAN_POINT('',(-113.,-83.07227393992,-113.8901191269));
#2543 = CARTESIAN_POINT('',(-112.9999999999,-82.38718373215,
    -108.8281568777));
#2544 = CARTESIAN_POINT('',(-113.,-82.04870469613,-106.3423298343));
#2545 = CARTESIAN_POINT('',(-112.9999999999,-81.73373441515,
    -104.0603719318));
#2546 = CARTESIAN_POINT('',(-113.,-81.43912817989,-101.9739923894));
#2547 = CARTESIAN_POINT('',(-112.9999999999,-81.16181422979,
    -100.0752102104));
#2548 = CARTESIAN_POINT('',(-113.,-80.89884619926,-98.35655632877));
#2549 = CARTESIAN_POINT('',(-112.9999999999,-80.64749484097,
    -96.81122226566));
#2550 = CARTESIAN_POINT('',(-113.,-80.40540371979,-95.43332402006));
#2551 = CARTESIAN_POINT('',(-112.9999999999,-80.05378535547,
    -93.61117096501));
#2552 = CARTESIAN_POINT('',(-113.,-79.72040282566,-92.15003534438));
#2553 = CARTESIAN_POINT('',(-113.,-79.61135477143,-91.70276907365));
#2554 = CARTESIAN_POINT('',(-112.9999999999,-79.50456443621,
    -91.29504470483));
#2555 = CARTESIAN_POINT('',(-113.,-79.40037336708,-90.92673703863));
#2556 = CARTESIAN_POINT('',(-112.9999999999,-79.29933710335,
    -90.59779949624));
#2557 = CARTESIAN_POINT('',(-113.,-79.20228466153,-90.30824032993));
#2558 = CARTESIAN_POINT('',(-112.9999999999,-79.11039818863,
    -90.0580542321));
#2559 = CARTESIAN_POINT('',(-113.,-79.0252922882,-89.84702547092));
#2560 = CARTESIAN_POINT('',(-112.9999999999,-78.8726950898,
    -89.50171534853));
#2561 = CARTESIAN_POINT('',(-113.,-78.76370214766,-89.30282613121));
#2562 = CARTESIAN_POINT('',(-112.9999999999,-78.72220229491,
    -89.23821768412));
#2563 = CARTESIAN_POINT('',(-113.,-78.69584978451,-89.20571091397));
#2564 = CARTESIAN_POINT('',(-112.9999999999,-78.6865999604,
    -89.20114198201));
#2565 = CARTESIAN_POINT('',(-113.,-78.69530471445,-89.21871959094));
#2566 = CARTESIAN_POINT('',(-112.9999999999,-78.72142137538,
    -89.25052524786));
#2567 = CARTESIAN_POINT('',(-113.,-78.76017757224,-89.28745088927));
#2568 = CARTESIAN_POINT('',(-112.9999999999,-78.80427056736,
    -89.32247570968));
#2569 = CARTESIAN_POINT('',(-113.,-78.84563329386,-89.35091920449));
#2570 = CARTESIAN_POINT('',(-113.,-78.91449658742,-89.39393798757));
#2571 = CARTESIAN_POINT('',(-112.9999999999,-78.92826747031,
    -89.3987029071));
#2572 = CARTESIAN_POINT('',(-113.,-78.90812346485,-89.38464041688));
#2573 = CARTESIAN_POINT('',(-112.9999999999,-78.84714502611,
    -89.35537696787));
#2574 = CARTESIAN_POINT('',(-113.,-78.74298550273,-89.3161491733));
#2575 = CARTESIAN_POINT('',(-112.9999999999,-78.5966942597,
    -89.27049116085));
#2576 = CARTESIAN_POINT('',(-113.,-78.40991254346,-89.22049876784));
#2577 = CARTESIAN_POINT('',(-112.9999999999,-78.18501889754,
    -89.16699960106));
#2578 = CARTESIAN_POINT('',(-113.,-77.92424509361,-89.10973714523));
#2579 = CARTESIAN_POINT('',(-112.9999999999,-77.35456386153,
    -88.98954519591));
#2580 = CARTESIAN_POINT('',(-113.,-76.66651119333,-88.84437911572));
#2581 = CARTESIAN_POINT('',(-113.,-76.30818349932,-88.76694686429));
#2582 = CARTESIAN_POINT('',(-113.,-75.92553531193,-88.68020121986));
#2583 = CARTESIAN_POINT('',(-113.,-75.52011829674,-88.58170997007));
#2584 = CARTESIAN_POINT('',(-113.,-75.09350791999,-88.46870919284));
#2585 = CARTESIAN_POINT('',(-113.,-74.6474452807,-88.3381754306));
#2586 = CARTESIAN_POINT('',(-113.,-74.18399953054,-88.18693031884));
#2587 = CARTESIAN_POINT('',(-113.,-73.70569843699,-88.01182276661));
#2588 = CARTESIAN_POINT('',(-113.,-72.72542895796,-87.60812738274));
#2589 = CARTESIAN_POINT('',(-113.,-71.71137364342,-87.08779326758));
#2590 = CARTESIAN_POINT('',(-113.,-71.19928692053,-86.79604685332));
#2591 = CARTESIAN_POINT('',(-112.9999999999,-70.68589998031,
    -86.47076177725));
#2592 = CARTESIAN_POINT('',(-113.,-70.17521494485,-86.11062051113));
#2593 = CARTESIAN_POINT('',(-112.9999999999,-69.67126195031,
    -85.71509716301));
#2594 = CARTESIAN_POINT('',(-113.,-69.17767331244,-85.2844447218));
#2595 = CARTESIAN_POINT('',(-112.9999999999,-68.69734420939,
    -84.81941314077));
#2596 = CARTESIAN_POINT('',(-113.,-68.23235526661,-84.32085576784));
#2597 = CARTESIAN_POINT('',(-112.9999999999,-67.33576862029,
    -83.25815793755));
#2598 = CARTESIAN_POINT('',(-113.,-66.50902704325,-82.06611192806));
#2599 = CARTESIAN_POINT('',(-112.9999999999,-66.11388330214,
    -81.43820632916));
#2600 = CARTESIAN_POINT('',(-113.,-65.7371445889,-80.77859775032));
#2601 = CARTESIAN_POINT('',(-112.9999999999,-65.37853968922,
    -80.0870335979));
#2602 = CARTESIAN_POINT('',(-113.,-65.03755946375,-79.36279916566));
#2603 = CARTESIAN_POINT('',(-112.9999999999,-64.71362434203,
    -78.60477759347));
#2604 = CARTESIAN_POINT('',(-113.,-64.40618020637,-77.81154664418));
#2605 = CARTESIAN_POINT('',(-112.9999999999,-64.11474374519,
    -76.98146529823));
#2606 = CARTESIAN_POINT('',(-113.,-63.5631113273,-75.24399610474));
#2607 = CARTESIAN_POINT('',(-112.9999999999,-63.0728120392,
    -73.34428259162));
#2608 = CARTESIAN_POINT('',(-113.,-62.84270865962,-72.35195669337));
#2609 = CARTESIAN_POINT('',(-112.9999999999,-62.62746577779,
    -71.31514651661));
#2610 = CARTESIAN_POINT('',(-112.9999999999,-62.42700361404,
    -70.23178153263));
#2611 = CARTESIAN_POINT('',(-113.,-62.2413397968,-69.09976968147));
#2612 = CARTESIAN_POINT('',(-112.9999999999,-62.07057544633,
    -67.91701825042));
#2613 = CARTESIAN_POINT('',(-113.,-61.91488119802,-66.68144582056));
#2614 = CARTESIAN_POINT('',(-112.9999999999,-61.77448577704,
    -65.39098853963));
#2615 = CARTESIAN_POINT('',(-113.,-61.64966702897,-64.04360318933));
#2616 = CARTESIAN_POINT('',(-113.,-61.54074264521,-62.6372687235));
#2617 = ADVANCED_FACE('',(#2618),#2628,.T.);
#2618 = FACE_BOUND('',#2619,.T.);
#2619 = EDGE_LOOP('',(#2620,#2621,#2622,#2627));
#2620 = ORIENTED_EDGE('',*,*,#779,.F.);
#2621 = ORIENTED_EDGE('',*,*,#1888,.T.);
#2622 = ORIENTED_EDGE('',*,*,#2623,.T.);
#2623 = EDGE_CURVE('',#1889,#794,#2624,.T.);
#2624 = B_SPLINE_CURVE_WITH_KNOTS('',1,(#2625,#2626),.UNSPECIFIED.,.F.,
  .F.,(2,2),(-110.,-0.),.PIECEWISE_BEZIER_KNOTS.);
#2625 = CARTESIAN_POINT('',(-113.,-88.58043036768,-152.9090309689));
#2626 = CARTESIAN_POINT('',(-3.,-88.58043036768,-152.9090309689));
#2627 = ORIENTED_EDGE('',*,*,#1597,.F.);
#2628 = SURFACE_OF_REVOLUTION('',#2629,#2633);
#2629 = LINE('',#2630,#2631);
#2630 = CARTESIAN_POINT('',(-3.,-93.52581248836,-157.1720128685));
#2631 = VECTOR('',#2632,1.);
#2632 = DIRECTION('',(1.,4.388935218139E-30,1.317733800864E-14));
#2633 = AXIS1_PLACEMENT('',#2634,#2635);
#2634 = CARTESIAN_POINT('',(-3.,-93.52581248836,-152.1720128685));
#2635 = DIRECTION('',(1.,0.,0.));
#2636 = ADVANCED_FACE('',(#2637),#2647,.F.);
#2637 = FACE_BOUND('',#2638,.F.);
#2638 = EDGE_LOOP('',(#2639,#2640,#2641,#2642));
#2639 = ORIENTED_EDGE('',*,*,#1922,.F.);
#2640 = ORIENTED_EDGE('',*,*,#2623,.T.);
#2641 = ORIENTED_EDGE('',*,*,#793,.T.);
#2642 = ORIENTED_EDGE('',*,*,#2643,.F.);
#2643 = EDGE_CURVE('',#1923,#796,#2644,.T.);
#2644 = B_SPLINE_CURVE_WITH_KNOTS('',1,(#2645,#2646),.UNSPECIFIED.,.F.,
  .F.,(2,2),(-110.,-0.),.PIECEWISE_BEZIER_KNOTS.);
#2645 = CARTESIAN_POINT('',(-113.,-61.54074264521,-62.6372687235));
#2646 = CARTESIAN_POINT('',(-3.,-61.54074264521,-62.6372687235));
#2647 = B_SPLINE_SURFACE_WITH_KNOTS('',1,11,(
    (#2648,#2649,#2650,#2651,#2652,#2653,#2654,#2655,#2656,#2657,#2658
      ,#2659,#2660,#2661,#2662,#2663,#2664,#2665,#2666,#2667,#2668,#2669
      ,#2670,#2671,#2672,#2673,#2674,#2675,#2676,#2677,#2678,#2679,#2680
      ,#2681,#2682,#2683,#2684,#2685,#2686,#2687,#2688,#2689,#2690,#2691
      ,#2692,#2693,#2694,#2695,#2696,#2697,#2698,#2699,#2700,#2701,#2702
      ,#2703,#2704,#2705,#2706,#2707,#2708,#2709,#2710,#2711,#2712,#2713
      ,#2714,#2715,#2716,#2717,#2718,#2719,#2720,#2721,#2722,#2723,#2724
      ,#2725,#2726,#2727,#2728,#2729,#2730,#2731,#2732)
    ,(#2733,#2734,#2735,#2736,#2737,#2738,#2739,#2740,#2741,#2742,#2743
      ,#2744,#2745,#2746,#2747,#2748,#2749,#2750,#2751,#2752,#2753,#2754
      ,#2755,#2756,#2757,#2758,#2759,#2760,#2761,#2762,#2763,#2764,#2765
      ,#2766,#2767,#2768,#2769,#2770,#2771,#2772,#2773,#2774,#2775,#2776
      ,#2777,#2778,#2779,#2780,#2781,#2782,#2783,#2784,#2785,#2786,#2787
      ,#2788,#2789,#2790,#2791,#2792,#2793,#2794,#2795,#2796,#2797,#2798
      ,#2799,#2800,#2801,#2802,#2803,#2804,#2805,#2806,#2807,#2808,#2809
      ,#2810,#2811,#2812,#2813,#2814,#2815,#2816,#2817
  )),.UNSPECIFIED.,.F.,.F.,.F.,(2,2),(12,9,9,9,10,9,9,9,9,12),(-110.,-0.
    ),(0.,0.152296248604,0.326148124302,0.413074062151,0.5,
    0.605522119494,0.70414158962,0.802761059747,0.901380529873,1.),
  .UNSPECIFIED.);
#2648 = CARTESIAN_POINT('',(-113.,-88.58043036768,-152.9090309689));
#2649 = CARTESIAN_POINT('',(-113.,-87.90561130867,-148.3810036287));
#2650 = CARTESIAN_POINT('',(-112.9999999999,-87.27363036552,
    -144.0779110054));
#2651 = CARTESIAN_POINT('',(-113.,-86.6822636762,-139.9934828618));
#2652 = CARTESIAN_POINT('',(-112.9999999998,-86.12928875143,
    -136.1214649563));
#2653 = CARTESIAN_POINT('',(-113.0000000001,-85.61248562873,
    -132.4556247084));
#2654 = CARTESIAN_POINT('',(-112.9999999998,-85.12963739345,
    -128.9897564238));
#2655 = CARTESIAN_POINT('',(-113.0000000001,-84.678530712,
    -125.7176879178));
#2656 = CARTESIAN_POINT('',(-112.9999999999,-84.25695702556,
    -122.6332903558));
#2657 = CARTESIAN_POINT('',(-113.,-83.86271504912,-119.7304931529));
#2658 = CARTESIAN_POINT('',(-112.9999999999,-83.07227393992,
    -113.8901191269));
#2659 = CARTESIAN_POINT('',(-112.9999999999,-82.38718373215,
    -108.8281568777));
#2660 = CARTESIAN_POINT('',(-113.,-82.04870469613,-106.3423298343));
#2661 = CARTESIAN_POINT('',(-112.9999999999,-81.73373441515,
    -104.0603719318));
#2662 = CARTESIAN_POINT('',(-113.,-81.4391281799,-101.9739923894));
#2663 = CARTESIAN_POINT('',(-112.9999999999,-81.16181422978,
    -100.0752102104));
#2664 = CARTESIAN_POINT('',(-113.,-80.89884619928,-98.35655632876));
#2665 = CARTESIAN_POINT('',(-112.9999999999,-80.64749484095,
    -96.81122226567));
#2666 = CARTESIAN_POINT('',(-113.,-80.40540371979,-95.43332402006));
#2667 = CARTESIAN_POINT('',(-113.,-80.05378535546,-93.61117096501));
#2668 = CARTESIAN_POINT('',(-113.,-79.72040282566,-92.15003534438));
#2669 = CARTESIAN_POINT('',(-112.9999999999,-79.61135477143,
    -91.70276907365));
#2670 = CARTESIAN_POINT('',(-113.,-79.50456443621,-91.29504470484));
#2671 = CARTESIAN_POINT('',(-112.9999999999,-79.40037336707,
    -90.92673703863));
#2672 = CARTESIAN_POINT('',(-113.,-79.29933710336,-90.59779949625));
#2673 = CARTESIAN_POINT('',(-112.9999999999,-79.20228466152,
    -90.30824032992));
#2674 = CARTESIAN_POINT('',(-113.,-79.11039818864,-90.05805423211));
#2675 = CARTESIAN_POINT('',(-112.9999999999,-79.0252922882,
    -89.84702547091));
#2676 = CARTESIAN_POINT('',(-113.,-78.8726950898,-89.50171534853));
#2677 = CARTESIAN_POINT('',(-112.9999999999,-78.76370214766,
    -89.30282613121));
#2678 = CARTESIAN_POINT('',(-113.,-78.7222022949,-89.23821768415));
#2679 = CARTESIAN_POINT('',(-112.9999999999,-78.69584978454,
    -89.2057109139));
#2680 = CARTESIAN_POINT('',(-113.,-78.68659996036,-89.20114198212));
#2681 = CARTESIAN_POINT('',(-112.9999999999,-78.69530471449,
    -89.21871959083));
#2682 = CARTESIAN_POINT('',(-113.,-78.72142137535,-89.25052524794));
#2683 = CARTESIAN_POINT('',(-112.9999999999,-78.76017757225,
    -89.28745088923));
#2684 = CARTESIAN_POINT('',(-113.,-78.80427056736,-89.3224757097));
#2685 = CARTESIAN_POINT('',(-113.,-78.84563329387,-89.35091920448));
#2686 = CARTESIAN_POINT('',(-112.9999999999,-78.91449658742,
    -89.39393798757));
#2687 = CARTESIAN_POINT('',(-113.,-78.92826747031,-89.39870290712));
#2688 = CARTESIAN_POINT('',(-112.9999999999,-78.90812346485,
    -89.38464041684));
#2689 = CARTESIAN_POINT('',(-113.,-78.84714502611,-89.35537696796));
#2690 = CARTESIAN_POINT('',(-112.9999999998,-78.74298550272,
    -89.31614917319));
#2691 = CARTESIAN_POINT('',(-113.0000000001,-78.59669425972,
    -89.27049116094));
#2692 = CARTESIAN_POINT('',(-112.9999999999,-78.40991254344,
    -89.22049876778));
#2693 = CARTESIAN_POINT('',(-113.,-78.18501889755,-89.16699960108));
#2694 = CARTESIAN_POINT('',(-112.9999999999,-77.92424509361,
    -89.10973714522));
#2695 = CARTESIAN_POINT('',(-113.,-77.35456386153,-88.98954519591));
#2696 = CARTESIAN_POINT('',(-113.,-76.66651119333,-88.84437911572));
#2697 = CARTESIAN_POINT('',(-112.9999999999,-76.30818349933,
    -88.76694686426));
#2698 = CARTESIAN_POINT('',(-113.,-75.92553531191,-88.68020121991));
#2699 = CARTESIAN_POINT('',(-112.9999999999,-75.52011829676,-88.58170997
    ));
#2700 = CARTESIAN_POINT('',(-113.,-75.09350791997,-88.46870919291));
#2701 = CARTESIAN_POINT('',(-112.9999999999,-74.64744528071,
    -88.33817543056));
#2702 = CARTESIAN_POINT('',(-113.,-74.18399953054,-88.18693031886));
#2703 = CARTESIAN_POINT('',(-112.9999999999,-73.70569843699,
    -88.01182276661));
#2704 = CARTESIAN_POINT('',(-113.,-72.72542895796,-87.60812738275));
#2705 = CARTESIAN_POINT('',(-112.9999999999,-71.71137364343,
    -87.08779326757));
#2706 = CARTESIAN_POINT('',(-113.,-71.19928805763,-86.79604576003));
#2707 = CARTESIAN_POINT('',(-112.9999999999,-70.68589729999,
    -86.47076435429));
#2708 = CARTESIAN_POINT('',(-113.0000000001,-70.17521654025,
    -86.11061897721));
#2709 = CARTESIAN_POINT('',(-112.9999999998,-69.67126354579,
    -85.71509562898));
#2710 = CARTESIAN_POINT('',(-113.,-69.17767063206,-85.28444729892));
#2711 = CARTESIAN_POINT('',(-112.9999999999,-68.69734534652,
    -84.81941204745));
#2712 = CARTESIAN_POINT('',(-113.,-68.23235526661,-84.32085576784));
#2713 = CARTESIAN_POINT('',(-112.9999999999,-67.33576862028,
    -83.25815793755));
#2714 = CARTESIAN_POINT('',(-113.,-66.50902704325,-82.06611192806));
#2715 = CARTESIAN_POINT('',(-112.9999999999,-66.11388330212,
    -81.43820632918));
#2716 = CARTESIAN_POINT('',(-112.9999999999,-65.73714458896,
    -80.77859775026));
#2717 = CARTESIAN_POINT('',(-113.,-65.37853968914,-80.08703359798));
#2718 = CARTESIAN_POINT('',(-112.9999999999,-65.03755946384,
    -79.36279916559));
#2719 = CARTESIAN_POINT('',(-113.,-64.71362434196,-78.60477759353));
#2720 = CARTESIAN_POINT('',(-112.9999999999,-64.4061802064,
    -77.81154664416));
#2721 = CARTESIAN_POINT('',(-113.,-64.11474374519,-76.98146529823));
#2722 = CARTESIAN_POINT('',(-112.9999999999,-63.5631113273,
    -75.24399610474));
#2723 = CARTESIAN_POINT('',(-113.,-63.0728120392,-73.34428259162));
#2724 = CARTESIAN_POINT('',(-113.,-62.84270865959,-72.35195669339));
#2725 = CARTESIAN_POINT('',(-112.9999999999,-62.62746577786,
    -71.31514651658));
#2726 = CARTESIAN_POINT('',(-113.,-62.42700361393,-70.23178153269));
#2727 = CARTESIAN_POINT('',(-112.9999999999,-62.24133979693,
    -69.0997696814));
#2728 = CARTESIAN_POINT('',(-113.,-62.07057544622,-67.91701825048));
#2729 = CARTESIAN_POINT('',(-112.9999999999,-61.91488119809,
    -66.68144582052));
#2730 = CARTESIAN_POINT('',(-113.,-61.77448577701,-65.39098853964));
#2731 = CARTESIAN_POINT('',(-112.9999999999,-61.64966702897,
    -64.04360318933));
#2732 = CARTESIAN_POINT('',(-113.,-61.54074264521,-62.6372687235));
#2733 = CARTESIAN_POINT('',(-3.,-88.58043036768,-152.9090309689));
#2734 = CARTESIAN_POINT('',(-3.,-87.90561130867,-148.3810036287));
#2735 = CARTESIAN_POINT('',(-2.999999999999,-87.27363036552,
    -144.0779110054));
#2736 = CARTESIAN_POINT('',(-3.000000000001,-86.6822636762,
    -139.9934828618));
#2737 = CARTESIAN_POINT('',(-2.999999999998,-86.12928875143,
    -136.1214649563));
#2738 = CARTESIAN_POINT('',(-3.000000000002,-85.61248562872,
    -132.4556247084));
#2739 = CARTESIAN_POINT('',(-2.999999999998,-85.12963739345,
    -128.9897564237));
#2740 = CARTESIAN_POINT('',(-3.000000000001,-84.678530712,
    -125.7176879179));
#2741 = CARTESIAN_POINT('',(-2.999999999999,-84.25695702556,
    -122.6332903558));
#2742 = CARTESIAN_POINT('',(-3.,-83.86271504913,-119.7304931529));
#2743 = CARTESIAN_POINT('',(-3.,-83.07227393993,-113.8901191269));
#2744 = CARTESIAN_POINT('',(-3.,-82.38718373215,-108.8281568777));
#2745 = CARTESIAN_POINT('',(-3.,-82.04870469613,-106.3423298343));
#2746 = CARTESIAN_POINT('',(-2.999999999999,-81.73373441515,
    -104.0603719318));
#2747 = CARTESIAN_POINT('',(-3.000000000001,-81.43912817991,
    -101.9739923894));
#2748 = CARTESIAN_POINT('',(-2.999999999999,-81.16181422977,
    -100.0752102104));
#2749 = CARTESIAN_POINT('',(-3.000000000001,-80.89884619929,
    -98.35655632873));
#2750 = CARTESIAN_POINT('',(-3.,-80.64749484095,-96.81122226569));
#2751 = CARTESIAN_POINT('',(-3.,-80.4054037198,-95.43332402005));
#2752 = CARTESIAN_POINT('',(-3.,-80.05378535547,-93.61117096502));
#2753 = CARTESIAN_POINT('',(-3.,-79.72040282566,-92.15003534438));
#2754 = CARTESIAN_POINT('',(-3.,-79.61135477143,-91.70276907365));
#2755 = CARTESIAN_POINT('',(-3.000000000001,-79.50456443621,
    -91.29504470483));
#2756 = CARTESIAN_POINT('',(-2.999999999999,-79.40037336707,
    -90.92673703863));
#2757 = CARTESIAN_POINT('',(-3.000000000001,-79.29933710336,
    -90.59779949625));
#2758 = CARTESIAN_POINT('',(-2.999999999999,-79.20228466152,
    -90.30824032992));
#2759 = CARTESIAN_POINT('',(-3.000000000001,-79.11039818864,
    -90.05805423211));
#2760 = CARTESIAN_POINT('',(-3.,-79.0252922882,-89.84702547092));
#2761 = CARTESIAN_POINT('',(-3.,-78.8726950898,-89.50171534853));
#2762 = CARTESIAN_POINT('',(-3.,-78.76370214766,-89.30282613121));
#2763 = CARTESIAN_POINT('',(-3.000000000001,-78.7222022949,
    -89.23821768413));
#2764 = CARTESIAN_POINT('',(-2.999999999998,-78.69584978454,
    -89.20571091394));
#2765 = CARTESIAN_POINT('',(-3.000000000002,-78.68659996036,
    -89.20114198205));
#2766 = CARTESIAN_POINT('',(-2.999999999998,-78.69530471448,
    -89.21871959091));
#2767 = CARTESIAN_POINT('',(-3.000000000002,-78.72142137536,
    -89.25052524788));
#2768 = CARTESIAN_POINT('',(-2.999999999999,-78.76017757225,
    -89.28745088927));
#2769 = CARTESIAN_POINT('',(-3.,-78.80427056736,-89.32247570968));
#2770 = CARTESIAN_POINT('',(-3.,-78.84563329387,-89.35091920448));
#2771 = CARTESIAN_POINT('',(-3.,-78.91449658742,-89.39393798757));
#2772 = CARTESIAN_POINT('',(-3.,-78.92826747031,-89.39870290711));
#2773 = CARTESIAN_POINT('',(-2.999999999998,-78.90812346485,
    -89.38464041686));
#2774 = CARTESIAN_POINT('',(-3.000000000003,-78.84714502611,
    -89.35537696791));
#2775 = CARTESIAN_POINT('',(-2.999999999996,-78.74298550272,
    -89.31614917325));
#2776 = CARTESIAN_POINT('',(-3.000000000004,-78.59669425971,
    -89.27049116089));
#2777 = CARTESIAN_POINT('',(-2.999999999997,-78.40991254344,
    -89.22049876781));
#2778 = CARTESIAN_POINT('',(-3.000000000001,-78.18501889755,
    -89.16699960107));
#2779 = CARTESIAN_POINT('',(-3.,-77.92424509361,-89.10973714523));
#2780 = CARTESIAN_POINT('',(-3.,-77.35456386153,-88.98954519591));
#2781 = CARTESIAN_POINT('',(-3.,-76.66651119333,-88.84437911572));
#2782 = CARTESIAN_POINT('',(-3.,-76.30818349933,-88.76694686426));
#2783 = CARTESIAN_POINT('',(-3.000000000001,-75.92553531192,
    -88.68020121991));
#2784 = CARTESIAN_POINT('',(-2.999999999999,-75.52011829676,-88.58170997
    ));
#2785 = CARTESIAN_POINT('',(-3.000000000001,-75.09350791997,
    -88.4687091929));
#2786 = CARTESIAN_POINT('',(-2.999999999999,-74.64744528071,
    -88.33817543056));
#2787 = CARTESIAN_POINT('',(-3.,-74.18399953054,-88.18693031886));
#2788 = CARTESIAN_POINT('',(-3.,-73.70569843699,-88.01182276661));
#2789 = CARTESIAN_POINT('',(-3.,-72.72542895796,-87.60812738275));
#2790 = CARTESIAN_POINT('',(-3.,-71.71137364343,-87.08779326757));
#2791 = CARTESIAN_POINT('',(-3.000000000001,-71.19928805764,
    -86.79604576004));
#2792 = CARTESIAN_POINT('',(-2.999999999998,-70.68589729999,
    -86.47076435426));
#2793 = CARTESIAN_POINT('',(-3.000000000003,-70.17521654026,
    -86.11061897725));
#2794 = CARTESIAN_POINT('',(-2.999999999997,-69.67126354579,
    -85.71509562894));
#2795 = CARTESIAN_POINT('',(-3.000000000002,-69.17767063207,
    -85.28444729895));
#2796 = CARTESIAN_POINT('',(-2.999999999999,-68.69734534652,
    -84.81941204743));
#2797 = CARTESIAN_POINT('',(-3.,-68.23235526661,-84.32085576784));
#2798 = CARTESIAN_POINT('',(-3.,-67.33576862029,-83.25815793755));
#2799 = CARTESIAN_POINT('',(-3.,-66.50902704325,-82.06611192806));
#2800 = CARTESIAN_POINT('',(-3.,-66.11388330212,-81.43820632917));
#2801 = CARTESIAN_POINT('',(-2.999999999999,-65.73714458896,
    -80.77859775029));
#2802 = CARTESIAN_POINT('',(-3.000000000001,-65.37853968914,
    -80.08703359795));
#2803 = CARTESIAN_POINT('',(-2.999999999999,-65.03755946384,
    -79.36279916562));
#2804 = CARTESIAN_POINT('',(-3.000000000001,-64.71362434197,
    -78.6047775935));
#2805 = CARTESIAN_POINT('',(-3.,-64.4061802064,-77.81154664416));
#2806 = CARTESIAN_POINT('',(-3.,-64.11474374519,-76.98146529823));
#2807 = CARTESIAN_POINT('',(-3.,-63.5631113273,-75.24399610474));
#2808 = CARTESIAN_POINT('',(-3.,-63.0728120392,-73.34428259162));
#2809 = CARTESIAN_POINT('',(-3.,-62.84270865959,-72.35195669337));
#2810 = CARTESIAN_POINT('',(-2.999999999999,-62.62746577786,
    -71.31514651661));
#2811 = CARTESIAN_POINT('',(-3.000000000002,-62.42700361393,
    -70.23178153264));
#2812 = CARTESIAN_POINT('',(-2.999999999997,-62.24133979693,
    -69.09976968146));
#2813 = CARTESIAN_POINT('',(-3.000000000002,-62.07057544623,
    -67.91701825044));
#2814 = CARTESIAN_POINT('',(-2.999999999999,-61.91488119809,
    -66.68144582055));
#2815 = CARTESIAN_POINT('',(-3.000000000001,-61.77448577701,
    -65.39098853963));
#2816 = CARTESIAN_POINT('',(-3.,-61.64966702897,-64.04360318933));
#2817 = CARTESIAN_POINT('',(-3.,-61.54074264521,-62.6372687235));
#2818 = ADVANCED_FACE('',(#2819),#2847,.T.);
#2819 = FACE_BOUND('',#2820,.T.);
#2820 = EDGE_LOOP('',(#2821,#2822,#2831,#2840));
#2821 = ORIENTED_EDGE('',*,*,#986,.F.);
#2822 = ORIENTED_EDGE('',*,*,#2823,.T.);
#2823 = EDGE_CURVE('',#796,#2824,#2826,.T.);
#2824 = VERTEX_POINT('',#2825);
#2825 = CARTESIAN_POINT('',(-3.,-62.09075832247,-64.55990473344));
#2826 = CIRCLE('',#2827,5.);
#2827 = AXIS2_PLACEMENT_3D('',#2828,#2829,#2830);
#2828 = CARTESIAN_POINT('',(-3.,-66.52581248836,-62.25116166727));
#2829 = DIRECTION('',(-1.,0.,-0.));
#2830 = DIRECTION('',(0.,0.997013968631,-7.722141124762E-02));
#2831 = ORIENTED_EDGE('',*,*,#2832,.T.);
#2832 = EDGE_CURVE('',#2824,#2833,#2835,.T.);
#2833 = VERTEX_POINT('',#2834);
#2834 = CARTESIAN_POINT('',(-3.,-70.96086665425,-59.94241860109));
#2835 = CIRCLE('',#2836,5.);
#2836 = AXIS2_PLACEMENT_3D('',#2837,#2838,#2839);
#2837 = CARTESIAN_POINT('',(-3.,-66.52581248836,-62.25116166727));
#2838 = DIRECTION('',(-0.,-0.461748613235,-0.887010833178));
#2839 = DIRECTION('',(0.,-0.887010833178,0.461748613235));
#2840 = ORIENTED_EDGE('',*,*,#2841,.F.);
#2841 = EDGE_CURVE('',#897,#2833,#2842,.T.);
#2842 = CIRCLE('',#2843,5.);
#2843 = AXIS2_PLACEMENT_3D('',#2844,#2845,#2846);
#2844 = CARTESIAN_POINT('',(-3.,-66.52581248836,-62.25116166727));
#2845 = DIRECTION('',(-1.,0.,0.));
#2846 = DIRECTION('',(0.,-0.997013968631,7.72214112476E-02));
#2847 = SURFACE_OF_REVOLUTION('',#2848,#2856);
#2848 = ( BOUNDED_CURVE() B_SPLINE_CURVE(6,(#2849,#2850,#2851,#2852,
#2853,#2854,#2855),.UNSPECIFIED.,.F.,.F.) B_SPLINE_CURVE_WITH_KNOTS((7,7
),(4.712388980385,7.853981633974),.PIECEWISE_BEZIER_KNOTS.) CURVE() 
GEOMETRIC_REPRESENTATION_ITEM() RATIONAL_B_SPLINE_CURVE((1.132556574715,
    1.036346631341,0.992316309354,0.976461899693,0.992316309354,
1.036346631341,1.132556574715)) REPRESENTATION_ITEM('') );
#2849 = CARTESIAN_POINT('',(-3.,-61.54074264521,-62.6372687235));
#2850 = CARTESIAN_POINT('',(-0.139759004637,-61.54074264521,
    -62.6372687235));
#2851 = CARTESIAN_POINT('',(2.368818602942,-63.41150139005,
    -62.49237343123));
#2852 = CARTESIAN_POINT('',(3.380310319579,-66.52581248836,
    -62.25116166727));
#2853 = CARTESIAN_POINT('',(2.368818602942,-69.64012358667,
    -62.0099499033));
#2854 = CARTESIAN_POINT('',(-0.139759004637,-71.51088233152,
    -61.86505461103));
#2855 = CARTESIAN_POINT('',(-3.,-71.51088233152,-61.86505461103));
#2856 = AXIS1_PLACEMENT('',#2857,#2858);
#2857 = CARTESIAN_POINT('',(-3.,-66.52581248836,-62.25116166727));
#2858 = DIRECTION('',(-1.,0.,0.));
#2859 = ADVANCED_FACE('',(#2860),#2879,.T.);
#2860 = FACE_BOUND('',#2861,.T.);
#2861 = EDGE_LOOP('',(#2862,#2863,#2864,#2872));
#2862 = ORIENTED_EDGE('',*,*,#1708,.F.);
#2863 = ORIENTED_EDGE('',*,*,#2841,.T.);
#2864 = ORIENTED_EDGE('',*,*,#2865,.T.);
#2865 = EDGE_CURVE('',#2833,#2866,#2868,.T.);
#2866 = VERTEX_POINT('',#2867);
#2867 = CARTESIAN_POINT('',(-113.,-70.96086665425,-59.94241860109));
#2868 = LINE('',#2869,#2870);
#2869 = CARTESIAN_POINT('',(-3.,-70.96086665425,-59.94241860109));
#2870 = VECTOR('',#2871,1.);
#2871 = DIRECTION('',(-1.,0.,-0.));
#2872 = ORIENTED_EDGE('',*,*,#2873,.F.);
#2873 = EDGE_CURVE('',#1619,#2866,#2874,.T.);
#2874 = CIRCLE('',#2875,4.999999999999);
#2875 = AXIS2_PLACEMENT_3D('',#2876,#2877,#2878);
#2876 = CARTESIAN_POINT('',(-113.,-66.52581248836,-62.25116166727));
#2877 = DIRECTION('',(-1.,0.,0.));
#2878 = DIRECTION('',(0.,-0.997013968631,7.72214112476E-02));
#2879 = SURFACE_OF_REVOLUTION('',#2880,#2883);
#2880 = B_SPLINE_CURVE_WITH_KNOTS('',1,(#2881,#2882),.UNSPECIFIED.,.F.,
  .F.,(2,2),(0.,110.),.PIECEWISE_BEZIER_KNOTS.);
#2881 = CARTESIAN_POINT('',(-3.,-71.51088233151,-61.86505461103));
#2882 = CARTESIAN_POINT('',(-113.,-71.51088233151,-61.86505461103));
#2883 = AXIS1_PLACEMENT('',#2884,#2885);
#2884 = CARTESIAN_POINT('',(-3.,-66.52581248836,-62.25116166727));
#2885 = DIRECTION('',(-1.,0.,0.));
#2886 = ADVANCED_FACE('',(#2887),#2907,.T.);
#2887 = FACE_BOUND('',#2888,.T.);
#2888 = EDGE_LOOP('',(#2889,#2890,#2891,#2900));
#2889 = ORIENTED_EDGE('',*,*,#2012,.F.);
#2890 = ORIENTED_EDGE('',*,*,#2873,.T.);
#2891 = ORIENTED_EDGE('',*,*,#2892,.T.);
#2892 = EDGE_CURVE('',#2866,#2893,#2895,.T.);
#2893 = VERTEX_POINT('',#2894);
#2894 = CARTESIAN_POINT('',(-113.,-62.09075832247,-64.55990473344));
#2895 = CIRCLE('',#2896,5.);
#2896 = AXIS2_PLACEMENT_3D('',#2897,#2898,#2899);
#2897 = CARTESIAN_POINT('',(-113.,-66.52581248836,-62.25116166727));
#2898 = DIRECTION('',(-0.,-0.461748613235,-0.887010833178));
#2899 = DIRECTION('',(0.,-0.887010833178,0.461748613235));
#2900 = ORIENTED_EDGE('',*,*,#2901,.F.);
#2901 = EDGE_CURVE('',#1923,#2893,#2902,.T.);
#2902 = CIRCLE('',#2903,5.000000000001);
#2903 = AXIS2_PLACEMENT_3D('',#2904,#2905,#2906);
#2904 = CARTESIAN_POINT('',(-113.,-66.52581248836,-62.25116166727));
#2905 = DIRECTION('',(-1.,0.,-0.));
#2906 = DIRECTION('',(0.,0.997013968631,-7.722141124762E-02));
#2907 = SURFACE_OF_REVOLUTION('',#2908,#2916);
#2908 = ( BOUNDED_CURVE() B_SPLINE_CURVE(6,(#2909,#2910,#2911,#2912,
#2913,#2914,#2915),.UNSPECIFIED.,.F.,.F.) B_SPLINE_CURVE_WITH_KNOTS((7,7
),(1.570796326795,4.712388980385),.PIECEWISE_BEZIER_KNOTS.) CURVE() 
GEOMETRIC_REPRESENTATION_ITEM() RATIONAL_B_SPLINE_CURVE((1.132556574715,
    1.036346631341,0.992316309354,0.976461899693,0.992316309354,
1.036346631341,1.132556574715)) REPRESENTATION_ITEM('') );
#2909 = CARTESIAN_POINT('',(-113.,-71.51088233151,-61.86505461103));
#2910 = CARTESIAN_POINT('',(-115.8602409953,-71.51088233151,
    -61.86505461103));
#2911 = CARTESIAN_POINT('',(-118.3688186029,-69.64012358667,
    -62.0099499033));
#2912 = CARTESIAN_POINT('',(-119.3803103195,-66.52581248836,
    -62.25116166727));
#2913 = CARTESIAN_POINT('',(-118.3688186029,-63.41150139005,
    -62.49237343123));
#2914 = CARTESIAN_POINT('',(-115.8602409953,-61.54074264521,
    -62.6372687235));
#2915 = CARTESIAN_POINT('',(-113.,-61.54074264521,-62.6372687235));
#2916 = AXIS1_PLACEMENT('',#2917,#2918);
#2917 = CARTESIAN_POINT('',(-3.,-66.52581248836,-62.25116166727));
#2918 = DIRECTION('',(-1.,0.,0.));
#2919 = ADVANCED_FACE('',(#2920),#2931,.T.);
#2920 = FACE_BOUND('',#2921,.T.);
#2921 = EDGE_LOOP('',(#2922,#2923,#2924,#2930));
#2922 = ORIENTED_EDGE('',*,*,#2643,.F.);
#2923 = ORIENTED_EDGE('',*,*,#2901,.T.);
#2924 = ORIENTED_EDGE('',*,*,#2925,.T.);
#2925 = EDGE_CURVE('',#2893,#2824,#2926,.T.);
#2926 = LINE('',#2927,#2928);
#2927 = CARTESIAN_POINT('',(-3.,-62.09075832247,-64.55990473344));
#2928 = VECTOR('',#2929,1.);
#2929 = DIRECTION('',(1.,0.,0.));
#2930 = ORIENTED_EDGE('',*,*,#2823,.F.);
#2931 = SURFACE_OF_REVOLUTION('',#2932,#2935);
#2932 = B_SPLINE_CURVE_WITH_KNOTS('',1,(#2933,#2934),.UNSPECIFIED.,.F.,
  .F.,(2,2),(-110.,-0.),.PIECEWISE_BEZIER_KNOTS.);
#2933 = CARTESIAN_POINT('',(-113.,-61.54074264521,-62.6372687235));
#2934 = CARTESIAN_POINT('',(-3.,-61.54074264521,-62.6372687235));
#2935 = AXIS1_PLACEMENT('',#2936,#2937);
#2936 = CARTESIAN_POINT('',(-3.,-66.52581248836,-62.25116166727));
#2937 = DIRECTION('',(-1.,0.,0.));
#2938 = ADVANCED_FACE('',(#2939),#3176,.T.);
#2939 = FACE_BOUND('',#2940,.T.);
#2940 = EDGE_LOOP('',(#2941,#2942,#2951,#2960,#2969,#3018,#3027,#3111,
    #3120,#3169));
#2941 = ORIENTED_EDGE('',*,*,#2832,.F.);
#2942 = ORIENTED_EDGE('',*,*,#2943,.T.);
#2943 = EDGE_CURVE('',#2824,#2944,#2946,.T.);
#2944 = VERTEX_POINT('',#2945);
#2945 = CARTESIAN_POINT('',(-3.,62.090758322475,-64.55990473344));
#2946 = CIRCLE('',#2947,70.);
#2947 = AXIS2_PLACEMENT_3D('',#2948,#2949,#2950);
#2948 = CARTESIAN_POINT('',(-3.,-1.42108547152E-14,-96.88230765989));
#2949 = DIRECTION('',(-1.,0.,0.));
#2950 = DIRECTION('',(0.,1.,7.253457094218E-16));
#2951 = ORIENTED_EDGE('',*,*,#2952,.T.);
#2952 = EDGE_CURVE('',#2944,#2953,#2955,.T.);
#2953 = VERTEX_POINT('',#2954);
#2954 = CARTESIAN_POINT('',(-3.,70.960866654256,-59.94241860109));
#2955 = CIRCLE('',#2956,5.);
#2956 = AXIS2_PLACEMENT_3D('',#2957,#2958,#2959);
#2957 = CARTESIAN_POINT('',(-3.,66.525812488367,-62.25116166726));
#2958 = DIRECTION('',(0.,-0.461748613235,0.887010833178));
#2959 = DIRECTION('',(0.,0.887010833178,0.461748613235));
#2960 = ORIENTED_EDGE('',*,*,#2961,.F.);
#2961 = EDGE_CURVE('',#2962,#2953,#2964,.T.);
#2962 = VERTEX_POINT('',#2963);
#2963 = CARTESIAN_POINT('',(-3.,4.2,-16.99263373391));
#2964 = CIRCLE('',#2965,80.);
#2965 = AXIS2_PLACEMENT_3D('',#2966,#2967,#2968);
#2966 = CARTESIAN_POINT('',(-3.,-1.42108547152E-14,-96.88230765989));
#2967 = DIRECTION('',(-1.,0.,0.));
#2968 = DIRECTION('',(0.,1.,7.253457094218E-16));
#2969 = ORIENTED_EDGE('',*,*,#2970,.F.);
#2970 = EDGE_CURVE('',#2971,#2962,#2973,.T.);
#2971 = VERTEX_POINT('',#2972);
#2972 = CARTESIAN_POINT('',(9.988694444864E-15,4.2,-17.99403223192));
#2973 = B_SPLINE_CURVE_WITH_KNOTS('',8,(#2974,#2975,#2976,#2977,#2978,
    #2979,#2980,#2981,#2982,#2983,#2984,#2985,#2986,#2987,#2988,#2989,
    #2990,#2991,#2992,#2993,#2994,#2995,#2996,#2997,#2998,#2999,#3000,
    #3001,#3002,#3003,#3004,#3005,#3006,#3007,#3008,#3009,#3010,#3011,
    #3012,#3013,#3014,#3015,#3016,#3017),.UNSPECIFIED.,.F.,.F.,(9,7,7,7,
    7,7,9),(0.,2.368185931279E-02,4.745237696711E-02,0.352758509174,
    0.511749153366,0.672504621301,1.),.UNSPECIFIED.);
#2974 = CARTESIAN_POINT('',(1.948054308042,4.2,-22.72000000314));
#2975 = CARTESIAN_POINT('',(1.950066184584,4.2,-22.70612967505));
#2976 = CARTESIAN_POINT('',(1.953326090288,4.2,-22.68334358126));
#2977 = CARTESIAN_POINT('',(1.956913457487,4.2,-22.65728499992));
#2978 = CARTESIAN_POINT('',(1.960209552764,4.2,-22.63161034931));
#2979 = CARTESIAN_POINT('',(1.963112878267,4.2,-22.60806508224));
#2980 = CARTESIAN_POINT('',(1.965666066778,4.2,-22.58650398459));
#2981 = CARTESIAN_POINT('',(1.968147396638,4.2,-22.56494833717));
#2982 = CARTESIAN_POINT('',(1.973638113333,4.2,-22.51420848212));
#2983 = CARTESIAN_POINT('',(1.97624054034,4.2,-22.48877513134));
#2984 = CARTESIAN_POINT('',(1.978694798141,4.2,-22.46332676416));
#2985 = CARTESIAN_POINT('',(1.981000786347,4.2,-22.43786438784));
#2986 = CARTESIAN_POINT('',(1.983158412717,4.2,-22.41238901038));
#2987 = CARTESIAN_POINT('',(1.985167593159,4.2,-22.38690164046));
#2988 = CARTESIAN_POINT('',(1.987028251728,4.2,-22.3614032875));
#2989 = CARTESIAN_POINT('',(2.010729960951,4.2,-22.00826859548));
#2990 = CARTESIAN_POINT('',(2.008210029654,4.2,-21.67895652446));
#2991 = CARTESIAN_POINT('',(1.981022795309,4.2,-21.35015816316));
#2992 = CARTESIAN_POINT('',(1.929259735416,4.2,-21.02403092443));
#2993 = CARTESIAN_POINT('',(1.853227963166,4.2,-20.70269393211));
#2994 = CARTESIAN_POINT('',(1.753439053197,4.2,-20.3882272732));
#2995 = CARTESIAN_POINT('',(1.630620266371,4.2,-20.0826667898));
#2996 = CARTESIAN_POINT('',(1.4103048564,4.2,-19.6345413794));
#2997 = CARTESIAN_POINT('',(1.328875389445,4.2,-19.48402999871));
#2998 = CARTESIAN_POINT('',(1.241593788843,4.2,-19.33673511195));
#2999 = CARTESIAN_POINT('',(1.14860797041,4.2,-19.19292264781));
#3000 = CARTESIAN_POINT('',(1.050079732206,4.2,-19.05284951777));
#3001 = CARTESIAN_POINT('',(0.946184737101,4.2,-18.91676351359));
#3002 = CARTESIAN_POINT('',(0.83711249535,4.2,-18.78490320486));
#3003 = CARTESIAN_POINT('',(0.607754266949,4.2,-18.52867824651));
#3004 = CARTESIAN_POINT('',(0.487355070786,4.2,-18.40441062698));
#3005 = CARTESIAN_POINT('',(0.362079213186,4.2,-18.28493184775));
#3006 = CARTESIAN_POINT('',(0.232148691057,4.2,-18.17046576975));
#3007 = CARTESIAN_POINT('',(9.779699299637E-02,4.2,-18.06122314587));
#3008 = CARTESIAN_POINT('',(-4.07309514164E-02,4.2,-17.95740152156));
#3009 = CARTESIAN_POINT('',(-0.183178822328,4.2,-17.85918513563));
#3010 = CARTESIAN_POINT('',(-0.626918105248,4.2,-17.57842291658));
#3011 = CARTESIAN_POINT('',(-0.939772925503,4.2,-17.41403652909));
#3012 = CARTESIAN_POINT('',(-1.26552776415,4.2,-17.27508133702));
#3013 = CARTESIAN_POINT('',(-1.6017589784,4.2,-17.16271975781));
#3014 = CARTESIAN_POINT('',(-1.945954326358,4.2,-17.07783120352));
#3015 = CARTESIAN_POINT('',(-2.295522322031,4.2,-17.0210275378));
#3016 = CARTESIAN_POINT('',(-2.647791558608,4.2,-16.99263373391));
#3017 = CARTESIAN_POINT('',(-3.,4.2,-16.99263373391));
#3018 = ORIENTED_EDGE('',*,*,#3019,.T.);
#3019 = EDGE_CURVE('',#2971,#3020,#3022,.T.);
#3020 = VERTEX_POINT('',#3021);
#3021 = CARTESIAN_POINT('',(1.372147988253E-14,9.922530090512,
    -18.5079279392));
#3022 = CIRCLE('',#3023,79.);
#3023 = AXIS2_PLACEMENT_3D('',#3024,#3025,#3026);
#3024 = CARTESIAN_POINT('',(-2.353672812205E-14,-1.68753899743E-14,
    -96.88230765989));
#3025 = DIRECTION('',(-1.,0.,0.));
#3026 = DIRECTION('',(0.,1.,7.253457094218E-16));
#3027 = ORIENTED_EDGE('',*,*,#3028,.T.);
#3028 = EDGE_CURVE('',#3020,#3029,#3031,.T.);
#3029 = VERTEX_POINT('',#3030);
#3030 = CARTESIAN_POINT('',(2.253445697774E-14,-9.922530090512,
    -18.5079279392));
#3031 = B_SPLINE_CURVE_WITH_KNOTS('',8,(#3032,#3033,#3034,#3035,#3036,
    #3037,#3038,#3039,#3040,#3041,#3042,#3043,#3044,#3045,#3046,#3047,
    #3048,#3049,#3050,#3051,#3052,#3053,#3054,#3055,#3056,#3057,#3058,
    #3059,#3060,#3061,#3062,#3063,#3064,#3065,#3066,#3067,#3068,#3069,
    #3070,#3071,#3072,#3073,#3074,#3075,#3076,#3077,#3078,#3079,#3080,
    #3081,#3082,#3083,#3084,#3085,#3086,#3087,#3088,#3089,#3090,#3091,
    #3092,#3093,#3094,#3095,#3096,#3097,#3098,#3099,#3100,#3101,#3102,
    #3103,#3104,#3105,#3106,#3107,#3108,#3109,#3110),.UNSPECIFIED.,.F.,
  .F.,(9,7,7,7,7,7,7,7,7,7,7,9),(0.,8.669662160769E-03,0.176112723101,
    0.254218360851,0.504466131935,0.746174883155,0.824126759287,
    0.920182433709,0.960925907558,0.980331257011,0.990467343371,1.),
  .UNSPECIFIED.);
#3032 = CARTESIAN_POINT('',(-5.993518234741E-04,9.923213648369,
    -18.50756145171));
#3033 = CARTESIAN_POINT('',(1.179052625433E-02,9.90908582359,
    -18.51513637556));
#3034 = CARTESIAN_POINT('',(2.413059543727E-02,9.894882932572,
    -18.522735683));
#3035 = CARTESIAN_POINT('',(3.642060343783E-02,9.88060526649,
    -18.53035894632));
#3036 = CARTESIAN_POINT('',(4.866031080978E-02,9.866253118787,
    -18.53800573813));
#3037 = CARTESIAN_POINT('',(6.084949094822E-02,9.85182678518,
    -18.54567563139));
#3038 = CARTESIAN_POINT('',(7.298793008952E-02,9.837326563653,
    -18.55336819938));
#3039 = CARTESIAN_POINT('',(8.507542731137E-02,9.822752754463,
    -18.56108301575));
#3040 = CARTESIAN_POINT('',(0.329578312002,9.525216400735,
    -18.71824260098));
#3041 = CARTESIAN_POINT('',(0.54302905518,9.214917603726,-18.87584365755
    ));
#3042 = CARTESIAN_POINT('',(0.735735657233,8.879721933257,
    -19.03836289519));
#3043 = CARTESIAN_POINT('',(0.907271072255,8.522544448445,
    -19.20249078273));
#3044 = CARTESIAN_POINT('',(1.058179950741,8.14652320062,-19.36518238342
    ));
#3045 = CARTESIAN_POINT('',(1.189690203907,7.754849093359,
    -19.52384617829));
#3046 = CARTESIAN_POINT('',(1.303451443583,7.35057489962,-19.67642298139
    ));
#3047 = CARTESIAN_POINT('',(1.446921970582,6.743164501294,
    -19.88898271868));
#3048 = CARTESIAN_POINT('',(1.489114042751,6.5477042723,-19.95496702894)
  );
#3049 = CARTESIAN_POINT('',(1.528053080742,6.350214413362,
    -20.01917995548));
#3050 = CARTESIAN_POINT('',(1.563933031869,6.15089976878,-20.0814992045)
  );
#3051 = CARTESIAN_POINT('',(1.596948023083,5.949946610333,
    -20.14182168554));
#3052 = CARTESIAN_POINT('',(1.627289473093,5.747520990511,
    -20.20006162104));
#3053 = CARTESIAN_POINT('',(1.655143204485,5.543767095741,
    -20.25614865584));
#3054 = CARTESIAN_POINT('',(1.762526573105,4.682116030982,-20.4826470137
    ));
#3055 = CARTESIAN_POINT('',(1.820553558963,4.013815264226,
    -20.63237728561));
#3056 = CARTESIAN_POINT('',(1.860837648518,3.336945421404,-20.7576937075
    ));
#3057 = CARTESIAN_POINT('',(1.888128342694,2.65409697874,-20.85772221737
    ));
#3058 = CARTESIAN_POINT('',(1.906080774927,1.967413988914,
    -20.93203750763));
#3059 = CARTESIAN_POINT('',(1.91706828315,1.278555505927,-20.98049964662
    ));
#3060 = CARTESIAN_POINT('',(1.92224600057,0.588679811183,-21.00309342275
    ));
#3061 = CARTESIAN_POINT('',(1.920742960966,-0.768297248656,
    -20.99652910355));
#3062 = CARTESIAN_POINT('',(1.914461895023,-1.434408014056,
    -20.96911525406));
#3063 = CARTESIAN_POINT('',(1.902547950825,-2.09933387598,
    -20.91757694769));
#3064 = CARTESIAN_POINT('',(1.883793586478,-2.762005646513,
    -20.84194375938));
#3065 = CARTESIAN_POINT('',(1.855927688692,-3.420894755088,
    -20.74236437657));
#3066 = CARTESIAN_POINT('',(1.81557142588,-4.074028574491,
    -20.61924922454));
#3067 = CARTESIAN_POINT('',(1.758386947328,-4.719023070112,
    -20.47341668132));
#3068 = CARTESIAN_POINT('',(1.653268021113,-5.557567994478,
    -20.25236179827));
#3069 = CARTESIAN_POINT('',(1.625323350415,-5.760844564771,
    -20.19625774648));
#3070 = CARTESIAN_POINT('',(1.59489147962,-5.962790927247,
    -20.13801269562));
#3071 = CARTESIAN_POINT('',(1.561787407748,-6.163262979105,
    -20.07769716924));
#3072 = CARTESIAN_POINT('',(1.525820666249,-6.362094855581,
    -20.01539708698));
#3073 = CARTESIAN_POINT('',(1.486798207277,-6.559100577254,
    -19.95121563631));
#3074 = CARTESIAN_POINT('',(1.444527291972,-6.754075697334,
    -19.88527514433));
#3075 = CARTESIAN_POINT('',(1.342493878207,-7.184280877953,
    -19.73447328342));
#3076 = CARTESIAN_POINT('',(1.280949383511,-7.418343129341,
    -19.6487743013));
#3077 = CARTESIAN_POINT('',(1.213835287167,-7.648554892846,
    -19.56089586162));
#3078 = CARTESIAN_POINT('',(1.14081873791,-7.874426501073,
    -19.47116744832));
#3079 = CARTESIAN_POINT('',(1.06159886934,-8.095421968741,
    -19.37997882897));
#3080 = CARTESIAN_POINT('',(0.975925325989,-8.310972032436,
    -19.28778028993));
#3081 = CARTESIAN_POINT('',(0.883620086781,-8.520487690883,
    -19.19507844828));
#3082 = CARTESIAN_POINT('',(0.742602808346,-8.809431660822,
    -19.06312839286));
#3083 = CARTESIAN_POINT('',(0.699395613428,-8.894295933207,
    -19.02383853691));
#3084 = CARTESIAN_POINT('',(0.654975080449,-8.977921277486,
    -18.98460054202));
#3085 = CARTESIAN_POINT('',(0.609338069324,-9.060262616091,
    -18.94545804696));
#3086 = CARTESIAN_POINT('',(0.562484431007,-9.14127572633,
    -18.90645566799));
#3087 = CARTESIAN_POINT('',(0.514417217921,-9.220917387402,
    -18.86763880683));
#3088 = CARTESIAN_POINT('',(0.465142894384,-9.299145527414,
    -18.82905345849));
#3089 = CARTESIAN_POINT('',(0.390632994606,-9.412485306267,
    -18.7725009072));
#3090 = CARTESIAN_POINT('',(0.366322851951,-9.448721427595,
    -18.75431878938));
#3091 = CARTESIAN_POINT('',(0.34174217717,-9.48462336309,-18.73620466833
    ));
#3092 = CARTESIAN_POINT('',(0.316892190543,-9.520186847658,-18.718163536
    ));
#3093 = CARTESIAN_POINT('',(0.291774274533,-9.555407722402,
    -18.70020037369));
#3094 = CARTESIAN_POINT('',(0.26638997379,-9.590281934617,
    -18.68232015207));
#3095 = CARTESIAN_POINT('',(0.240740995146,-9.624805537798,
    -18.6645278312));
#3096 = CARTESIAN_POINT('',(0.201294583226,-9.676822424549,
    -18.63758331372));
#3097 = CARTESIAN_POINT('',(0.187714065843,-9.694539418168,
    -18.62838122781));
#3098 = CARTESIAN_POINT('',(0.174087913151,-9.712126413023,
    -18.61922230439));
#3099 = CARTESIAN_POINT('',(0.160416384025,-9.729584134525,
    -18.61010674387));
#3100 = CARTESIAN_POINT('',(0.146699738534,-9.746913292964,
    -18.60103474544));
#3101 = CARTESIAN_POINT('',(0.132938237944,-9.764114583506,
    -18.59200650705));
#3102 = CARTESIAN_POINT('',(0.119132144717,-9.781188686197,
    -18.58302222544));
#3103 = CARTESIAN_POINT('',(9.225585489556E-02,-9.814074908631,
    -18.56567419785));
#3104 = CARTESIAN_POINT('',(7.916962716871E-02,-9.829927505583,
    -18.55729170653));
#3105 = CARTESIAN_POINT('',(6.602338941286E-02,-9.845693596771,
    -18.54893521346));
#3106 = CARTESIAN_POINT('',(5.281738995098E-02,-9.86137279905,
    -18.54060526201));
#3107 = CARTESIAN_POINT('',(3.955183727939E-02,-9.876964768686,
    -18.53230237245));
#3108 = CARTESIAN_POINT('',(2.622696200142E-02,-9.892469163872,
    -18.52402706671));
#3109 = CARTESIAN_POINT('',(1.284307876105E-02,-9.907885607239,
    -18.51577989322));
#3110 = CARTESIAN_POINT('',(-5.993518234701E-04,-9.923213648369,
    -18.50756145171));
#3111 = ORIENTED_EDGE('',*,*,#3112,.T.);
#3112 = EDGE_CURVE('',#3029,#3113,#3115,.T.);
#3113 = VERTEX_POINT('',#3114);
#3114 = CARTESIAN_POINT('',(9.988694444864E-15,-4.2,-17.99403223192));
#3115 = CIRCLE('',#3116,79.);
#3116 = AXIS2_PLACEMENT_3D('',#3117,#3118,#3119);
#3117 = CARTESIAN_POINT('',(-2.353672812205E-14,-1.68753899743E-14,
    -96.88230765989));
#3118 = DIRECTION('',(-1.,0.,0.));
#3119 = DIRECTION('',(0.,1.,7.253457094218E-16));
#3120 = ORIENTED_EDGE('',*,*,#3121,.T.);
#3121 = EDGE_CURVE('',#3113,#3122,#3124,.T.);
#3122 = VERTEX_POINT('',#3123);
#3123 = CARTESIAN_POINT('',(-3.,-4.2,-16.99263373391));
#3124 = B_SPLINE_CURVE_WITH_KNOTS('',8,(#3125,#3126,#3127,#3128,#3129,
    #3130,#3131,#3132,#3133,#3134,#3135,#3136,#3137,#3138,#3139,#3140,
    #3141,#3142,#3143,#3144,#3145,#3146,#3147,#3148,#3149,#3150,#3151,
    #3152,#3153,#3154,#3155,#3156,#3157,#3158,#3159,#3160,#3161,#3162,
    #3163,#3164,#3165,#3166,#3167,#3168),.UNSPECIFIED.,.F.,.F.,(9,7,7,7,
    7,7,9),(0.,2.368185924609E-02,4.745237690283E-02,0.35275850914,
    0.511749153349,0.672504621301,1.),.UNSPECIFIED.);
#3125 = CARTESIAN_POINT('',(1.948054308042,-4.2,-22.72000000314));
#3126 = CARTESIAN_POINT('',(1.95006618464,-4.2,-22.70612967466));
#3127 = CARTESIAN_POINT('',(1.953326090345,-4.2,-22.68334358085));
#3128 = CARTESIAN_POINT('',(1.956913457524,-4.2,-22.65728499962));
#3129 = CARTESIAN_POINT('',(1.960209552791,-4.2,-22.63161034911));
#3130 = CARTESIAN_POINT('',(1.963112878292,-4.2,-22.60806508203));
#3131 = CARTESIAN_POINT('',(1.965666066812,-4.2,-22.58650398431));
#3132 = CARTESIAN_POINT('',(1.968147396678,-4.2,-22.56494833682));
#3133 = CARTESIAN_POINT('',(1.973638113362,-4.2,-22.51420848184));
#3134 = CARTESIAN_POINT('',(1.976240540368,-4.2,-22.48877513106));
#3135 = CARTESIAN_POINT('',(1.978694798168,-4.2,-22.46332676388));
#3136 = CARTESIAN_POINT('',(1.981000786372,-4.2,-22.43786438756));
#3137 = CARTESIAN_POINT('',(1.983158412741,-4.2,-22.4123890101));
#3138 = CARTESIAN_POINT('',(1.985167593181,-4.2,-22.38690164018));
#3139 = CARTESIAN_POINT('',(1.987028251748,-4.2,-22.36140328722));
#3140 = CARTESIAN_POINT('',(2.010729960951,-4.2,-22.00826859519));
#3141 = CARTESIAN_POINT('',(2.008210029636,-4.2,-21.67895652418));
#3142 = CARTESIAN_POINT('',(1.981022795272,-4.2,-21.35015816288));
#3143 = CARTESIAN_POINT('',(1.929259735361,-4.2,-21.02403092416));
#3144 = CARTESIAN_POINT('',(1.853227963093,-4.2,-20.70269393183));
#3145 = CARTESIAN_POINT('',(1.753439053106,-4.2,-20.38822727293));
#3146 = CARTESIAN_POINT('',(1.630620266263,-4.2,-20.08266678954));
#3147 = CARTESIAN_POINT('',(1.410304856267,-4.2,-19.63454137915));
#3148 = CARTESIAN_POINT('',(1.328875389303,-4.2,-19.48402999847));
#3149 = CARTESIAN_POINT('',(1.241593788692,-4.2,-19.33673511171));
#3150 = CARTESIAN_POINT('',(1.148607970252,-4.2,-19.19292264758));
#3151 = CARTESIAN_POINT('',(1.05007973204,-4.2,-19.05284951754));
#3152 = CARTESIAN_POINT('',(0.946184736927,-4.2,-18.91676351337));
#3153 = CARTESIAN_POINT('',(0.837112495169,-4.2,-18.78490320464));
#3154 = CARTESIAN_POINT('',(0.607754266754,-4.2,-18.5286782463));
#3155 = CARTESIAN_POINT('',(0.487355070583,-4.2,-18.40441062679));
#3156 = CARTESIAN_POINT('',(0.362079212977,-4.2,-18.28493184755));
#3157 = CARTESIAN_POINT('',(0.232148690841,-4.2,-18.17046576957));
#3158 = CARTESIAN_POINT('',(9.779699277431E-02,-4.2,-18.06122314569));
#3159 = CARTESIAN_POINT('',(-4.073095164431E-02,-4.2,-17.95740152139));
#3160 = CARTESIAN_POINT('',(-0.183178822561,-4.2,-17.85918513547));
#3161 = CARTESIAN_POINT('',(-0.626918105467,-4.2,-17.57842291647));
#3162 = CARTESIAN_POINT('',(-0.939772925699,-4.2,-17.414036529));
#3163 = CARTESIAN_POINT('',(-1.265527764319,-4.2,-17.27508133697));
#3164 = CARTESIAN_POINT('',(-1.601758978538,-4.2,-17.16271975778));
#3165 = CARTESIAN_POINT('',(-1.945954326463,-4.2,-17.07783120351));
#3166 = CARTESIAN_POINT('',(-2.295522322101,-4.2,-17.0210275378));
#3167 = CARTESIAN_POINT('',(-2.647791558643,-4.2,-16.99263373391));
#3168 = CARTESIAN_POINT('',(-3.,-4.2,-16.99263373391));
#3169 = ORIENTED_EDGE('',*,*,#3170,.F.);
#3170 = EDGE_CURVE('',#2833,#3122,#3171,.T.);
#3171 = CIRCLE('',#3172,80.);
#3172 = AXIS2_PLACEMENT_3D('',#3173,#3174,#3175);
#3173 = CARTESIAN_POINT('',(-3.,-1.42108547152E-14,-96.88230765989));
#3174 = DIRECTION('',(-1.,0.,0.));
#3175 = DIRECTION('',(0.,1.,7.253457094218E-16));
#3176 = TOROIDAL_SURFACE('',#3177,75.,5.);
#3177 = AXIS2_PLACEMENT_3D('',#3178,#3179,#3180);
#3178 = CARTESIAN_POINT('',(-3.,-1.42108547152E-14,-96.88230765989));
#3179 = DIRECTION('',(-1.,0.,-0.));
#3180 = DIRECTION('',(0.,1.,7.253457094218E-16));
#3181 = ADVANCED_FACE('',(#3182),#3225,.T.);
#3182 = FACE_BOUND('',#3183,.T.);
#3183 = EDGE_LOOP('',(#3184,#3185,#3186,#3194,#3203,#3209,#3210,#3218));
#3184 = ORIENTED_EDGE('',*,*,#2865,.F.);
#3185 = ORIENTED_EDGE('',*,*,#3170,.T.);
#3186 = ORIENTED_EDGE('',*,*,#3187,.T.);
#3187 = EDGE_CURVE('',#3122,#3188,#3190,.T.);
#3188 = VERTEX_POINT('',#3189);
#3189 = CARTESIAN_POINT('',(-50.,-4.2,-16.99263373391));
#3190 = LINE('',#3191,#3192);
#3191 = CARTESIAN_POINT('',(-3.,-4.2,-16.99263373391));
#3192 = VECTOR('',#3193,1.);
#3193 = DIRECTION('',(-1.,0.,0.));
#3194 = ORIENTED_EDGE('',*,*,#3195,.T.);
#3195 = EDGE_CURVE('',#3188,#3196,#3198,.T.);
#3196 = VERTEX_POINT('',#3197);
#3197 = CARTESIAN_POINT('',(-50.,4.2,-16.99263373391));
#3198 = CIRCLE('',#3199,79.999999999999);
#3199 = AXIS2_PLACEMENT_3D('',#3200,#3201,#3202);
#3200 = CARTESIAN_POINT('',(-50.,-1.42108547152E-14,-96.88230765989));
#3201 = DIRECTION('',(-1.,0.,0.));
#3202 = DIRECTION('',(0.,1.,6.661338147751E-16));
#3203 = ORIENTED_EDGE('',*,*,#3204,.F.);
#3204 = EDGE_CURVE('',#2962,#3196,#3205,.T.);
#3205 = LINE('',#3206,#3207);
#3206 = CARTESIAN_POINT('',(-3.,4.2,-16.99263373391));
#3207 = VECTOR('',#3208,1.);
#3208 = DIRECTION('',(-1.,0.,0.));
#3209 = ORIENTED_EDGE('',*,*,#2961,.T.);
#3210 = ORIENTED_EDGE('',*,*,#3211,.T.);
#3211 = EDGE_CURVE('',#2953,#3212,#3214,.T.);
#3212 = VERTEX_POINT('',#3213);
#3213 = CARTESIAN_POINT('',(-113.,70.960866654256,-59.94241860109));
#3214 = LINE('',#3215,#3216);
#3215 = CARTESIAN_POINT('',(-3.,70.960866654256,-59.94241860109));
#3216 = VECTOR('',#3217,1.);
#3217 = DIRECTION('',(-1.,0.,-0.));
#3218 = ORIENTED_EDGE('',*,*,#3219,.F.);
#3219 = EDGE_CURVE('',#2866,#3212,#3220,.T.);
#3220 = CIRCLE('',#3221,79.999999999999);
#3221 = AXIS2_PLACEMENT_3D('',#3222,#3223,#3224);
#3222 = CARTESIAN_POINT('',(-113.,-1.42108547152E-14,-96.88230765989));
#3223 = DIRECTION('',(-1.,0.,0.));
#3224 = DIRECTION('',(0.,1.,6.661338147751E-16));
#3225 = CYLINDRICAL_SURFACE('',#3226,79.999999999999);
#3226 = AXIS2_PLACEMENT_3D('',#3227,#3228,#3229);
#3227 = CARTESIAN_POINT('',(-3.,-1.42108547152E-14,-96.88230765989));
#3228 = DIRECTION('',(-1.,0.,-0.));
#3229 = DIRECTION('',(0.,1.,6.661338147751E-16));
#3230 = ADVANCED_FACE('',(#3231),#3251,.T.);
#3231 = FACE_BOUND('',#3232,.T.);
#3232 = EDGE_LOOP('',(#3233,#3234,#3243,#3250));
#3233 = ORIENTED_EDGE('',*,*,#3219,.T.);
#3234 = ORIENTED_EDGE('',*,*,#3235,.T.);
#3235 = EDGE_CURVE('',#3212,#3236,#3238,.T.);
#3236 = VERTEX_POINT('',#3237);
#3237 = CARTESIAN_POINT('',(-113.,62.090758322475,-64.55990473344));
#3238 = CIRCLE('',#3239,5.);
#3239 = AXIS2_PLACEMENT_3D('',#3240,#3241,#3242);
#3240 = CARTESIAN_POINT('',(-113.,66.525812488365,-62.25116166727));
#3241 = DIRECTION('',(0.,-0.461748613235,0.887010833178));
#3242 = DIRECTION('',(0.,0.887010833178,0.461748613235));
#3243 = ORIENTED_EDGE('',*,*,#3244,.F.);
#3244 = EDGE_CURVE('',#2893,#3236,#3245,.T.);
#3245 = CIRCLE('',#3246,69.999999999999);
#3246 = AXIS2_PLACEMENT_3D('',#3247,#3248,#3249);
#3247 = CARTESIAN_POINT('',(-113.,-1.42108547152E-14,-96.88230765989));
#3248 = DIRECTION('',(-1.,0.,0.));
#3249 = DIRECTION('',(0.,1.,7.253457094218E-16));
#3250 = ORIENTED_EDGE('',*,*,#2892,.F.);
#3251 = TOROIDAL_SURFACE('',#3252,74.999999999999,5.);
#3252 = AXIS2_PLACEMENT_3D('',#3253,#3254,#3255);
#3253 = CARTESIAN_POINT('',(-113.,-1.42108547152E-14,-96.88230765989));
#3254 = DIRECTION('',(-1.,0.,-0.));
#3255 = DIRECTION('',(0.,1.,7.253457094218E-16));
#3256 = ADVANCED_FACE('',(#3257),#3268,.F.);
#3257 = FACE_BOUND('',#3258,.T.);
#3258 = EDGE_LOOP('',(#3259,#3260,#3266,#3267));
#3259 = ORIENTED_EDGE('',*,*,#3244,.T.);
#3260 = ORIENTED_EDGE('',*,*,#3261,.T.);
#3261 = EDGE_CURVE('',#3236,#2944,#3262,.T.);
#3262 = LINE('',#3263,#3264);
#3263 = CARTESIAN_POINT('',(-3.,62.090758322475,-64.55990473344));
#3264 = VECTOR('',#3265,1.);
#3265 = DIRECTION('',(1.,0.,0.));
#3266 = ORIENTED_EDGE('',*,*,#2943,.F.);
#3267 = ORIENTED_EDGE('',*,*,#2925,.F.);
#3268 = CYLINDRICAL_SURFACE('',#3269,70.);
#3269 = AXIS2_PLACEMENT_3D('',#3270,#3271,#3272);
#3270 = CARTESIAN_POINT('',(-3.,-1.42108547152E-14,-96.88230765989));
#3271 = DIRECTION('',(1.,0.,0.));
#3272 = DIRECTION('',(0.,1.,7.930164461608E-16));
#3273 = ADVANCED_FACE('',(#3274),#3300,.T.);
#3274 = FACE_BOUND('',#3275,.T.);
#3275 = EDGE_LOOP('',(#3276,#3277,#3285,#3293,#3299));
#3276 = ORIENTED_EDGE('',*,*,#3121,.F.);
#3277 = ORIENTED_EDGE('',*,*,#3278,.T.);
#3278 = EDGE_CURVE('',#3113,#3279,#3281,.T.);
#3279 = VERTEX_POINT('',#3280);
#3280 = CARTESIAN_POINT('',(2.953356689307E-15,-4.2,-15.));
#3281 = LINE('',#3282,#3283);
#3282 = CARTESIAN_POINT('',(8.326672686436E-15,-4.2,-15.00000000314));
#3283 = VECTOR('',#3284,1.);
#3284 = DIRECTION('',(-5.551115123126E-16,7.771561172376E-16,1.));
#3285 = ORIENTED_EDGE('',*,*,#3286,.T.);
#3286 = EDGE_CURVE('',#3279,#3287,#3289,.T.);
#3287 = VERTEX_POINT('',#3288);
#3288 = CARTESIAN_POINT('',(-50.,-4.2,-15.));
#3289 = LINE('',#3290,#3291);
#3290 = CARTESIAN_POINT('',(-12.5,-4.2,-15.));
#3291 = VECTOR('',#3292,1.);
#3292 = DIRECTION('',(-1.,6.750344542575E-16,0.));
#3293 = ORIENTED_EDGE('',*,*,#3294,.T.);
#3294 = EDGE_CURVE('',#3287,#3188,#3295,.T.);
#3295 = LINE('',#3296,#3297);
#3296 = CARTESIAN_POINT('',(-50.,-4.2,-15.00000000314));
#3297 = VECTOR('',#3298,1.);
#3298 = DIRECTION('',(5.551115123126E-16,-7.771561172376E-16,-1.));
#3299 = ORIENTED_EDGE('',*,*,#3187,.F.);
#3300 = PLANE('',#3301);
#3301 = AXIS2_PLACEMENT_3D('',#3302,#3303,#3304);
#3302 = CARTESIAN_POINT('',(-25.,-4.2,-18.40000000314));
#3303 = DIRECTION('',(-6.750344542575E-16,-1.,8.40302601518E-16));
#3304 = DIRECTION('',(1.110223024625E-16,-8.40302601518E-16,-1.));
#3305 = ADVANCED_FACE('',(#3306),#3325,.F.);
#3306 = FACE_BOUND('',#3307,.F.);
#3307 = EDGE_LOOP('',(#3308,#3316,#3323,#3324));
#3308 = ORIENTED_EDGE('',*,*,#3309,.T.);
#3309 = EDGE_CURVE('',#3279,#3310,#3312,.T.);
#3310 = VERTEX_POINT('',#3311);
#3311 = CARTESIAN_POINT('',(9.170089271839E-15,-14.69693845669,-15.));
#3312 = LINE('',#3313,#3314);
#3313 = CARTESIAN_POINT('',(-2.419959306075E-15,15.,-15.));
#3314 = VECTOR('',#3315,1.);
#3315 = DIRECTION('',(0.,-1.,0.));
#3316 = ORIENTED_EDGE('',*,*,#3317,.T.);
#3317 = EDGE_CURVE('',#3310,#3029,#3318,.T.);
#3318 = CIRCLE('',#3319,21.);
#3319 = AXIS2_PLACEMENT_3D('',#3320,#3321,#3322);
#3320 = CARTESIAN_POINT('',(-2.419959306075E-15,1.612016724157E-30,
    5.916456789158E-30));
#3321 = DIRECTION('',(1.,8.881784197001E-16,1.554312234475E-15));
#3322 = DIRECTION('',(-8.881784197001E-16,1.,-1.554312234475E-15));
#3323 = ORIENTED_EDGE('',*,*,#3112,.T.);
#3324 = ORIENTED_EDGE('',*,*,#3278,.T.);
#3325 = PLANE('',#3326);
#3326 = AXIS2_PLACEMENT_3D('',#3327,#3328,#3329);
#3327 = CARTESIAN_POINT('',(-2.419959306075E-15,-1.041859148601E-15,
    1.846063891983E-16));
#3328 = DIRECTION('',(1.,-1.33226762955E-15,-6.661338147751E-16));
#3329 = DIRECTION('',(-1.554312234475E-15,-6.661338147751E-16,1.));
#3330 = ADVANCED_FACE('',(#3331),#3430,.T.);
#3331 = FACE_BOUND('',#3332,.F.);
#3332 = EDGE_LOOP('',(#3333,#3344,#3352,#3359,#3360,#3369,#3378,#3385,
    #3386,#3387,#3396,#3405,#3414,#3423));
#3333 = ORIENTED_EDGE('',*,*,#3334,.F.);
#3334 = EDGE_CURVE('',#3335,#3337,#3339,.T.);
#3335 = VERTEX_POINT('',#3336);
#3336 = CARTESIAN_POINT('',(-2.419959306075E-15,21.,-1.398881011028E-14)
  );
#3337 = VERTEX_POINT('',#3338);
#3338 = CARTESIAN_POINT('',(-1.390906811301E-14,15.,14.696938456699));
#3339 = CIRCLE('',#3340,21.);
#3340 = AXIS2_PLACEMENT_3D('',#3341,#3342,#3343);
#3341 = CARTESIAN_POINT('',(-2.419959306075E-15,1.612016724157E-30,
    5.916456789158E-30));
#3342 = DIRECTION('',(1.,8.881784197001E-16,1.554312234475E-15));
#3343 = DIRECTION('',(-8.881784197001E-16,1.,-1.554312234475E-15));
#3344 = ORIENTED_EDGE('',*,*,#3345,.T.);
#3345 = EDGE_CURVE('',#3335,#3346,#3348,.T.);
#3346 = VERTEX_POINT('',#3347);
#3347 = CARTESIAN_POINT('',(2.,21.,-1.354472090043E-14));
#3348 = LINE('',#3349,#3350);
#3349 = CARTESIAN_POINT('',(-1.174583271293E-14,21.,-2.331468351713E-14)
  );
#3350 = VECTOR('',#3351,1.);
#3351 = DIRECTION('',(1.,-8.881784197001E-16,-2.22044604925E-16));
#3352 = ORIENTED_EDGE('',*,*,#3353,.T.);
#3353 = EDGE_CURVE('',#3346,#3346,#3354,.T.);
#3354 = CIRCLE('',#3355,21.);
#3355 = AXIS2_PLACEMENT_3D('',#3356,#3357,#3358);
#3356 = CARTESIAN_POINT('',(2.,-8.881784197001E-16,-4.662936703426E-15)
  );
#3357 = DIRECTION('',(1.,8.881784197001E-16,1.554312234475E-15));
#3358 = DIRECTION('',(-8.881784197001E-16,1.,-1.554312234475E-15));
#3359 = ORIENTED_EDGE('',*,*,#3345,.F.);
#3360 = ORIENTED_EDGE('',*,*,#3361,.F.);
#3361 = EDGE_CURVE('',#3362,#3335,#3364,.T.);
#3362 = VERTEX_POINT('',#3363);
#3363 = CARTESIAN_POINT('',(2.407811353113E-15,14.999999999999,
    -14.6969384567));
#3364 = CIRCLE('',#3365,21.);
#3365 = AXIS2_PLACEMENT_3D('',#3366,#3367,#3368);
#3366 = CARTESIAN_POINT('',(-2.419959306075E-15,1.612016724157E-30,
    5.916456789158E-30));
#3367 = DIRECTION('',(1.,8.881784197001E-16,1.554312234475E-15));
#3368 = DIRECTION('',(-8.881784197001E-16,1.,-1.554312234475E-15));
#3369 = ORIENTED_EDGE('',*,*,#3370,.F.);
#3370 = EDGE_CURVE('',#3371,#3362,#3373,.T.);
#3371 = VERTEX_POINT('',#3372);
#3372 = CARTESIAN_POINT('',(2.643337485389E-15,14.696938456698,-15.));
#3373 = CIRCLE('',#3374,21.);
#3374 = AXIS2_PLACEMENT_3D('',#3375,#3376,#3377);
#3375 = CARTESIAN_POINT('',(-2.419959306075E-15,1.612016724157E-30,
    5.916456789158E-30));
#3376 = DIRECTION('',(1.,8.881784197001E-16,1.554312234475E-15));
#3377 = DIRECTION('',(-8.881784197001E-16,1.,-1.554312234475E-15));
#3378 = ORIENTED_EDGE('',*,*,#3379,.F.);
#3379 = EDGE_CURVE('',#3020,#3371,#3380,.T.);
#3380 = CIRCLE('',#3381,21.);
#3381 = AXIS2_PLACEMENT_3D('',#3382,#3383,#3384);
#3382 = CARTESIAN_POINT('',(-2.419959306075E-15,1.612016724157E-30,
    5.916456789158E-30));
#3383 = DIRECTION('',(1.,8.881784197001E-16,1.554312234475E-15));
#3384 = DIRECTION('',(-8.881784197001E-16,1.,-1.554312234475E-15));
#3385 = ORIENTED_EDGE('',*,*,#3028,.T.);
#3386 = ORIENTED_EDGE('',*,*,#3317,.F.);
#3387 = ORIENTED_EDGE('',*,*,#3388,.F.);
#3388 = EDGE_CURVE('',#3389,#3310,#3391,.T.);
#3389 = VERTEX_POINT('',#3390);
#3390 = CARTESIAN_POINT('',(9.069149500863E-15,-15.,-14.69693845669));
#3391 = CIRCLE('',#3392,21.);
#3392 = AXIS2_PLACEMENT_3D('',#3393,#3394,#3395);
#3393 = CARTESIAN_POINT('',(-2.419959306075E-15,1.612016724157E-30,
    5.916456789158E-30));
#3394 = DIRECTION('',(1.,8.881784197001E-16,1.554312234475E-15));
#3395 = DIRECTION('',(-8.881784197001E-16,1.,-1.554312234475E-15));
#3396 = ORIENTED_EDGE('',*,*,#3397,.F.);
#3397 = EDGE_CURVE('',#3398,#3389,#3400,.T.);
#3398 = VERTEX_POINT('',#3399);
#3399 = CARTESIAN_POINT('',(-7.247729965263E-15,-15.,14.696938456699));
#3400 = CIRCLE('',#3401,21.);
#3401 = AXIS2_PLACEMENT_3D('',#3402,#3403,#3404);
#3402 = CARTESIAN_POINT('',(-2.419959306075E-15,1.612016724157E-30,
    5.916456789158E-30));
#3403 = DIRECTION('',(1.,8.881784197001E-16,1.554312234475E-15));
#3404 = DIRECTION('',(-8.881784197001E-16,1.,-1.554312234475E-15));
#3405 = ORIENTED_EDGE('',*,*,#3406,.F.);
#3406 = EDGE_CURVE('',#3407,#3398,#3409,.T.);
#3407 = VERTEX_POINT('',#3408);
#3408 = CARTESIAN_POINT('',(-7.483256097539E-15,-14.69693845669,15.));
#3409 = CIRCLE('',#3410,21.);
#3410 = AXIS2_PLACEMENT_3D('',#3411,#3412,#3413);
#3411 = CARTESIAN_POINT('',(-2.419959306075E-15,1.612016724157E-30,
    5.916456789158E-30));
#3412 = DIRECTION('',(1.,8.881784197001E-16,1.554312234475E-15));
#3413 = DIRECTION('',(-8.881784197001E-16,1.,-1.554312234475E-15));
#3414 = ORIENTED_EDGE('',*,*,#3415,.F.);
#3415 = EDGE_CURVE('',#3416,#3407,#3418,.T.);
#3416 = VERTEX_POINT('',#3417);
#3417 = CARTESIAN_POINT('',(-1.401000788399E-14,14.6969384567,
    14.999999999999));
#3418 = CIRCLE('',#3419,21.);
#3419 = AXIS2_PLACEMENT_3D('',#3420,#3421,#3422);
#3420 = CARTESIAN_POINT('',(-2.419959306075E-15,1.612016724157E-30,
    5.916456789158E-30));
#3421 = DIRECTION('',(1.,8.881784197001E-16,1.554312234475E-15));
#3422 = DIRECTION('',(-8.881784197001E-16,1.,-1.554312234475E-15));
#3423 = ORIENTED_EDGE('',*,*,#3424,.F.);
#3424 = EDGE_CURVE('',#3337,#3416,#3425,.T.);
#3425 = CIRCLE('',#3426,21.);
#3426 = AXIS2_PLACEMENT_3D('',#3427,#3428,#3429);
#3427 = CARTESIAN_POINT('',(-2.419959306075E-15,1.612016724157E-30,
    5.916456789158E-30));
#3428 = DIRECTION('',(1.,8.881784197001E-16,1.554312234475E-15));
#3429 = DIRECTION('',(-8.881784197001E-16,1.,-1.554312234475E-15));
#3430 = CYLINDRICAL_SURFACE('',#3431,21.);
#3431 = AXIS2_PLACEMENT_3D('',#3432,#3433,#3434);
#3432 = CARTESIAN_POINT('',(-2.419959306075E-15,2.686694540261E-30,
    2.686694540261E-31));
#3433 = DIRECTION('',(-1.,6.661338147751E-16,-3.574525976783E-31));
#3434 = DIRECTION('',(-4.440892098501E-16,1.,-1.110223024625E-15));
#3435 = ADVANCED_FACE('',(#3436),#3454,.F.);
#3436 = FACE_BOUND('',#3437,.F.);
#3437 = EDGE_LOOP('',(#3438,#3446,#3447,#3448));
#3438 = ORIENTED_EDGE('',*,*,#3439,.T.);
#3439 = EDGE_CURVE('',#3440,#2971,#3442,.T.);
#3440 = VERTEX_POINT('',#3441);
#3441 = CARTESIAN_POINT('',(2.953356689307E-15,4.2,-15.));
#3442 = LINE('',#3443,#3444);
#3443 = CARTESIAN_POINT('',(8.326672686436E-15,4.2,-15.00000000314));
#3444 = VECTOR('',#3445,1.);
#3445 = DIRECTION('',(5.551115123126E-16,-7.771561172376E-16,-1.));
#3446 = ORIENTED_EDGE('',*,*,#3019,.T.);
#3447 = ORIENTED_EDGE('',*,*,#3379,.T.);
#3448 = ORIENTED_EDGE('',*,*,#3449,.T.);
#3449 = EDGE_CURVE('',#3371,#3440,#3450,.T.);
#3450 = LINE('',#3451,#3452);
#3451 = CARTESIAN_POINT('',(-2.419959306075E-15,15.,-15.));
#3452 = VECTOR('',#3453,1.);
#3453 = DIRECTION('',(0.,-1.,0.));
#3454 = PLANE('',#3455);
#3455 = AXIS2_PLACEMENT_3D('',#3456,#3457,#3458);
#3456 = CARTESIAN_POINT('',(-2.419959306075E-15,-1.041859148601E-15,
    1.846063891983E-16));
#3457 = DIRECTION('',(1.,-1.33226762955E-15,-6.661338147751E-16));
#3458 = DIRECTION('',(-1.554312234475E-15,-6.661338147751E-16,1.));
#3459 = ADVANCED_FACE('',(#3460),#3479,.T.);
#3460 = FACE_BOUND('',#3461,.T.);
#3461 = EDGE_LOOP('',(#3462,#3470,#3471,#3472,#3473));
#3462 = ORIENTED_EDGE('',*,*,#3463,.T.);
#3463 = EDGE_CURVE('',#3464,#3440,#3466,.T.);
#3464 = VERTEX_POINT('',#3465);
#3465 = CARTESIAN_POINT('',(-50.,4.2,-15.));
#3466 = LINE('',#3467,#3468);
#3467 = CARTESIAN_POINT('',(-12.5,4.2,-15.));
#3468 = VECTOR('',#3469,1.);
#3469 = DIRECTION('',(1.,-6.750344542575E-16,0.));
#3470 = ORIENTED_EDGE('',*,*,#3439,.T.);
#3471 = ORIENTED_EDGE('',*,*,#2970,.T.);
#3472 = ORIENTED_EDGE('',*,*,#3204,.T.);
#3473 = ORIENTED_EDGE('',*,*,#3474,.F.);
#3474 = EDGE_CURVE('',#3464,#3196,#3475,.T.);
#3475 = LINE('',#3476,#3477);
#3476 = CARTESIAN_POINT('',(-50.,4.2,-14.80000000314));
#3477 = VECTOR('',#3478,1.);
#3478 = DIRECTION('',(5.551115123126E-16,-7.771561172376E-16,-1.));
#3479 = PLANE('',#3480);
#3480 = AXIS2_PLACEMENT_3D('',#3481,#3482,#3483);
#3481 = CARTESIAN_POINT('',(-25.,4.2,-18.40000000314));
#3482 = DIRECTION('',(6.750344542575E-16,1.,-8.40302601518E-16));
#3483 = DIRECTION('',(-1.110223024625E-16,8.40302601518E-16,1.));
#3484 = ADVANCED_FACE('',(#3485),#3516,.T.);
#3485 = FACE_BOUND('',#3486,.T.);
#3486 = EDGE_LOOP('',(#3487,#3488,#3497,#3509));
#3487 = ORIENTED_EDGE('',*,*,#2952,.F.);
#3488 = ORIENTED_EDGE('',*,*,#3489,.T.);
#3489 = EDGE_CURVE('',#2944,#3490,#3492,.T.);
#3490 = VERTEX_POINT('',#3491);
#3491 = CARTESIAN_POINT('',(-3.,61.540742645213,-62.6372687235));
#3492 = CIRCLE('',#3493,5.);
#3493 = AXIS2_PLACEMENT_3D('',#3494,#3495,#3496);
#3494 = CARTESIAN_POINT('',(-3.,66.525812488367,-62.25116166727));
#3495 = DIRECTION('',(-1.,-0.,0.));
#3496 = DIRECTION('',(0.,-0.887010833178,-0.461748613235));
#3497 = ORIENTED_EDGE('',*,*,#3498,.T.);
#3498 = EDGE_CURVE('',#3490,#3499,#3501,.T.);
#3499 = VERTEX_POINT('',#3500);
#3500 = CARTESIAN_POINT('',(-3.,71.510882331519,-61.86505461103));
#3501 = ( BOUNDED_CURVE() B_SPLINE_CURVE(6,(#3502,#3503,#3504,#3505,
#3506,#3507,#3508),.UNSPECIFIED.,.F.,.F.) B_SPLINE_CURVE_WITH_KNOTS((7,7
),(4.712388980385,7.853981633974),.PIECEWISE_BEZIER_KNOTS.) CURVE() 
GEOMETRIC_REPRESENTATION_ITEM() RATIONAL_B_SPLINE_CURVE((1.132556574715,
    1.036346631341,0.992316309354,0.976461899693,0.992316309354,
1.036346631341,1.132556574715)) REPRESENTATION_ITEM('') );
#3502 = CARTESIAN_POINT('',(-3.,61.540742645213,-62.6372687235));
#3503 = CARTESIAN_POINT('',(-0.139759004637,61.540742645213,
    -62.6372687235));
#3504 = CARTESIAN_POINT('',(2.368818602942,63.411501390057,
    -62.49237343123));
#3505 = CARTESIAN_POINT('',(3.380310319579,66.525812488367,
    -62.25116166726));
#3506 = CARTESIAN_POINT('',(2.368818602942,69.640123586676,
    -62.0099499033));
#3507 = CARTESIAN_POINT('',(-0.139759004637,71.510882331521,
    -61.86505461103));
#3508 = CARTESIAN_POINT('',(-3.,71.510882331521,-61.86505461103));
#3509 = ORIENTED_EDGE('',*,*,#3510,.F.);
#3510 = EDGE_CURVE('',#2953,#3499,#3511,.T.);
#3511 = CIRCLE('',#3512,5.);
#3512 = AXIS2_PLACEMENT_3D('',#3513,#3514,#3515);
#3513 = CARTESIAN_POINT('',(-3.,66.525812488367,-62.25116166727));
#3514 = DIRECTION('',(-1.,0.,0.));
#3515 = DIRECTION('',(0.,0.887010833178,0.461748613235));
#3516 = SURFACE_OF_REVOLUTION('',#3517,#3522);
#3517 = CIRCLE('',#3518,5.);
#3518 = AXIS2_PLACEMENT_3D('',#3519,#3520,#3521);
#3519 = CARTESIAN_POINT('',(-3.,66.525812488367,-62.25116166726));
#3520 = DIRECTION('',(0.,-0.461748613235,0.887010833178));
#3521 = DIRECTION('',(0.,0.887010833178,0.461748613235));
#3522 = AXIS1_PLACEMENT('',#3523,#3524);
#3523 = CARTESIAN_POINT('',(-3.,66.525812488367,-62.25116166727));
#3524 = DIRECTION('',(-1.,0.,0.));
#3525 = ADVANCED_FACE('',(#3526),#3544,.T.);
#3526 = FACE_BOUND('',#3527,.T.);
#3527 = EDGE_LOOP('',(#3528,#3529,#3530,#3537));
#3528 = ORIENTED_EDGE('',*,*,#3211,.F.);
#3529 = ORIENTED_EDGE('',*,*,#3510,.T.);
#3530 = ORIENTED_EDGE('',*,*,#3531,.T.);
#3531 = EDGE_CURVE('',#3499,#3532,#3534,.T.);
#3532 = VERTEX_POINT('',#3533);
#3533 = CARTESIAN_POINT('',(-113.,71.510882331519,-61.86505461103));
#3534 = B_SPLINE_CURVE_WITH_KNOTS('',1,(#3535,#3536),.UNSPECIFIED.,.F.,
  .F.,(2,2),(0.,110.),.PIECEWISE_BEZIER_KNOTS.);
#3535 = CARTESIAN_POINT('',(-3.,71.510882331519,-61.86505461103));
#3536 = CARTESIAN_POINT('',(-113.,71.510882331519,-61.86505461103));
#3537 = ORIENTED_EDGE('',*,*,#3538,.F.);
#3538 = EDGE_CURVE('',#3212,#3532,#3539,.T.);
#3539 = CIRCLE('',#3540,4.999999999999);
#3540 = AXIS2_PLACEMENT_3D('',#3541,#3542,#3543);
#3541 = CARTESIAN_POINT('',(-113.,66.525812488367,-62.25116166727));
#3542 = DIRECTION('',(-1.,0.,0.));
#3543 = DIRECTION('',(0.,0.887010833178,0.461748613235));
#3544 = SURFACE_OF_REVOLUTION('',#3545,#3549);
#3545 = LINE('',#3546,#3547);
#3546 = CARTESIAN_POINT('',(-3.,70.960866654256,-59.94241860109));
#3547 = VECTOR('',#3548,1.);
#3548 = DIRECTION('',(-1.,0.,-0.));
#3549 = AXIS1_PLACEMENT('',#3550,#3551);
#3550 = CARTESIAN_POINT('',(-3.,66.525812488367,-62.25116166727));
#3551 = DIRECTION('',(-1.,0.,0.));
#3552 = ADVANCED_FACE('',(#3553),#3564,.T.);
#3553 = FACE_BOUND('',#3554,.T.);
#3554 = EDGE_LOOP('',(#3555,#3561,#3562,#3563));
#3555 = ORIENTED_EDGE('',*,*,#3556,.T.);
#3556 = EDGE_CURVE('',#3287,#3464,#3557,.T.);
#3557 = LINE('',#3558,#3559);
#3558 = CARTESIAN_POINT('',(-50.,7.5,-15.));
#3559 = VECTOR('',#3560,1.);
#3560 = DIRECTION('',(-4.378042404839E-32,1.,0.));
#3561 = ORIENTED_EDGE('',*,*,#3474,.T.);
#3562 = ORIENTED_EDGE('',*,*,#3195,.F.);
#3563 = ORIENTED_EDGE('',*,*,#3294,.F.);
#3564 = PLANE('',#3565);
#3565 = AXIS2_PLACEMENT_3D('',#3566,#3567,#3568);
#3566 = CARTESIAN_POINT('',(-50.,2.32607724568E-14,-14.70197568393));
#3567 = DIRECTION('',(-1.,-4.378042404839E-32,-3.943390028609E-16));
#3568 = DIRECTION('',(3.943390028609E-16,-1.110223024625E-16,-1.));
#3569 = ADVANCED_FACE('',(#3570),#3593,.T.);
#3570 = FACE_BOUND('',#3571,.T.);
#3571 = EDGE_LOOP('',(#3572,#3573,#3574,#3586));
#3572 = ORIENTED_EDGE('',*,*,#3235,.F.);
#3573 = ORIENTED_EDGE('',*,*,#3538,.T.);
#3574 = ORIENTED_EDGE('',*,*,#3575,.T.);
#3575 = EDGE_CURVE('',#3532,#3576,#3578,.T.);
#3576 = VERTEX_POINT('',#3577);
#3577 = CARTESIAN_POINT('',(-113.,61.540742645211,-62.6372687235));
#3578 = ( BOUNDED_CURVE() B_SPLINE_CURVE(6,(#3579,#3580,#3581,#3582,
#3583,#3584,#3585),.UNSPECIFIED.,.F.,.F.) B_SPLINE_CURVE_WITH_KNOTS((7,7
),(1.570796326795,4.712388980385),.PIECEWISE_BEZIER_KNOTS.) CURVE() 
GEOMETRIC_REPRESENTATION_ITEM() RATIONAL_B_SPLINE_CURVE((1.132556574715,
    1.036346631341,0.992316309354,0.976461899693,0.992316309354,
1.036346631341,1.132556574715)) REPRESENTATION_ITEM('') );
#3579 = CARTESIAN_POINT('',(-113.,71.510882331519,-61.86505461103));
#3580 = CARTESIAN_POINT('',(-115.8602409953,71.510882331519,
    -61.86505461103));
#3581 = CARTESIAN_POINT('',(-118.3688186029,69.640123586675,
    -62.0099499033));
#3582 = CARTESIAN_POINT('',(-119.3803103195,66.525812488365,
    -62.25116166727));
#3583 = CARTESIAN_POINT('',(-118.3688186029,63.411501390056,
    -62.49237343123));
#3584 = CARTESIAN_POINT('',(-115.8602409953,61.540742645211,
    -62.6372687235));
#3585 = CARTESIAN_POINT('',(-113.,61.540742645211,-62.6372687235));
#3586 = ORIENTED_EDGE('',*,*,#3587,.F.);
#3587 = EDGE_CURVE('',#3236,#3576,#3588,.T.);
#3588 = CIRCLE('',#3589,5.000000000001);
#3589 = AXIS2_PLACEMENT_3D('',#3590,#3591,#3592);
#3590 = CARTESIAN_POINT('',(-113.,66.525812488367,-62.25116166727));
#3591 = DIRECTION('',(-1.,-0.,0.));
#3592 = DIRECTION('',(0.,-0.887010833178,-0.461748613235));
#3593 = SURFACE_OF_REVOLUTION('',#3594,#3599);
#3594 = CIRCLE('',#3595,5.);
#3595 = AXIS2_PLACEMENT_3D('',#3596,#3597,#3598);
#3596 = CARTESIAN_POINT('',(-113.,66.525812488365,-62.25116166727));
#3597 = DIRECTION('',(0.,-0.461748613235,0.887010833178));
#3598 = DIRECTION('',(0.,0.887010833178,0.461748613235));
#3599 = AXIS1_PLACEMENT('',#3600,#3601);
#3600 = CARTESIAN_POINT('',(-3.,66.525812488367,-62.25116166727));
#3601 = DIRECTION('',(-1.,0.,0.));
#3602 = ADVANCED_FACE('',(#3603),#3613,.T.);
#3603 = FACE_BOUND('',#3604,.T.);
#3604 = EDGE_LOOP('',(#3605,#3606,#3607,#3612));
#3605 = ORIENTED_EDGE('',*,*,#3261,.F.);
#3606 = ORIENTED_EDGE('',*,*,#3587,.T.);
#3607 = ORIENTED_EDGE('',*,*,#3608,.T.);
#3608 = EDGE_CURVE('',#3576,#3490,#3609,.T.);
#3609 = B_SPLINE_CURVE_WITH_KNOTS('',1,(#3610,#3611),.UNSPECIFIED.,.F.,
  .F.,(2,2),(-110.,-0.),.PIECEWISE_BEZIER_KNOTS.);
#3610 = CARTESIAN_POINT('',(-113.,61.540742645211,-62.6372687235));
#3611 = CARTESIAN_POINT('',(-3.,61.540742645213,-62.6372687235));
#3612 = ORIENTED_EDGE('',*,*,#3489,.F.);
#3613 = SURFACE_OF_REVOLUTION('',#3614,#3618);
#3614 = LINE('',#3615,#3616);
#3615 = CARTESIAN_POINT('',(-3.,62.090758322475,-64.55990473344));
#3616 = VECTOR('',#3617,1.);
#3617 = DIRECTION('',(1.,0.,0.));
#3618 = AXIS1_PLACEMENT('',#3619,#3620);
#3619 = CARTESIAN_POINT('',(-3.,66.525812488367,-62.25116166727));
#3620 = DIRECTION('',(-1.,0.,0.));
#3621 = ADVANCED_FACE('',(#3622),#3667,.F.);
#3622 = FACE_BOUND('',#3623,.F.);
#3623 = EDGE_LOOP('',(#3624,#3632,#3640,#3648,#3656,#3662,#3663,#3664,
    #3665,#3666));
#3624 = ORIENTED_EDGE('',*,*,#3625,.F.);
#3625 = EDGE_CURVE('',#3626,#3371,#3628,.T.);
#3626 = VERTEX_POINT('',#3627);
#3627 = CARTESIAN_POINT('',(-2.419959306075E-15,15.,-15.));
#3628 = LINE('',#3629,#3630);
#3629 = CARTESIAN_POINT('',(-2.419959306075E-15,15.,-15.));
#3630 = VECTOR('',#3631,1.);
#3631 = DIRECTION('',(0.,-1.,0.));
#3632 = ORIENTED_EDGE('',*,*,#3633,.T.);
#3633 = EDGE_CURVE('',#3626,#3634,#3636,.T.);
#3634 = VERTEX_POINT('',#3635);
#3635 = CARTESIAN_POINT('',(-400.,15.,-15.));
#3636 = LINE('',#3637,#3638);
#3637 = CARTESIAN_POINT('',(-2.419959306075E-15,15.,-15.));
#3638 = VECTOR('',#3639,1.);
#3639 = DIRECTION('',(-1.,0.,0.));
#3640 = ORIENTED_EDGE('',*,*,#3641,.T.);
#3641 = EDGE_CURVE('',#3634,#3642,#3644,.T.);
#3642 = VERTEX_POINT('',#3643);
#3643 = CARTESIAN_POINT('',(-400.,-15.,-15.));
#3644 = LINE('',#3645,#3646);
#3645 = CARTESIAN_POINT('',(-400.,15.,-15.));
#3646 = VECTOR('',#3647,1.);
#3647 = DIRECTION('',(0.,-1.,0.));
#3648 = ORIENTED_EDGE('',*,*,#3649,.F.);
#3649 = EDGE_CURVE('',#3650,#3642,#3652,.T.);
#3650 = VERTEX_POINT('',#3651);
#3651 = CARTESIAN_POINT('',(-2.419959306075E-15,-15.,-15.));
#3652 = LINE('',#3653,#3654);
#3653 = CARTESIAN_POINT('',(-2.419959306075E-15,-15.,-15.));
#3654 = VECTOR('',#3655,1.);
#3655 = DIRECTION('',(-1.,0.,0.));
#3656 = ORIENTED_EDGE('',*,*,#3657,.F.);
#3657 = EDGE_CURVE('',#3310,#3650,#3658,.T.);
#3658 = LINE('',#3659,#3660);
#3659 = CARTESIAN_POINT('',(-2.419959306075E-15,15.,-15.));
#3660 = VECTOR('',#3661,1.);
#3661 = DIRECTION('',(0.,-1.,0.));
#3662 = ORIENTED_EDGE('',*,*,#3309,.F.);
#3663 = ORIENTED_EDGE('',*,*,#3286,.T.);
#3664 = ORIENTED_EDGE('',*,*,#3556,.T.);
#3665 = ORIENTED_EDGE('',*,*,#3463,.T.);
#3666 = ORIENTED_EDGE('',*,*,#3449,.F.);
#3667 = PLANE('',#3668);
#3668 = AXIS2_PLACEMENT_3D('',#3669,#3670,#3671);
#3669 = CARTESIAN_POINT('',(-2.419959306075E-15,15.,-15.));
#3670 = DIRECTION('',(0.,0.,1.));
#3671 = DIRECTION('',(0.,-1.,0.));
#3672 = ADVANCED_FACE('',(#3673),#3683,.F.);
#3673 = FACE_BOUND('',#3674,.F.);
#3674 = EDGE_LOOP('',(#3675,#3681,#3682));
#3675 = ORIENTED_EDGE('',*,*,#3676,.T.);
#3676 = EDGE_CURVE('',#3337,#3362,#3677,.T.);
#3677 = LINE('',#3678,#3679);
#3678 = CARTESIAN_POINT('',(-2.419959306075E-15,15.,15.));
#3679 = VECTOR('',#3680,1.);
#3680 = DIRECTION('',(0.,5.921189464668E-17,-1.));
#3681 = ORIENTED_EDGE('',*,*,#3361,.T.);
#3682 = ORIENTED_EDGE('',*,*,#3334,.T.);
#3683 = PLANE('',#3684);
#3684 = AXIS2_PLACEMENT_3D('',#3685,#3686,#3687);
#3685 = CARTESIAN_POINT('',(-2.419959306075E-15,-1.041859148601E-15,
    1.846063891983E-16));
#3686 = DIRECTION('',(1.,-1.33226762955E-15,-6.661338147751E-16));
#3687 = DIRECTION('',(-1.554312234475E-15,-6.661338147751E-16,1.));
#3688 = ADVANCED_FACE('',(#3689),#3706,.T.);
#3689 = FACE_BOUND('',#3690,.T.);
#3690 = EDGE_LOOP('',(#3691,#3692,#3700));
#3691 = ORIENTED_EDGE('',*,*,#3424,.F.);
#3692 = ORIENTED_EDGE('',*,*,#3693,.F.);
#3693 = EDGE_CURVE('',#3694,#3337,#3696,.T.);
#3694 = VERTEX_POINT('',#3695);
#3695 = CARTESIAN_POINT('',(-2.419959306075E-15,15.,15.));
#3696 = LINE('',#3697,#3698);
#3697 = CARTESIAN_POINT('',(-2.419959306075E-15,15.,15.));
#3698 = VECTOR('',#3699,1.);
#3699 = DIRECTION('',(-0.,5.921189464668E-17,-1.));
#3700 = ORIENTED_EDGE('',*,*,#3701,.F.);
#3701 = EDGE_CURVE('',#3416,#3694,#3702,.T.);
#3702 = LINE('',#3703,#3704);
#3703 = CARTESIAN_POINT('',(-2.419959306075E-15,-15.,15.));
#3704 = VECTOR('',#3705,1.);
#3705 = DIRECTION('',(0.,1.,0.));
#3706 = PLANE('',#3707);
#3707 = AXIS2_PLACEMENT_3D('',#3708,#3709,#3710);
#3708 = CARTESIAN_POINT('',(-2.419959306075E-15,2.368475785867E-16,0.));
#3709 = DIRECTION('',(1.,0.,0.));
#3710 = DIRECTION('',(0.,0.,1.));
#3711 = ADVANCED_FACE('',(#3712),#3721,.F.);
#3712 = FACE_BOUND('',#3713,.F.);
#3713 = EDGE_LOOP('',(#3714,#3720));
#3714 = ORIENTED_EDGE('',*,*,#3715,.T.);
#3715 = EDGE_CURVE('',#3407,#3416,#3716,.T.);
#3716 = LINE('',#3717,#3718);
#3717 = CARTESIAN_POINT('',(-2.419959306075E-15,-15.,15.));
#3718 = VECTOR('',#3719,1.);
#3719 = DIRECTION('',(0.,1.,0.));
#3720 = ORIENTED_EDGE('',*,*,#3415,.T.);
#3721 = PLANE('',#3722);
#3722 = AXIS2_PLACEMENT_3D('',#3723,#3724,#3725);
#3723 = CARTESIAN_POINT('',(-2.419959306075E-15,-1.041859148601E-15,
    1.846063891983E-16));
#3724 = DIRECTION('',(1.,-1.33226762955E-15,-6.661338147751E-16));
#3725 = DIRECTION('',(-1.554312234475E-15,-6.661338147751E-16,1.));
#3726 = ADVANCED_FACE('',(#3727),#3744,.T.);
#3727 = FACE_BOUND('',#3728,.T.);
#3728 = EDGE_LOOP('',(#3729,#3730,#3738));
#3729 = ORIENTED_EDGE('',*,*,#3406,.F.);
#3730 = ORIENTED_EDGE('',*,*,#3731,.F.);
#3731 = EDGE_CURVE('',#3732,#3407,#3734,.T.);
#3732 = VERTEX_POINT('',#3733);
#3733 = CARTESIAN_POINT('',(-2.419959306075E-15,-15.,15.));
#3734 = LINE('',#3735,#3736);
#3735 = CARTESIAN_POINT('',(-2.419959306075E-15,-15.,15.));
#3736 = VECTOR('',#3737,1.);
#3737 = DIRECTION('',(0.,1.,0.));
#3738 = ORIENTED_EDGE('',*,*,#3739,.F.);
#3739 = EDGE_CURVE('',#3398,#3732,#3740,.T.);
#3740 = LINE('',#3741,#3742);
#3741 = CARTESIAN_POINT('',(-2.419959306075E-15,-15.,-15.));
#3742 = VECTOR('',#3743,1.);
#3743 = DIRECTION('',(0.,-5.921189464668E-17,1.));
#3744 = PLANE('',#3745);
#3745 = AXIS2_PLACEMENT_3D('',#3746,#3747,#3748);
#3746 = CARTESIAN_POINT('',(-2.419959306075E-15,2.368475785867E-16,0.));
#3747 = DIRECTION('',(1.,0.,0.));
#3748 = DIRECTION('',(0.,0.,1.));
#3749 = ADVANCED_FACE('',(#3750),#3759,.F.);
#3750 = FACE_BOUND('',#3751,.F.);
#3751 = EDGE_LOOP('',(#3752,#3758));
#3752 = ORIENTED_EDGE('',*,*,#3753,.T.);
#3753 = EDGE_CURVE('',#3389,#3398,#3754,.T.);
#3754 = LINE('',#3755,#3756);
#3755 = CARTESIAN_POINT('',(-2.419959306075E-15,-15.,-15.));
#3756 = VECTOR('',#3757,1.);
#3757 = DIRECTION('',(0.,-5.921189464668E-17,1.));
#3758 = ORIENTED_EDGE('',*,*,#3397,.T.);
#3759 = PLANE('',#3760);
#3760 = AXIS2_PLACEMENT_3D('',#3761,#3762,#3763);
#3761 = CARTESIAN_POINT('',(-2.419959306075E-15,-1.041859148601E-15,
    1.846063891983E-16));
#3762 = DIRECTION('',(1.,-1.33226762955E-15,-6.661338147751E-16));
#3763 = DIRECTION('',(-1.554312234475E-15,-6.661338147751E-16,1.));
#3764 = ADVANCED_FACE('',(#3765),#3775,.T.);
#3765 = FACE_BOUND('',#3766,.T.);
#3766 = EDGE_LOOP('',(#3767,#3768,#3769));
#3767 = ORIENTED_EDGE('',*,*,#3657,.F.);
#3768 = ORIENTED_EDGE('',*,*,#3388,.F.);
#3769 = ORIENTED_EDGE('',*,*,#3770,.F.);
#3770 = EDGE_CURVE('',#3650,#3389,#3771,.T.);
#3771 = LINE('',#3772,#3773);
#3772 = CARTESIAN_POINT('',(-2.419959306075E-15,-15.,-15.));
#3773 = VECTOR('',#3774,1.);
#3774 = DIRECTION('',(0.,-5.921189464668E-17,1.));
#3775 = PLANE('',#3776);
#3776 = AXIS2_PLACEMENT_3D('',#3777,#3778,#3779);
#3777 = CARTESIAN_POINT('',(-2.419959306075E-15,2.368475785867E-16,0.));
#3778 = DIRECTION('',(1.,0.,0.));
#3779 = DIRECTION('',(0.,0.,1.));
#3780 = ADVANCED_FACE('',(#3781),#3791,.T.);
#3781 = FACE_BOUND('',#3782,.T.);
#3782 = EDGE_LOOP('',(#3783,#3789,#3790));
#3783 = ORIENTED_EDGE('',*,*,#3784,.F.);
#3784 = EDGE_CURVE('',#3362,#3626,#3785,.T.);
#3785 = LINE('',#3786,#3787);
#3786 = CARTESIAN_POINT('',(-2.419959306075E-15,15.,15.));
#3787 = VECTOR('',#3788,1.);
#3788 = DIRECTION('',(-0.,5.921189464668E-17,-1.));
#3789 = ORIENTED_EDGE('',*,*,#3370,.F.);
#3790 = ORIENTED_EDGE('',*,*,#3625,.F.);
#3791 = PLANE('',#3792);
#3792 = AXIS2_PLACEMENT_3D('',#3793,#3794,#3795);
#3793 = CARTESIAN_POINT('',(-2.419959306075E-15,2.368475785867E-16,0.));
#3794 = DIRECTION('',(1.,0.,0.));
#3795 = DIRECTION('',(0.,0.,1.));
#3796 = ADVANCED_FACE('',(#3797),#3800,.T.);
#3797 = FACE_BOUND('',#3798,.T.);
#3798 = EDGE_LOOP('',(#3799));
#3799 = ORIENTED_EDGE('',*,*,#3353,.T.);
#3800 = PLANE('',#3801);
#3801 = AXIS2_PLACEMENT_3D('',#3802,#3803,#3804);
#3802 = CARTESIAN_POINT('',(2.,-1.930037568302E-15,-4.884981308351E-15)
  );
#3803 = DIRECTION('',(1.,-1.33226762955E-15,-6.661338147751E-16));
#3804 = DIRECTION('',(-1.554312234475E-15,-6.661338147751E-16,1.));
#3805 = ADVANCED_FACE('',(#3806),#4036,.F.);
#3806 = FACE_BOUND('',#3807,.F.);
#3807 = EDGE_LOOP('',(#3808,#3898,#3899,#3989,#4026));
#3808 = ORIENTED_EDGE('',*,*,#3809,.F.);
#3809 = EDGE_CURVE('',#3490,#3810,#3812,.T.);
#3810 = VERTEX_POINT('',#3811);
#3811 = CARTESIAN_POINT('',(-3.,88.580430367681,-152.9090309689));
#3812 = ( BOUNDED_CURVE() B_SPLINE_CURVE(11,(#3813,#3814,#3815,#3816,
    #3817,#3818,#3819,#3820,#3821,#3822,#3823,#3824,#3825,#3826,#3827,
    #3828,#3829,#3830,#3831,#3832,#3833,#3834,#3835,#3836,#3837,#3838,
    #3839,#3840,#3841,#3842,#3843,#3844,#3845,#3846,#3847,#3848,#3849,
    #3850,#3851,#3852,#3853,#3854,#3855,#3856,#3857,#3858,#3859,#3860,
    #3861,#3862,#3863,#3864,#3865,#3866,#3867,#3868,#3869,#3870,#3871,
    #3872,#3873,#3874,#3875,#3876,#3877,#3878,#3879,#3880,#3881,#3882,
    #3883,#3884,#3885,#3886,#3887,#3888,#3889,#3890,#3891,#3892,#3893,
    #3894,#3895,#3896,#3897),.UNSPECIFIED.,.F.,.F.) 
B_SPLINE_CURVE_WITH_KNOTS((12,9,9,9,9,10,9,9,9,12),(0.,
    9.861947012654E-02,0.197238940253,0.29585841038,0.394477880506,0.5,
    0.586925937849,0.673851875698,0.847703751396,1.),.UNSPECIFIED.) 
CURVE() GEOMETRIC_REPRESENTATION_ITEM() RATIONAL_B_SPLINE_CURVE((
    1.132556574715,1.132556574715,1.132556574715,1.132556574716,
    1.132556574714,1.132556574717,1.132556574713,1.132556574716,
    1.132556574714,1.132556574715,1.132556574715,1.132556574715,
    1.132556574715,1.132556574715,1.132556574715,1.132556574715,
    1.132556574715,1.132556574715,1.132556574715,1.132556574715,
    1.132556574715,1.132556574715,1.132556574715,1.132556574714,
    1.132556574716,1.132556574714,1.132556574715,1.132556574715,
    1.132556574715,1.132556574715,1.132556574715,1.132556574715,
    1.132556574715,1.132556574715,1.132556574715,1.132556574715,
    1.132556574715,1.132556574715,1.132556574715,1.132556574715,
    1.132556574714,1.132556574716,1.132556574714,1.132556574716,
    1.132556574715,1.132556574715,1.132556574715,1.132556574715,
    1.132556574715,1.132556574714,1.132556574716,1.132556574714,
    1.132556574716,1.132556574714,1.132556574715,1.132556574715,
    1.132556574715,1.132556574715,1.132556574715,1.132556574715,
    1.132556574715,1.132556574715,1.132556574715,1.132556574715,
    1.132556574715,1.132556574715,1.132556574715,1.132556574715,
    1.132556574715,1.132556574715,1.132556574715,1.132556574715,
    1.132556574715,1.132556574715,1.132556574715,1.132556574715,
    1.132556574715,1.132556574715,1.132556574715,1.132556574715,
    1.132556574715,1.132556574715,1.132556574715,1.132556574715,
1.132556574715)) REPRESENTATION_ITEM('') );
#3813 = CARTESIAN_POINT('',(-3.,61.540742645213,-62.6372687235));
#3814 = CARTESIAN_POINT('',(-3.,61.649667028977,-64.04360318933));
#3815 = CARTESIAN_POINT('',(-3.,61.774485777019,-65.39098853963));
#3816 = CARTESIAN_POINT('',(-3.,61.914881198081,-66.68144582056));
#3817 = CARTESIAN_POINT('',(-3.,62.070575446246,-67.91701825042));
#3818 = CARTESIAN_POINT('',(-3.,62.241339796916,-69.09976968147));
#3819 = CARTESIAN_POINT('',(-3.,62.427003613948,-70.23178153264));
#3820 = CARTESIAN_POINT('',(-3.,62.62746577786,-71.31514651661));
#3821 = CARTESIAN_POINT('',(-3.,62.842708659598,-72.35195669337));
#3822 = CARTESIAN_POINT('',(-3.,63.072812039206,-73.34428259162));
#3823 = CARTESIAN_POINT('',(-3.,63.563111327306,-75.24399610474));
#3824 = CARTESIAN_POINT('',(-3.,64.114743745197,-76.98146529823));
#3825 = CARTESIAN_POINT('',(-3.,64.406180206394,-77.81154664417));
#3826 = CARTESIAN_POINT('',(-3.,64.713624341993,-78.60477759348));
#3827 = CARTESIAN_POINT('',(-3.,65.03755946381,-79.36279916565));
#3828 = CARTESIAN_POINT('',(-3.,65.378539689178,-80.08703359791));
#3829 = CARTESIAN_POINT('',(-3.,65.737144588943,-80.77859775031));
#3830 = CARTESIAN_POINT('',(-3.,66.113883302136,-81.43820632916));
#3831 = CARTESIAN_POINT('',(-3.,66.509027043257,-82.06611192806));
#3832 = CARTESIAN_POINT('',(-3.,67.335768620289,-83.25815793755));
#3833 = CARTESIAN_POINT('',(-3.,68.232355266613,-84.32085576784));
#3834 = CARTESIAN_POINT('',(-3.,68.697344209399,-84.81941314077));
#3835 = CARTESIAN_POINT('',(-3.,69.177673312444,-85.2844447218));
#3836 = CARTESIAN_POINT('',(-3.,69.671261950317,-85.71509716301));
#3837 = CARTESIAN_POINT('',(-3.,70.175214944849,-86.11062051113));
#3838 = CARTESIAN_POINT('',(-3.,70.68589998032,-86.47076177725));
#3839 = CARTESIAN_POINT('',(-3.,71.199286920534,-86.79604685332));
#3840 = CARTESIAN_POINT('',(-3.,71.711373643429,-87.08779326758));
#3841 = CARTESIAN_POINT('',(-3.,72.725428957965,-87.60812738274));
#3842 = CARTESIAN_POINT('',(-3.,73.705698436995,-88.01182276661));
#3843 = CARTESIAN_POINT('',(-3.,74.183999530553,-88.18693031883));
#3844 = CARTESIAN_POINT('',(-3.,74.6474452807,-88.33817543061));
#3845 = CARTESIAN_POINT('',(-3.,75.093507919996,-88.46870919283));
#3846 = CARTESIAN_POINT('',(-3.,75.520118296745,-88.58170997008));
#3847 = CARTESIAN_POINT('',(-3.,75.925535311937,-88.68020121985));
#3848 = CARTESIAN_POINT('',(-3.,76.308183499327,-88.76694686429));
#3849 = CARTESIAN_POINT('',(-3.,76.666511193332,-88.84437911572));
#3850 = CARTESIAN_POINT('',(-3.,77.354563861538,-88.98954519591));
#3851 = CARTESIAN_POINT('',(-3.,77.924245093609,-89.10973714523));
#3852 = CARTESIAN_POINT('',(-3.,78.18501889756,-89.16699960105));
#3853 = CARTESIAN_POINT('',(-3.,78.409912543429,-89.22049876784));
#3854 = CARTESIAN_POINT('',(-3.,78.596694259749,-89.27049116084));
#3855 = CARTESIAN_POINT('',(-3.,78.742985502691,-89.31614917331));
#3856 = CARTESIAN_POINT('',(-3.,78.847145026141,-89.35537696787));
#3857 = CARTESIAN_POINT('',(-3.,78.908123464839,-89.38464041689));
#3858 = CARTESIAN_POINT('',(-3.,78.92826747032,-89.3987029071));
#3859 = CARTESIAN_POINT('',(-3.,78.914496587429,-89.39393798757));
#3860 = CARTESIAN_POINT('',(-3.,78.84563329387,-89.35091920448));
#3861 = CARTESIAN_POINT('',(-3.,78.804270567365,-89.32247570968));
#3862 = CARTESIAN_POINT('',(-3.,78.760177572248,-89.28745088927));
#3863 = CARTESIAN_POINT('',(-3.,78.721421375374,-89.25052524787));
#3864 = CARTESIAN_POINT('',(-3.,78.695304714472,-89.21871959093));
#3865 = CARTESIAN_POINT('',(-3.,78.686599960383,-89.20114198203));
#3866 = CARTESIAN_POINT('',(-3.,78.695849784535,-89.20571091397));
#3867 = CARTESIAN_POINT('',(-3.,78.722202294909,-89.23821768412));
#3868 = CARTESIAN_POINT('',(-3.,78.763702147668,-89.30282613121));
#3869 = CARTESIAN_POINT('',(-3.,78.872695089804,-89.50171534853));
#3870 = CARTESIAN_POINT('',(-3.,79.025292288209,-89.84702547092));
#3871 = CARTESIAN_POINT('',(-3.,79.110398188643,-90.0580542321));
#3872 = CARTESIAN_POINT('',(-3.,79.202284661526,-90.30824032992));
#3873 = CARTESIAN_POINT('',(-3.,79.299337103368,-90.59779949624));
#3874 = CARTESIAN_POINT('',(-3.,79.400373367074,-90.92673703863));
#3875 = CARTESIAN_POINT('',(-3.,79.504564436219,-91.29504470484));
#3876 = CARTESIAN_POINT('',(-3.,79.611354771434,-91.70276907365));
#3877 = CARTESIAN_POINT('',(-3.,79.720402825662,-92.15003534438));
#3878 = CARTESIAN_POINT('',(-3.,80.053785355471,-93.61117096501));
#3879 = CARTESIAN_POINT('',(-3.,80.405403719799,-95.43332402006));
#3880 = CARTESIAN_POINT('',(-3.,80.647494840956,-96.81122226567));
#3881 = CARTESIAN_POINT('',(-3.,80.898846199291,-98.35655632876));
#3882 = CARTESIAN_POINT('',(-3.,81.161814229773,-100.0752102104));
#3883 = CARTESIAN_POINT('',(-3.,81.439128179915,-101.9739923894));
#3884 = CARTESIAN_POINT('',(-3.,81.733734415149,-104.0603719318));
#3885 = CARTESIAN_POINT('',(-3.,82.048704696137,-106.3423298343));
#3886 = CARTESIAN_POINT('',(-3.,82.387183732152,-108.8281568777));
#3887 = CARTESIAN_POINT('',(-3.,83.07227393993,-113.8901191269));
#3888 = CARTESIAN_POINT('',(-3.,83.86271504913,-119.7304931529));
#3889 = CARTESIAN_POINT('',(-3.,84.256956891482,-122.6332901042));
#3890 = CARTESIAN_POINT('',(-3.,84.678530664131,-125.7176878279));
#3891 = CARTESIAN_POINT('',(-3.,85.129637530247,-128.9897566807));
#3892 = CARTESIAN_POINT('',(-3.,85.612485765565,-132.455624965));
#3893 = CARTESIAN_POINT('',(-3.,86.129288703532,-136.1214648666));
#3894 = CARTESIAN_POINT('',(-3.,86.682263542142,-139.9934826101));
#3895 = CARTESIAN_POINT('',(-3.,87.273630365524,-144.0779110054));
#3896 = CARTESIAN_POINT('',(-3.,87.905611308673,-148.3810036287));
#3897 = CARTESIAN_POINT('',(-3.,88.580430367681,-152.9090309689));
#3898 = ORIENTED_EDGE('',*,*,#3498,.T.);
#3899 = ORIENTED_EDGE('',*,*,#3900,.T.);
#3900 = EDGE_CURVE('',#3499,#3901,#3903,.T.);
#3901 = VERTEX_POINT('',#3902);
#3902 = CARTESIAN_POINT('',(-3.,97.83966913464,-147.1720128685));
#3903 = ( BOUNDED_CURVE() B_SPLINE_CURVE(11,(#3904,#3905,#3906,#3907,
    #3908,#3909,#3910,#3911,#3912,#3913,#3914,#3915,#3916,#3917,#3918,
    #3919,#3920,#3921,#3922,#3923,#3924,#3925,#3926,#3927,#3928,#3929,
    #3930,#3931,#3932,#3933,#3934,#3935,#3936,#3937,#3938,#3939,#3940,
    #3941,#3942,#3943,#3944,#3945,#3946,#3947,#3948,#3949,#3950,#3951,
    #3952,#3953,#3954,#3955,#3956,#3957,#3958,#3959,#3960,#3961,#3962,
    #3963,#3964,#3965,#3966,#3967,#3968,#3969,#3970,#3971,#3972,#3973,
    #3974,#3975,#3976,#3977,#3978,#3979,#3980,#3981,#3982,#3983,#3984,
    #3985,#3986,#3987,#3988),.UNSPECIFIED.,.F.,.F.) 
B_SPLINE_CURVE_WITH_KNOTS((12,9,9,9,9,10,9,9,9,12),(0.,
    9.861947012654E-02,0.197238940253,0.29585841038,0.394477880506,0.5,
    0.586925937849,0.673851875698,0.847703751396,1.),.UNSPECIFIED.) 
CURVE() GEOMETRIC_REPRESENTATION_ITEM() RATIONAL_B_SPLINE_CURVE((
    1.132556574715,1.132556574715,1.132556574715,1.132556574716,
    1.132556574714,1.132556574717,1.132556574713,1.132556574716,
    1.132556574714,1.132556574715,1.132556574715,1.132556574715,
    1.132556574715,1.132556574715,1.132556574715,1.132556574715,
    1.132556574715,1.132556574715,1.132556574715,1.132556574715,
    1.132556574715,1.132556574715,1.132556574715,1.132556574714,
    1.132556574716,1.132556574714,1.132556574715,1.132556574715,
    1.132556574715,1.132556574715,1.132556574715,1.132556574715,
    1.132556574715,1.132556574715,1.132556574715,1.132556574715,
    1.132556574715,1.132556574715,1.132556574715,1.132556574715,
    1.132556574714,1.132556574716,1.132556574714,1.132556574716,
    1.132556574715,1.132556574715,1.132556574715,1.132556574715,
    1.132556574715,1.132556574714,1.132556574716,1.132556574714,
    1.132556574716,1.132556574714,1.132556574715,1.132556574715,
    1.132556574715,1.132556574715,1.132556574715,1.132556574715,
    1.132556574715,1.132556574715,1.132556574715,1.132556574715,
    1.132556574715,1.132556574715,1.132556574715,1.132556574715,
    1.132556574715,1.132556574715,1.132556574715,1.132556574715,
    1.132556574715,1.132556574715,1.132556574715,1.132556574715,
    1.132556574715,1.132556574715,1.132556574715,1.132556574715,
    1.132556574715,1.132556574715,1.132556574715,1.132556574715,
1.132556574715)) REPRESENTATION_ITEM('') );
#3904 = CARTESIAN_POINT('',(-3.,71.510882331521,-61.86505461103));
#3905 = CARTESIAN_POINT('',(-3.,71.609654347565,-63.14031076234));
#3906 = CARTESIAN_POINT('',(-3.,71.721808551372,-64.34880429657));
#3907 = CARTESIAN_POINT('',(-3.,71.846594270508,-65.49195233337));
#3908 = CARTESIAN_POINT('',(-3.,71.983220987193,-66.57114982018));
#3909 = CARTESIAN_POINT('',(-3.,72.130849062344,-67.5877710706));
#3910 = CARTESIAN_POINT('',(-3.,72.288580768393,-68.54317283143));
#3911 = CARTESIAN_POINT('',(-3.,72.455448861151,-69.43870055581));
#3912 = CARTESIAN_POINT('',(-3.,72.630402605962,-70.27570034953));
#3913 = CARTESIAN_POINT('',(-3.,72.812293859101,-71.0555398497));
#3914 = CARTESIAN_POINT('',(-3.,73.187443121496,-72.50374432083));
#3915 = CARTESIAN_POINT('',(-3.,73.579904369337,-73.73512014962));
#3916 = CARTESIAN_POINT('',(-3.,73.779107656122,-74.2981312401));
#3917 = CARTESIAN_POINT('',(-3.,73.979827819935,-74.81010081833));
#3918 = CARTESIAN_POINT('',(-3.,74.180513185252,-75.27282603053));
#3919 = CARTESIAN_POINT('',(-3.,74.379541271072,-75.68832280536));
#3920 = CARTESIAN_POINT('',(-3.,74.57526414283,-76.05891244846));
#3921 = CARTESIAN_POINT('',(-3.,74.766104297824,-76.38731841939));
#3922 = CARTESIAN_POINT('',(-3.,74.950722157849,-76.67672629029));
#3923 = CARTESIAN_POINT('',(-3.,75.305732521652,-77.18478139206));
#3924 = CARTESIAN_POINT('',(-3.,75.63108183848,-77.56688567951));
#3925 = CARTESIAN_POINT('',(-3.,75.786038519153,-77.73034278285));
#3926 = CARTESIAN_POINT('',(-3.,75.933564317769,-77.87037726131));
#3927 = CARTESIAN_POINT('',(-3.,76.074671496044,-77.99128062854));
#3928 = CARTESIAN_POINT('',(-3.,76.211186868486,-78.09724100369));
#3929 = CARTESIAN_POINT('',(-3.,76.345674387093,-78.19194954137));
#3930 = CARTESIAN_POINT('',(-3.,76.48109582439,-78.27831851548));
#3931 = CARTESIAN_POINT('',(-3.,76.620384938733,-78.35846856354));
#3932 = CARTESIAN_POINT('',(-3.,76.912079490759,-78.50928852891));
#3933 = CARTESIAN_POINT('',(-3.,77.239282807679,-78.64522220048));
#3934 = CARTESIAN_POINT('',(-3.,77.414080480753,-78.71048608552));
#3935 = CARTESIAN_POINT('',(-3.,77.6020275022,-78.77360748628));
#3936 = CARTESIAN_POINT('',(-3.,77.804583275769,-78.83487347774));
#3937 = CARTESIAN_POINT('',(-3.,78.022748589463,-78.89454386102));
#3938 = CARTESIAN_POINT('',(-3.,78.257196178601,-78.9530333445));
#3939 = CARTESIAN_POINT('',(-3.,78.508433145734,-79.01101617175));
#3940 = CARTESIAN_POINT('',(-3.,78.776942792754,-79.0694982963));
#3941 = CARTESIAN_POINT('',(-3.,79.369638457052,-79.19454585488));
#3942 = CARTESIAN_POINT('',(-3.,80.041350993368,-79.33626447676));
#3943 = CARTESIAN_POINT('',(-3.,80.410437723585,-79.41637860319));
#3944 = CARTESIAN_POINT('',(-3.,80.802271843408,-79.50646113348));
#3945 = CARTESIAN_POINT('',(-3.,81.217776359398,-79.61046736783));
#3946 = CARTESIAN_POINT('',(-3.,81.658021050458,-79.73343672854));
#3947 = CARTESIAN_POINT('',(-3.,82.123338397804,-79.88167686841));
#3948 = CARTESIAN_POINT('',(-3.,82.613469001774,-80.06293373061));
#3949 = CARTESIAN_POINT('',(-3.,83.124757445922,-80.28665574388));
#3950 = CARTESIAN_POINT('',(-3.,83.648975420491,-80.56068117466));
#3951 = CARTESIAN_POINT('',(-3.,84.608117368277,-81.15985552822));
#3952 = CARTESIAN_POINT('',(-3.,85.036477061463,-81.46372389893));
#3953 = CARTESIAN_POINT('',(-3.,85.453269056851,-81.80075168087));
#3954 = CARTESIAN_POINT('',(-3.,85.851257039886,-82.16861881511));
#3955 = CARTESIAN_POINT('',(-3.,86.223969025182,-82.56266494185));
#3956 = CARTESIAN_POINT('',(-3.,86.567463394183,-82.97614244326));
#3957 = CARTESIAN_POINT('',(-3.,86.88202822781,-83.40349327216));
#3958 = CARTESIAN_POINT('',(-3.,87.169346170373,-83.84128657691));
#3959 = CARTESIAN_POINT('',(-3.,87.43220331804,-84.28771896444));
#3960 = CARTESIAN_POINT('',(-3.,87.914958976357,-85.19711382721));
#3961 = CARTESIAN_POINT('',(-3.,88.32350258688,-86.1419343893));
#3962 = CARTESIAN_POINT('',(-3.,88.512145895344,-86.62379306714));
#3963 = CARTESIAN_POINT('',(-3.,88.688018188113,-87.11667695081));
#3964 = CARTESIAN_POINT('',(-3.,88.853564820988,-87.62273075414));
#3965 = CARTESIAN_POINT('',(-3.,89.010798693391,-88.14430961523));
#3966 = CARTESIAN_POINT('',(-3.,89.16137957405,-88.68378223204));
#3967 = CARTESIAN_POINT('',(-3.,89.306693754663,-89.24346247144));
#3968 = CARTESIAN_POINT('',(-3.,89.447913534595,-89.82558557983));
#3969 = CARTESIAN_POINT('',(-3.,89.862316719228,-91.64565374627));
#3970 = CARTESIAN_POINT('',(-3.,90.256907476065,-93.70505543869));
#3971 = CARTESIAN_POINT('',(-3.,90.518234412755,-95.20056657258));
#3972 = CARTESIAN_POINT('',(-3.,90.782892441232,-96.83323166903));
#3973 = CARTESIAN_POINT('',(-3.,91.055171145001,-98.61605029235));
#3974 = CARTESIAN_POINT('',(-3.,91.338987295177,-100.5610975293));
#3975 = CARTESIAN_POINT('',(-3.,91.638040544749,-102.6797878794));
#3976 = CARTESIAN_POINT('',(-3.,91.955905151693,-104.9830239112));
#3977 = CARTESIAN_POINT('',(-3.,92.296082425199,-107.4813984097));
#3978 = CARTESIAN_POINT('',(-3.,92.982588805797,-112.5538244099));
#3979 = CARTESIAN_POINT('',(-3.,93.771789331271,-118.3850320694));
#3980 = CARTESIAN_POINT('',(-3.,94.16499905993,-121.2802033582));
#3981 = CARTESIAN_POINT('',(-3.,94.58517584692,-124.3543420294));
#3982 = CARTESIAN_POINT('',(-3.,95.034586301294,-127.6140721642));
#3983 = CARTESIAN_POINT('',(-3.,95.515489919538,-131.0659598979));
#3984 = CARTESIAN_POINT('',(-3.,96.030141140426,-134.716527483));
#3985 = CARTESIAN_POINT('',(-3.,96.580790538184,-138.5722631322));
#3986 = CARTESIAN_POINT('',(-3.,97.169685800908,-142.6396284739));
#3987 = CARTESIAN_POINT('',(-3.,97.79907256582,-146.9250643695));
#3988 = CARTESIAN_POINT('',(-3.,98.471194609052,-151.434994768));
#3989 = ORIENTED_EDGE('',*,*,#3990,.T.);
#3990 = EDGE_CURVE('',#3901,#3991,#3993,.T.);
#3991 = VERTEX_POINT('',#3992);
#3992 = CARTESIAN_POINT('',(2.,93.525812488367,-152.1720128685));
#3993 = B_SPLINE_CURVE_WITH_KNOTS('',7,(#3994,#3995,#3996,#3997,#3998,
    #3999,#4000,#4001,#4002,#4003,#4004,#4005,#4006,#4007,#4008,#4009,
    #4010,#4011,#4012,#4013,#4014,#4015,#4016,#4017,#4018,#4019,#4020,
    #4021,#4022,#4023,#4024,#4025),.UNSPECIFIED.,.F.,.F.,(8,6,6,6,6,8),(
    0.,0.164922854388,0.275717983242,0.432647299252,0.703712414615,1.),
  .UNSPECIFIED.);
#3994 = CARTESIAN_POINT('',(-3.,97.83966913464,-147.1720128685));
#3995 = CARTESIAN_POINT('',(-2.762041771036,97.83966913464,
    -147.1720128685));
#3996 = CARTESIAN_POINT('',(-2.523978761031,97.828259438505,
    -147.1852256281));
#3997 = CARTESIAN_POINT('',(-2.288181430659,97.805424180198,
    -147.2116695116));
#3998 = CARTESIAN_POINT('',(-2.056579552127,97.77163232995,
    -147.250801853));
#3999 = CARTESIAN_POINT('',(-1.830725761475,97.727645713493,
    -147.3017411924));
#4000 = CARTESIAN_POINT('',(-1.611842745171,97.674390833124,
    -147.363415555));
#4001 = CARTESIAN_POINT('',(-1.25911192021,97.571581264354,
    -147.4824831686));
#4002 = CARTESIAN_POINT('',(-1.120861021478,97.526527465894,
    -147.5346626134));
#4003 = CARTESIAN_POINT('',(-0.986308877106,97.478014122092,
    -147.5908499504));
#4004 = CARTESIAN_POINT('',(-0.855588833529,97.42632189966,
    -147.6507204424));
#4005 = CARTESIAN_POINT('',(-0.728774747089,97.371718876041,
    -147.7139639178));
#4006 = CARTESIAN_POINT('',(-0.60589214609,97.31445155915,
    -147.7802951625));
#4007 = CARTESIAN_POINT('',(-0.318423029824,97.170162995477,
    -147.9474258633));
#4008 = CARTESIAN_POINT('',(-0.157808524732,97.080697483536,
    -148.0510585307));
#4009 = CARTESIAN_POINT('',(-5.006107074105E-03,96.986953819936,
    -148.15965144));
#4010 = CARTESIAN_POINT('',(0.140120528312,96.889474288597,
    -148.2725771741));
#4011 = CARTESIAN_POINT('',(0.277755168392,96.788727226562,
    -148.3892938623));
#4012 = CARTESIAN_POINT('',(0.408116515363,96.685101993025,
    -148.5093510216));
#4013 = CARTESIAN_POINT('',(0.74447285328,96.39546728886,-148.8449308198
    ));
#4014 = CARTESIAN_POINT('',(0.936386598944,96.204468006812,
    -149.0662472472));
#4015 = CARTESIAN_POINT('',(1.108507637227,96.007463524246,
    -149.2945429468));
#4016 = CARTESIAN_POINT('',(1.26181596274,95.805686741387,
    -149.5283914092));
#4017 = CARTESIAN_POINT('',(1.397207753415,95.600125473801,
    -149.7666494333));
#4018 = CARTESIAN_POINT('',(1.515457143344,95.391514369994,
    -150.0084667098));
#4019 = CARTESIAN_POINT('',(1.72839618463,94.949511246788,
    -150.5208789364));
#4020 = CARTESIAN_POINT('',(1.819805315634,94.715753860388,
    -150.7919022732));
#4021 = CARTESIAN_POINT('',(1.892236079824,94.479792066383,
    -151.0655118253));
#4022 = CARTESIAN_POINT('',(1.946207486604,94.242273118091,
    -151.3409581734));
#4023 = CARTESIAN_POINT('',(1.982063452813,94.003774102323,
    -151.6175725275));
#4024 = CARTESIAN_POINT('',(2.000000217945,93.764805967271,
    -151.8947622514));
#4025 = CARTESIAN_POINT('',(2.,93.525812519217,-152.1720128639));
#4026 = ORIENTED_EDGE('',*,*,#4027,.F.);
#4027 = EDGE_CURVE('',#3810,#3991,#4028,.T.);
#4028 = ( BOUNDED_CURVE() B_SPLINE_CURVE(6,(#4029,#4030,#4031,#4032,
#4033,#4034,#4035),.UNSPECIFIED.,.F.,.F.) B_SPLINE_CURVE_WITH_KNOTS((7,7
),(4.712388980385,7.853981633974),.PIECEWISE_BEZIER_KNOTS.) CURVE() 
GEOMETRIC_REPRESENTATION_ITEM() RATIONAL_B_SPLINE_CURVE((1.132556574715,
    1.036346631341,0.992316309354,0.976461899693,0.992316309354,
1.036346631341,1.132556574715)) REPRESENTATION_ITEM('') );
#4029 = CARTESIAN_POINT('',(-3.,88.580430367681,-152.9090309689));
#4030 = CARTESIAN_POINT('',(-0.139759004637,88.580430367681,
    -152.9090309689));
#4031 = CARTESIAN_POINT('',(2.368818602942,90.436295408684,
    -152.6324484736));
#4032 = CARTESIAN_POINT('',(3.380310319579,93.525812488367,
    -152.1720128685));
#4033 = CARTESIAN_POINT('',(2.368818602942,96.615329568049,
    -151.7115772633));
#4034 = CARTESIAN_POINT('',(-0.139759004637,98.471194609052,
    -151.434994768));
#4035 = CARTESIAN_POINT('',(-3.,98.471194609052,-151.434994768));
#4036 = ( BOUNDED_SURFACE() B_SPLINE_SURFACE(6,11,(
    (#4037,#4038,#4039,#4040,#4041,#4042,#4043,#4044,#4045,#4046,#4047
      ,#4048,#4049,#4050,#4051,#4052,#4053,#4054,#4055,#4056,#4057,#4058
      ,#4059,#4060,#4061,#4062,#4063,#4064,#4065,#4066,#4067,#4068,#4069
      ,#4070,#4071,#4072,#4073,#4074,#4075,#4076,#4077,#4078,#4079,#4080
      ,#4081,#4082,#4083,#4084,#4085,#4086,#4087,#4088,#4089,#4090,#4091
      ,#4092,#4093,#4094,#4095,#4096,#4097,#4098,#4099,#4100,#4101,#4102
      ,#4103,#4104,#4105,#4106,#4107,#4108,#4109,#4110,#4111,#4112,#4113
      ,#4114,#4115,#4116,#4117,#4118,#4119,#4120,#4121)
    ,(#4122,#4123,#4124,#4125,#4126,#4127,#4128,#4129,#4130,#4131,#4132
      ,#4133,#4134,#4135,#4136,#4137,#4138,#4139,#4140,#4141,#4142,#4143
      ,#4144,#4145,#4146,#4147,#4148,#4149,#4150,#4151,#4152,#4153,#4154
      ,#4155,#4156,#4157,#4158,#4159,#4160,#4161,#4162,#4163,#4164,#4165
      ,#4166,#4167,#4168,#4169,#4170,#4171,#4172,#4173,#4174,#4175,#4176
      ,#4177,#4178,#4179,#4180,#4181,#4182,#4183,#4184,#4185,#4186,#4187
      ,#4188,#4189,#4190,#4191,#4192,#4193,#4194,#4195,#4196,#4197,#4198
      ,#4199,#4200,#4201,#4202,#4203,#4204,#4205,#4206)
    ,(#4207,#4208,#4209,#4210,#4211,#4212,#4213,#4214,#4215,#4216,#4217
      ,#4218,#4219,#4220,#4221,#4222,#4223,#4224,#4225,#4226,#4227,#4228
      ,#4229,#4230,#4231,#4232,#4233,#4234,#4235,#4236,#4237,#4238,#4239
      ,#4240,#4241,#4242,#4243,#4244,#4245,#4246,#4247,#4248,#4249,#4250
      ,#4251,#4252,#4253,#4254,#4255,#4256,#4257,#4258,#4259,#4260,#4261
      ,#4262,#4263,#4264,#4265,#4266,#4267,#4268,#4269,#4270,#4271,#4272
      ,#4273,#4274,#4275,#4276,#4277,#4278,#4279,#4280,#4281,#4282,#4283
      ,#4284,#4285,#4286,#4287,#4288,#4289,#4290,#4291)
    ,(#4292,#4293,#4294,#4295,#4296,#4297,#4298,#4299,#4300,#4301,#4302
      ,#4303,#4304,#4305,#4306,#4307,#4308,#4309,#4310,#4311,#4312,#4313
      ,#4314,#4315,#4316,#4317,#4318,#4319,#4320,#4321,#4322,#4323,#4324
      ,#4325,#4326,#4327,#4328,#4329,#4330,#4331,#4332,#4333,#4334,#4335
      ,#4336,#4337,#4338,#4339,#4340,#4341,#4342,#4343,#4344,#4345,#4346
      ,#4347,#4348,#4349,#4350,#4351,#4352,#4353,#4354,#4355,#4356,#4357
      ,#4358,#4359,#4360,#4361,#4362,#4363,#4364,#4365,#4366,#4367,#4368
      ,#4369,#4370,#4371,#4372,#4373,#4374,#4375,#4376)
    ,(#4377,#4378,#4379,#4380,#4381,#4382,#4383,#4384,#4385,#4386,#4387
      ,#4388,#4389,#4390,#4391,#4392,#4393,#4394,#4395,#4396,#4397,#4398
      ,#4399,#4400,#4401,#4402,#4403,#4404,#4405,#4406,#4407,#4408,#4409
      ,#4410,#4411,#4412,#4413,#4414,#4415,#4416,#4417,#4418,#4419,#4420
      ,#4421,#4422,#4423,#4424,#4425,#4426,#4427,#4428,#4429,#4430,#4431
      ,#4432,#4433,#4434,#4435,#4436,#4437,#4438,#4439,#4440,#4441,#4442
      ,#4443,#4444,#4445,#4446,#4447,#4448,#4449,#4450,#4451,#4452,#4453
      ,#4454,#4455,#4456,#4457,#4458,#4459,#4460,#4461)
    ,(#4462,#4463,#4464,#4465,#4466,#4467,#4468,#4469,#4470,#4471,#4472
      ,#4473,#4474,#4475,#4476,#4477,#4478,#4479,#4480,#4481,#4482,#4483
      ,#4484,#4485,#4486,#4487,#4488,#4489,#4490,#4491,#4492,#4493,#4494
      ,#4495,#4496,#4497,#4498,#4499,#4500,#4501,#4502,#4503,#4504,#4505
      ,#4506,#4507,#4508,#4509,#4510,#4511,#4512,#4513,#4514,#4515,#4516
      ,#4517,#4518,#4519,#4520,#4521,#4522,#4523,#4524,#4525,#4526,#4527
      ,#4528,#4529,#4530,#4531,#4532,#4533,#4534,#4535,#4536,#4537,#4538
      ,#4539,#4540,#4541,#4542,#4543,#4544,#4545,#4546)
    ,(#4547,#4548,#4549,#4550,#4551,#4552,#4553,#4554,#4555,#4556,#4557
      ,#4558,#4559,#4560,#4561,#4562,#4563,#4564,#4565,#4566,#4567,#4568
      ,#4569,#4570,#4571,#4572,#4573,#4574,#4575,#4576,#4577,#4578,#4579
      ,#4580,#4581,#4582,#4583,#4584,#4585,#4586,#4587,#4588,#4589,#4590
      ,#4591,#4592,#4593,#4594,#4595,#4596,#4597,#4598,#4599,#4600,#4601
      ,#4602,#4603,#4604,#4605,#4606,#4607,#4608,#4609,#4610,#4611,#4612
      ,#4613,#4614,#4615,#4616,#4617,#4618,#4619,#4620,#4621,#4622,#4623
      ,#4624,#4625,#4626,#4627,#4628,#4629,#4630,#4631
)),.UNSPECIFIED.,.F.,.F.,.F.) B_SPLINE_SURFACE_WITH_KNOTS((7,7),(12,9,9,
    9,9,10,9,9,9,12),(4.712388980385,7.853981633974),(0.,
    9.861947012654E-02,0.197238940253,0.29585841038,0.394477880506,0.5,
    0.586925937849,0.673851875698,0.847703751396,1.),.UNSPECIFIED.) 
GEOMETRIC_REPRESENTATION_ITEM() RATIONAL_B_SPLINE_SURFACE((
    (1.132556574715,1.132556574715,1.132556574715,1.132556574716
      ,1.132556574714,1.132556574717,1.132556574713,1.132556574716
      ,1.132556574714,1.132556574715,1.132556574715,1.132556574715
      ,1.132556574715,1.132556574715,1.132556574715,1.132556574715
      ,1.132556574715,1.132556574715,1.132556574715,1.132556574715
      ,1.132556574715,1.132556574715,1.132556574715,1.132556574714
      ,1.132556574716,1.132556574714,1.132556574715,1.132556574715
      ,1.132556574715,1.132556574715,1.132556574715,1.132556574715
      ,1.132556574715,1.132556574715,1.132556574715,1.132556574715
      ,1.132556574715,1.132556574715,1.132556574715,1.132556574715
      ,1.132556574714,1.132556574716,1.132556574714,1.132556574716
      ,1.132556574715,1.132556574715,1.132556574715,1.132556574715
      ,1.132556574715,1.132556574714,1.132556574716,1.132556574714
      ,1.132556574716,1.132556574714,1.132556574715,1.132556574715
      ,1.132556574715,1.132556574715,1.132556574715,1.132556574715
      ,1.132556574715,1.132556574715,1.132556574715,1.132556574715
      ,1.132556574715,1.132556574715,1.132556574715,1.132556574715
      ,1.132556574715,1.132556574715,1.132556574715,1.132556574715
      ,1.132556574715,1.132556574715,1.132556574715,1.132556574715
      ,1.132556574715,1.132556574715,1.132556574715,1.132556574715
      ,1.132556574715,1.132556574715,1.132556574715,1.132556574715
      ,1.132556574715)
    ,(1.036346631341,1.036346631341,1.036346631341,1.036346631342
      ,1.03634663134,1.036346631342,1.03634663134,1.036346631342
      ,1.036346631341,1.036346631341,1.036346631341,1.036346631341
      ,1.036346631341,1.036346631342,1.036346631341,1.036346631342
      ,1.036346631341,1.036346631341,1.036346631341,1.036346631341
      ,1.036346631341,1.036346631341,1.036346631342,1.036346631341
      ,1.036346631342,1.036346631341,1.036346631341,1.036346631341
      ,1.036346631341,1.036346631341,1.036346631341,1.036346631342
      ,1.036346631341,1.036346631342,1.036346631341,1.036346631341
      ,1.036346631341,1.036346631341,1.036346631341,1.036346631342
      ,1.03634663134,1.036346631342,1.03634663134,1.036346631342
      ,1.036346631341,1.036346631341,1.036346631341,1.036346631341
      ,1.036346631341,1.036346631341,1.036346631342,1.036346631341
      ,1.036346631342,1.036346631341,1.036346631341,1.036346631341
      ,1.036346631341,1.036346631341,1.036346631341,1.036346631342
      ,1.036346631341,1.036346631342,1.036346631341,1.036346631341
      ,1.036346631341,1.036346631341,1.036346631341,1.036346631341
      ,1.036346631342,1.03634663134,1.036346631342,1.03634663134
      ,1.036346631342,1.036346631341,1.036346631341,1.036346631341
      ,1.036346631341,1.036346631341,1.036346631341,1.036346631341
      ,1.036346631341,1.036346631341,1.036346631341,1.036346631341
      ,1.036346631341)
    ,(0.992316309354,0.992316309354,0.992316309353,0.992316309354
      ,0.992316309352,0.992316309355,0.992316309352,0.992316309355
      ,0.992316309353,0.992316309354,0.992316309354,0.992316309354
      ,0.992316309354,0.992316309354,0.992316309354,0.992316309354
      ,0.992316309354,0.992316309354,0.992316309354,0.992316309354
      ,0.992316309354,0.992316309354,0.992316309354,0.992316309354
      ,0.992316309354,0.992316309354,0.992316309354,0.992316309354
      ,0.992316309354,0.992316309354,0.992316309353,0.992316309354
      ,0.992316309353,0.992316309355,0.992316309353,0.992316309354
      ,0.992316309354,0.992316309354,0.992316309353,0.992316309354
      ,0.992316309353,0.992316309355,0.992316309353,0.992316309354
      ,0.992316309353,0.992316309354,0.992316309354,0.992316309354
      ,0.992316309354,0.992316309353,0.992316309354,0.992316309353
      ,0.992316309354,0.992316309353,0.992316309354,0.992316309354
      ,0.992316309354,0.992316309354,0.992316309354,0.992316309354
      ,0.992316309354,0.992316309354,0.992316309354,0.992316309354
      ,0.992316309354,0.992316309354,0.992316309354,0.992316309353
      ,0.992316309354,0.992316309353,0.992316309354,0.992316309353
      ,0.992316309354,0.992316309354,0.992316309354,0.992316309354
      ,0.992316309354,0.992316309353,0.992316309354,0.992316309353
      ,0.992316309354,0.992316309354,0.992316309354,0.992316309354
      ,0.992316309354)
    ,(0.976461899693,0.976461899693,0.976461899693,0.976461899694
      ,0.976461899692,0.976461899694,0.976461899692,0.976461899694
      ,0.976461899693,0.976461899693,0.976461899693,0.976461899693
      ,0.976461899693,0.976461899693,0.976461899693,0.976461899694
      ,0.976461899693,0.976461899693,0.976461899693,0.976461899693
      ,0.976461899693,0.976461899693,0.976461899693,0.976461899693
      ,0.976461899694,0.976461899693,0.976461899693,0.976461899693
      ,0.976461899693,0.976461899693,0.976461899693,0.976461899694
      ,0.976461899693,0.976461899694,0.976461899693,0.976461899694
      ,0.976461899693,0.976461899693,0.976461899693,0.976461899694
      ,0.976461899692,0.976461899694,0.976461899692,0.976461899694
      ,0.976461899693,0.976461899693,0.976461899693,0.976461899693
      ,0.976461899693,0.976461899693,0.976461899694,0.976461899693
      ,0.976461899694,0.976461899693,0.976461899694,0.976461899693
      ,0.976461899693,0.976461899693,0.976461899693,0.976461899693
      ,0.976461899693,0.976461899693,0.976461899693,0.976461899693
      ,0.976461899693,0.976461899693,0.976461899693,0.976461899693
      ,0.976461899694,0.976461899692,0.976461899694,0.976461899693
      ,0.976461899694,0.976461899693,0.976461899693,0.976461899693
      ,0.976461899693,0.976461899693,0.976461899693,0.976461899693
      ,0.976461899693,0.976461899693,0.976461899693,0.976461899693
      ,0.976461899693)
    ,(0.992316309354,0.992316309354,0.992316309353,0.992316309354
      ,0.992316309352,0.992316309355,0.992316309352,0.992316309355
      ,0.992316309353,0.992316309354,0.992316309354,0.992316309354
      ,0.992316309354,0.992316309354,0.992316309353,0.992316309354
      ,0.992316309353,0.992316309354,0.992316309354,0.992316309354
      ,0.992316309354,0.992316309354,0.992316309354,0.992316309353
      ,0.992316309354,0.992316309353,0.992316309354,0.992316309354
      ,0.992316309354,0.992316309354,0.992316309353,0.992316309354
      ,0.992316309353,0.992316309354,0.992316309353,0.992316309354
      ,0.992316309354,0.992316309354,0.992316309354,0.992316309354
      ,0.992316309353,0.992316309355,0.992316309353,0.992316309354
      ,0.992316309353,0.992316309354,0.992316309354,0.992316309354
      ,0.992316309354,0.992316309353,0.992316309354,0.992316309353
      ,0.992316309354,0.992316309353,0.992316309354,0.992316309354
      ,0.992316309354,0.992316309354,0.992316309354,0.992316309354
      ,0.992316309354,0.992316309354,0.992316309354,0.992316309354
      ,0.992316309354,0.992316309354,0.992316309354,0.992316309353
      ,0.992316309354,0.992316309353,0.992316309354,0.992316309353
      ,0.992316309354,0.992316309354,0.992316309354,0.992316309354
      ,0.992316309354,0.992316309353,0.992316309354,0.992316309353
      ,0.992316309354,0.992316309354,0.992316309354,0.992316309354
      ,0.992316309354)
    ,(1.036346631341,1.036346631341,1.036346631341,1.036346631342
      ,1.03634663134,1.036346631343,1.03634663134,1.036346631342
      ,1.036346631341,1.036346631341,1.036346631341,1.036346631341
      ,1.036346631341,1.036346631342,1.036346631341,1.036346631342
      ,1.036346631341,1.036346631341,1.036346631341,1.036346631341
      ,1.036346631341,1.036346631341,1.036346631341,1.036346631341
      ,1.036346631341,1.036346631341,1.036346631341,1.036346631341
      ,1.036346631341,1.036346631341,1.036346631341,1.036346631342
      ,1.036346631341,1.036346631342,1.036346631341,1.036346631342
      ,1.036346631341,1.036346631341,1.036346631341,1.036346631342
      ,1.03634663134,1.036346631343,1.03634663134,1.036346631342
      ,1.036346631341,1.036346631341,1.036346631341,1.036346631341
      ,1.036346631341,1.036346631341,1.036346631342,1.03634663134
      ,1.036346631342,1.036346631341,1.036346631341,1.036346631341
      ,1.036346631341,1.036346631341,1.036346631341,1.036346631341
      ,1.036346631341,1.036346631341,1.036346631341,1.036346631341
      ,1.036346631341,1.036346631341,1.036346631341,1.036346631341
      ,1.036346631342,1.03634663134,1.036346631342,1.03634663134
      ,1.036346631342,1.036346631341,1.036346631341,1.036346631341
      ,1.036346631341,1.036346631341,1.036346631342,1.036346631341
      ,1.036346631341,1.036346631341,1.036346631341,1.036346631341
      ,1.036346631341)
    ,(1.132556574715,1.132556574715,1.132556574715,1.132556574716
      ,1.132556574714,1.132556574717,1.132556574713,1.132556574716
      ,1.132556574714,1.132556574715,1.132556574715,1.132556574715
      ,1.132556574715,1.132556574715,1.132556574715,1.132556574715
      ,1.132556574715,1.132556574715,1.132556574715,1.132556574715
      ,1.132556574715,1.132556574715,1.132556574715,1.132556574714
      ,1.132556574716,1.132556574714,1.132556574715,1.132556574715
      ,1.132556574715,1.132556574715,1.132556574715,1.132556574715
      ,1.132556574715,1.132556574715,1.132556574715,1.132556574715
      ,1.132556574715,1.132556574715,1.132556574715,1.132556574715
      ,1.132556574714,1.132556574716,1.132556574714,1.132556574716
      ,1.132556574715,1.132556574715,1.132556574715,1.132556574715
      ,1.132556574715,1.132556574714,1.132556574716,1.132556574714
      ,1.132556574716,1.132556574714,1.132556574715,1.132556574715
      ,1.132556574715,1.132556574715,1.132556574715,1.132556574715
      ,1.132556574715,1.132556574715,1.132556574715,1.132556574715
      ,1.132556574715,1.132556574715,1.132556574715,1.132556574715
      ,1.132556574715,1.132556574715,1.132556574715,1.132556574715
      ,1.132556574715,1.132556574715,1.132556574715,1.132556574715
      ,1.132556574715,1.132556574715,1.132556574715,1.132556574715
      ,1.132556574715,1.132556574715,1.132556574715,1.132556574715
,1.132556574715))) REPRESENTATION_ITEM('') SURFACE() );
#4037 = CARTESIAN_POINT('',(-3.,61.540742645213,-62.6372687235));
#4038 = CARTESIAN_POINT('',(-3.,61.649667028977,-64.04360318933));
#4039 = CARTESIAN_POINT('',(-3.,61.774485777019,-65.39098853963));
#4040 = CARTESIAN_POINT('',(-3.,61.914881198081,-66.68144582056));
#4041 = CARTESIAN_POINT('',(-3.,62.070575446246,-67.91701825042));
#4042 = CARTESIAN_POINT('',(-3.,62.241339796916,-69.09976968147));
#4043 = CARTESIAN_POINT('',(-3.,62.427003613948,-70.23178153264));
#4044 = CARTESIAN_POINT('',(-3.,62.62746577786,-71.31514651661));
#4045 = CARTESIAN_POINT('',(-3.,62.842708659598,-72.35195669337));
#4046 = CARTESIAN_POINT('',(-3.,63.072812039206,-73.34428259162));
#4047 = CARTESIAN_POINT('',(-3.,63.563111327306,-75.24399610474));
#4048 = CARTESIAN_POINT('',(-3.,64.114743745197,-76.98146529823));
#4049 = CARTESIAN_POINT('',(-3.,64.406180206394,-77.81154664417));
#4050 = CARTESIAN_POINT('',(-3.,64.713624341993,-78.60477759348));
#4051 = CARTESIAN_POINT('',(-3.,65.03755946381,-79.36279916565));
#4052 = CARTESIAN_POINT('',(-3.,65.378539689178,-80.08703359791));
#4053 = CARTESIAN_POINT('',(-3.,65.737144588943,-80.77859775031));
#4054 = CARTESIAN_POINT('',(-3.,66.113883302136,-81.43820632916));
#4055 = CARTESIAN_POINT('',(-3.,66.509027043257,-82.06611192806));
#4056 = CARTESIAN_POINT('',(-3.,67.335768620289,-83.25815793755));
#4057 = CARTESIAN_POINT('',(-3.,68.232355266613,-84.32085576784));
#4058 = CARTESIAN_POINT('',(-3.,68.697344209399,-84.81941314077));
#4059 = CARTESIAN_POINT('',(-3.,69.177673312444,-85.2844447218));
#4060 = CARTESIAN_POINT('',(-3.,69.671261950317,-85.71509716301));
#4061 = CARTESIAN_POINT('',(-3.,70.175214944849,-86.11062051113));
#4062 = CARTESIAN_POINT('',(-3.,70.68589998032,-86.47076177725));
#4063 = CARTESIAN_POINT('',(-3.,71.199286920534,-86.79604685332));
#4064 = CARTESIAN_POINT('',(-3.,71.711373643429,-87.08779326758));
#4065 = CARTESIAN_POINT('',(-3.,72.725428957965,-87.60812738274));
#4066 = CARTESIAN_POINT('',(-3.,73.705698436995,-88.01182276661));
#4067 = CARTESIAN_POINT('',(-3.,74.183999530553,-88.18693031883));
#4068 = CARTESIAN_POINT('',(-3.,74.6474452807,-88.33817543061));
#4069 = CARTESIAN_POINT('',(-3.,75.093507919996,-88.46870919283));
#4070 = CARTESIAN_POINT('',(-3.,75.520118296745,-88.58170997008));
#4071 = CARTESIAN_POINT('',(-3.,75.925535311937,-88.68020121985));
#4072 = CARTESIAN_POINT('',(-3.,76.308183499327,-88.76694686429));
#4073 = CARTESIAN_POINT('',(-3.,76.666511193332,-88.84437911572));
#4074 = CARTESIAN_POINT('',(-3.,77.354563861538,-88.98954519591));
#4075 = CARTESIAN_POINT('',(-3.,77.924245093609,-89.10973714523));
#4076 = CARTESIAN_POINT('',(-3.,78.18501889756,-89.16699960105));
#4077 = CARTESIAN_POINT('',(-3.,78.409912543429,-89.22049876784));
#4078 = CARTESIAN_POINT('',(-3.,78.596694259749,-89.27049116084));
#4079 = CARTESIAN_POINT('',(-3.,78.742985502691,-89.31614917331));
#4080 = CARTESIAN_POINT('',(-3.,78.847145026141,-89.35537696787));
#4081 = CARTESIAN_POINT('',(-3.,78.908123464839,-89.38464041689));
#4082 = CARTESIAN_POINT('',(-3.,78.92826747032,-89.3987029071));
#4083 = CARTESIAN_POINT('',(-3.,78.914496587429,-89.39393798757));
#4084 = CARTESIAN_POINT('',(-3.,78.84563329387,-89.35091920448));
#4085 = CARTESIAN_POINT('',(-3.,78.804270567365,-89.32247570968));
#4086 = CARTESIAN_POINT('',(-3.,78.760177572248,-89.28745088927));
#4087 = CARTESIAN_POINT('',(-3.,78.721421375374,-89.25052524787));
#4088 = CARTESIAN_POINT('',(-3.,78.695304714472,-89.21871959093));
#4089 = CARTESIAN_POINT('',(-3.,78.686599960383,-89.20114198203));
#4090 = CARTESIAN_POINT('',(-3.,78.695849784535,-89.20571091397));
#4091 = CARTESIAN_POINT('',(-3.,78.722202294909,-89.23821768412));
#4092 = CARTESIAN_POINT('',(-3.,78.763702147668,-89.30282613121));
#4093 = CARTESIAN_POINT('',(-3.,78.872695089804,-89.50171534853));
#4094 = CARTESIAN_POINT('',(-3.,79.025292288209,-89.84702547092));
#4095 = CARTESIAN_POINT('',(-3.,79.110398188643,-90.0580542321));
#4096 = CARTESIAN_POINT('',(-3.,79.202284661526,-90.30824032992));
#4097 = CARTESIAN_POINT('',(-3.,79.299337103368,-90.59779949624));
#4098 = CARTESIAN_POINT('',(-3.,79.400373367074,-90.92673703863));
#4099 = CARTESIAN_POINT('',(-3.,79.504564436219,-91.29504470484));
#4100 = CARTESIAN_POINT('',(-3.,79.611354771434,-91.70276907365));
#4101 = CARTESIAN_POINT('',(-3.,79.720402825662,-92.15003534438));
#4102 = CARTESIAN_POINT('',(-3.,80.053785355471,-93.61117096501));
#4103 = CARTESIAN_POINT('',(-3.,80.405403719799,-95.43332402006));
#4104 = CARTESIAN_POINT('',(-3.,80.647494840956,-96.81122226567));
#4105 = CARTESIAN_POINT('',(-3.,80.898846199291,-98.35655632876));
#4106 = CARTESIAN_POINT('',(-3.,81.161814229773,-100.0752102104));
#4107 = CARTESIAN_POINT('',(-3.,81.439128179915,-101.9739923894));
#4108 = CARTESIAN_POINT('',(-3.,81.733734415149,-104.0603719318));
#4109 = CARTESIAN_POINT('',(-3.,82.048704696137,-106.3423298343));
#4110 = CARTESIAN_POINT('',(-3.,82.387183732152,-108.8281568777));
#4111 = CARTESIAN_POINT('',(-3.,83.07227393993,-113.8901191269));
#4112 = CARTESIAN_POINT('',(-3.,83.86271504913,-119.7304931529));
#4113 = CARTESIAN_POINT('',(-3.,84.256956891482,-122.6332901042));
#4114 = CARTESIAN_POINT('',(-3.,84.678530664131,-125.7176878279));
#4115 = CARTESIAN_POINT('',(-3.,85.129637530247,-128.9897566807));
#4116 = CARTESIAN_POINT('',(-3.,85.612485765565,-132.455624965));
#4117 = CARTESIAN_POINT('',(-3.,86.129288703532,-136.1214648666));
#4118 = CARTESIAN_POINT('',(-3.,86.682263542142,-139.9934826101));
#4119 = CARTESIAN_POINT('',(-3.,87.273630365524,-144.0779110054));
#4120 = CARTESIAN_POINT('',(-3.,87.905611308673,-148.3810036287));
#4121 = CARTESIAN_POINT('',(-3.,88.580430367681,-152.9090309689));
#4122 = CARTESIAN_POINT('',(-0.139759004637,61.540742645213,
    -62.6372687235));
#4123 = CARTESIAN_POINT('',(-0.139759004637,61.649667028977,
    -64.04360318933));
#4124 = CARTESIAN_POINT('',(-0.139759004637,61.774485777018,
    -65.39098853963));
#4125 = CARTESIAN_POINT('',(-0.139759004637,61.914881198082,
    -66.68144582055));
#4126 = CARTESIAN_POINT('',(-0.139759004637,62.070575446245,
    -67.91701825043));
#4127 = CARTESIAN_POINT('',(-0.139759004637,62.241339796917,
    -69.09976968145));
#4128 = CARTESIAN_POINT('',(-0.139759004637,62.427003613947,
    -70.23178153265));
#4129 = CARTESIAN_POINT('',(-0.139759004637,62.627465777861,
    -71.3151465166));
#4130 = CARTESIAN_POINT('',(-0.139759004637,62.842708659598,
    -72.35195669338));
#4131 = CARTESIAN_POINT('',(-0.139759004637,63.072812039206,
    -73.34428259162));
#4132 = CARTESIAN_POINT('',(-0.139759004637,63.563111327305,
    -75.24399610474));
#4133 = CARTESIAN_POINT('',(-0.139759004637,64.114743745198,
    -76.98146529823));
#4134 = CARTESIAN_POINT('',(-0.139759004636,64.406180206393,
    -77.81154664418));
#4135 = CARTESIAN_POINT('',(-0.139759004638,64.713624341996,
    -78.60477759348));
#4136 = CARTESIAN_POINT('',(-0.139759004635,65.037559463806,
    -79.36279916565));
#4137 = CARTESIAN_POINT('',(-0.139759004639,65.378539689182,
    -80.08703359791));
#4138 = CARTESIAN_POINT('',(-0.139759004635,65.73714458894,
    -80.77859775031));
#4139 = CARTESIAN_POINT('',(-0.139759004638,66.113883302137,
    -81.43820632916));
#4140 = CARTESIAN_POINT('',(-0.139759004637,66.509027043256,
    -82.06611192806));
#4141 = CARTESIAN_POINT('',(-0.139759004637,67.33576862029,
    -83.25815793755));
#4142 = CARTESIAN_POINT('',(-0.139759004637,68.232355266613,
    -84.32085576784));
#4143 = CARTESIAN_POINT('',(-0.139759004636,68.697344209398,
    -84.81941314077));
#4144 = CARTESIAN_POINT('',(-0.139759004638,69.177673312446,
    -85.2844447218));
#4145 = CARTESIAN_POINT('',(-0.139759004636,69.671261950315,
    -85.71509716301));
#4146 = CARTESIAN_POINT('',(-0.139759004638,70.175214944851,
    -86.11062051113));
#4147 = CARTESIAN_POINT('',(-0.139759004636,70.685899980319,
    -86.47076177724));
#4148 = CARTESIAN_POINT('',(-0.139759004637,71.199286920534,
    -86.79604685332));
#4149 = CARTESIAN_POINT('',(-0.139759004637,71.711373643429,
    -87.08779326758));
#4150 = CARTESIAN_POINT('',(-0.139759004637,72.725428957965,
    -87.60812738274));
#4151 = CARTESIAN_POINT('',(-0.139759004637,73.705698436995,
    -88.01182276661));
#4152 = CARTESIAN_POINT('',(-0.139759004637,74.183999530553,
    -88.18693031883));
#4153 = CARTESIAN_POINT('',(-0.139759004636,74.647445280701,
    -88.33817543061));
#4154 = CARTESIAN_POINT('',(-0.139759004638,75.093507919995,
    -88.46870919283));
#4155 = CARTESIAN_POINT('',(-0.139759004636,75.520118296746,
    -88.58170997008));
#4156 = CARTESIAN_POINT('',(-0.139759004638,75.925535311937,
    -88.68020121985));
#4157 = CARTESIAN_POINT('',(-0.139759004636,76.308183499327,
    -88.76694686429));
#4158 = CARTESIAN_POINT('',(-0.139759004637,76.666511193332,
    -88.84437911572));
#4159 = CARTESIAN_POINT('',(-0.139759004637,77.354563861538,
    -88.98954519591));
#4160 = CARTESIAN_POINT('',(-0.139759004637,77.924245093609,
    -89.10973714523));
#4161 = CARTESIAN_POINT('',(-0.139759004637,78.18501889756,
    -89.16699960105));
#4162 = CARTESIAN_POINT('',(-0.139759004637,78.409912543429,
    -89.22049876784));
#4163 = CARTESIAN_POINT('',(-0.139759004637,78.596694259749,
    -89.27049116084));
#4164 = CARTESIAN_POINT('',(-0.139759004637,78.742985502691,
    -89.3161491733));
#4165 = CARTESIAN_POINT('',(-0.139759004637,78.847145026142,
    -89.35537696787));
#4166 = CARTESIAN_POINT('',(-0.139759004637,78.908123464838,
    -89.38464041688));
#4167 = CARTESIAN_POINT('',(-0.139759004637,78.92826747032,
    -89.3987029071));
#4168 = CARTESIAN_POINT('',(-0.139759004637,78.914496587429,
    -89.39393798757));
#4169 = CARTESIAN_POINT('',(-0.139759004637,78.84563329387,
    -89.35091920448));
#4170 = CARTESIAN_POINT('',(-0.139759004637,78.804270567366,
    -89.32247570968));
#4171 = CARTESIAN_POINT('',(-0.139759004637,78.760177572247,
    -89.28745088927));
#4172 = CARTESIAN_POINT('',(-0.139759004636,78.721421375375,
    -89.25052524786));
#4173 = CARTESIAN_POINT('',(-0.139759004637,78.695304714471,
    -89.21871959093));
#4174 = CARTESIAN_POINT('',(-0.139759004636,78.686599960383,
    -89.20114198202));
#4175 = CARTESIAN_POINT('',(-0.139759004637,78.695849784534,
    -89.20571091397));
#4176 = CARTESIAN_POINT('',(-0.139759004637,78.722202294909,
    -89.23821768412));
#4177 = CARTESIAN_POINT('',(-0.139759004637,78.763702147668,
    -89.30282613121));
#4178 = CARTESIAN_POINT('',(-0.139759004637,78.872695089804,
    -89.50171534853));
#4179 = CARTESIAN_POINT('',(-0.139759004637,79.025292288209,
    -89.84702547092));
#4180 = CARTESIAN_POINT('',(-0.139759004636,79.110398188644,
    -90.0580542321));
#4181 = CARTESIAN_POINT('',(-0.139759004638,79.202284661526,
    -90.30824032992));
#4182 = CARTESIAN_POINT('',(-0.139759004636,79.29933710337,
    -90.59779949624));
#4183 = CARTESIAN_POINT('',(-0.139759004637,79.400373367072,
    -90.92673703863));
#4184 = CARTESIAN_POINT('',(-0.139759004637,79.50456443622,
    -91.29504470484));
#4185 = CARTESIAN_POINT('',(-0.139759004637,79.611354771433,
    -91.70276907365));
#4186 = CARTESIAN_POINT('',(-0.139759004637,79.720402825662,
    -92.15003534438));
#4187 = CARTESIAN_POINT('',(-0.139759004637,80.05378535547,
    -93.61117096501));
#4188 = CARTESIAN_POINT('',(-0.139759004637,80.405403719799,
    -95.43332402006));
#4189 = CARTESIAN_POINT('',(-0.139759004637,80.647494840956,
    -96.81122226567));
#4190 = CARTESIAN_POINT('',(-0.139759004637,80.898846199292,
    -98.35655632876));
#4191 = CARTESIAN_POINT('',(-0.139759004637,81.161814229773,
    -100.0752102104));
#4192 = CARTESIAN_POINT('',(-0.139759004637,81.439128179915,
    -101.9739923894));
#4193 = CARTESIAN_POINT('',(-0.139759004637,81.73373441515,
    -104.0603719318));
#4194 = CARTESIAN_POINT('',(-0.139759004637,82.048704696136,
    -106.3423298343));
#4195 = CARTESIAN_POINT('',(-0.139759004637,82.387183732152,
    -108.8281568777));
#4196 = CARTESIAN_POINT('',(-0.139759004637,83.07227393993,
    -113.8901191269));
#4197 = CARTESIAN_POINT('',(-0.139759004637,83.862715049131,
    -119.7304931529));
#4198 = CARTESIAN_POINT('',(-0.139759004637,84.256956891482,
    -122.6332901042));
#4199 = CARTESIAN_POINT('',(-0.139759004637,84.678530664131,
    -125.7176878279));
#4200 = CARTESIAN_POINT('',(-0.139759004637,85.129637530248,
    -128.9897566807));
#4201 = CARTESIAN_POINT('',(-0.139759004637,85.612485765564,
    -132.4556249651));
#4202 = CARTESIAN_POINT('',(-0.139759004637,86.129288703532,
    -136.1214648665));
#4203 = CARTESIAN_POINT('',(-0.139759004637,86.682263542141,
    -139.9934826101));
#4204 = CARTESIAN_POINT('',(-0.139759004637,87.273630365524,
    -144.0779110054));
#4205 = CARTESIAN_POINT('',(-0.139759004637,87.905611308673,
    -148.3810036287));
#4206 = CARTESIAN_POINT('',(-0.139759004637,88.580430367681,
    -152.9090309689));
#4207 = CARTESIAN_POINT('',(2.368818602942,63.411501390057,
    -62.49237343123));
#4208 = CARTESIAN_POINT('',(2.368818602941,63.518520822508,
    -63.87411286521));
#4209 = CARTESIAN_POINT('',(2.368818602942,63.640963244074,
    -65.19543708822));
#4210 = CARTESIAN_POINT('',(2.36881860294,63.778429720586,
    -66.45825382796));
#4211 = CARTESIAN_POINT('',(2.368818602944,63.930546210311,
    -67.66448466368));
#4212 = CARTESIAN_POINT('',(2.368818602939,64.096969359061,
    -68.81606406525));
#4213 = CARTESIAN_POINT('',(2.368818602944,64.277392101972,
    -69.91493747691));
#4214 = CARTESIAN_POINT('',(2.36881860294,64.471550803325,
    -70.96305739841));
#4215 = CARTESIAN_POINT('',(2.368818602943,64.679233986033,
    -71.96237592179));
#4216 = CARTESIAN_POINT('',(2.368818602941,64.900291027273,
    -72.91483168783));
#4217 = CARTESIAN_POINT('',(2.368818602942,65.368984006501,
    -74.72982577723));
#4218 = CARTESIAN_POINT('',(2.368818602942,65.890750156951,
    -76.37233355418));
#4219 = CARTESIAN_POINT('',(2.368818602941,66.164880339299,
    -77.15230286242));
#4220 = CARTESIAN_POINT('',(2.368818602943,66.452299198437,
    -77.89275900754));
#4221 = CARTESIAN_POINT('',(2.36881860294,66.753108208995,
    -78.59537230411));
#4222 = CARTESIAN_POINT('',(2.368818602943,67.067453079704,
    -79.26167638726));
#4223 = CARTESIAN_POINT('',(2.368818602941,67.395495420895,
    -79.89301411466));
#4224 = CARTESIAN_POINT('',(2.368818602942,67.737352842108,
    -80.49047710733));
#4225 = CARTESIAN_POINT('',(2.368818602941,68.092994314911,
    -81.05486829172));
#4226 = CARTESIAN_POINT('',(2.368818602942,68.831222057621,
    -82.11857287248));
#4227 = CARTESIAN_POINT('',(2.368818602941,69.620623923875,
    -83.05356674254));
#4228 = CARTESIAN_POINT('',(2.368818602942,70.027439602919,
    -83.48924718702));
#4229 = CARTESIAN_POINT('',(2.368818602941,70.445322771233,
    -83.89329755907));
#4230 = CARTESIAN_POINT('',(2.368818602943,70.872773140876,
    -84.26582987289));
#4231 = CARTESIAN_POINT('',(2.368818602941,71.307781550235,
    -84.6070207361));
#4232 = CARTESIAN_POINT('',(2.368818602942,71.747878327512,
    -84.91735722381));
#4233 = CARTESIAN_POINT('',(2.368818602941,72.190345271406,
    -85.19781299947));
#4234 = CARTESIAN_POINT('',(2.368818602942,72.63248168185,-85.4498562837
    ));
#4235 = CARTESIAN_POINT('',(2.368818602942,73.510995995364,
    -85.90085618201));
#4236 = CARTESIAN_POINT('',(2.368818602942,74.368726646237,
    -86.25430978587));
#4237 = CARTESIAN_POINT('',(2.368818602941,74.790079522836,
    -86.40880669396));
#4238 = CARTESIAN_POINT('',(2.368818602942,75.201831748909,
    -86.54351661083));
#4239 = CARTESIAN_POINT('',(2.368818602941,75.602203694509,
    -86.66105323439));
#4240 = CARTESIAN_POINT('',(2.368818602942,75.989702239651,
    -86.76404730121));
#4241 = CARTESIAN_POINT('',(2.368818602941,76.363039207927,
    -86.85503277307));
#4242 = CARTESIAN_POINT('',(2.368818602942,76.721029898311,
    -86.93638147289));
#4243 = CARTESIAN_POINT('',(2.368818602942,77.062504478706,
    -87.01025799524));
#4244 = CARTESIAN_POINT('',(2.368818602942,77.732664724683,
    -87.15164911326));
#4245 = CARTESIAN_POINT('',(2.368818602942,78.321490719082,
    -87.27588024479));
#4246 = CARTESIAN_POINT('',(2.368818602942,78.602587944806,
    -87.33743050039));
#4247 = CARTESIAN_POINT('',(2.368818602941,78.858805660484,
    -87.39779402909));
#4248 = CARTESIAN_POINT('',(2.368818602942,79.088504045081,
    -87.45792137198));
#4249 = CARTESIAN_POINT('',(2.368818602941,79.289951584824,
    -87.5180857891));
#4250 = CARTESIAN_POINT('',(2.368818602942,79.461877376205,
    -87.57776824174));
#4251 = CARTESIAN_POINT('',(2.368818602942,79.603380280089,
    -87.63555115145));
#4252 = CARTESIAN_POINT('',(2.368818602942,79.715680743003,
    -87.68895334989));
#4253 = CARTESIAN_POINT('',(2.368818602942,79.802856024498,
    -87.73649958168));
#4254 = CARTESIAN_POINT('',(2.368818602942,79.92688368889,
    -87.81397945398));
#4255 = CARTESIAN_POINT('',(2.368818602942,79.973657874398,
    -87.84788968219));
#4256 = CARTESIAN_POINT('',(2.368818602941,80.016043569998,
    -87.88267538413));
#4257 = CARTESIAN_POINT('',(2.368818602942,80.0592363748,-87.92170350553
    ));
#4258 = CARTESIAN_POINT('',(2.368818602941,80.107954390341,
    -87.96980304285));
#4259 = CARTESIAN_POINT('',(2.368818602942,80.165334927956,
    -88.03310696043));
#4260 = CARTESIAN_POINT('',(2.368818602941,80.231872888667,
    -88.11700506486));
#4261 = CARTESIAN_POINT('',(2.368818602942,80.307191951141,
    -88.22555824485));
#4262 = CARTESIAN_POINT('',(2.368818602942,80.390226437136,
    -88.36181067067));
#4263 = CARTESIAN_POINT('',(2.368818602942,80.569350780816,
    -88.69401644034));
#4264 = CARTESIAN_POINT('',(2.368818602942,80.769972781656,
    -89.15181640069));
#4265 = CARTESIAN_POINT('',(2.368818602941,80.874506043951,
    -89.41366264797));
#4266 = CARTESIAN_POINT('',(2.368818602942,80.982151293736,
    -89.70938762685));
#4267 = CARTESIAN_POINT('',(2.368818602941,81.092055722699,
    -90.03956901594));
#4268 = CARTESIAN_POINT('',(2.368818602942,81.203636690011,-90.404653036
    ));
#4269 = CARTESIAN_POINT('',(2.368818602941,81.316532165342,
    -90.8050774366));
#4270 = CARTESIAN_POINT('',(2.368818602942,81.430550967051,
    -91.24131422175));
#4271 = CARTESIAN_POINT('',(2.368818602942,81.545635600414,
    -91.71388451191));
#4272 = CARTESIAN_POINT('',(2.368818602942,81.894220534933,
    -93.24236885784));
#4273 = CARTESIAN_POINT('',(2.368818602942,82.253902074061,
    -95.10903833663));
#4274 = CARTESIAN_POINT('',(2.368818602942,82.499602529819,
    -96.5090050132));
#4275 = CARTESIAN_POINT('',(2.368818602942,82.753450700661,
    -98.0707255362));
#4276 = CARTESIAN_POINT('',(2.368818602942,83.018165750155,
    -99.80141904375));
#4277 = CARTESIAN_POINT('',(2.368818602942,83.296699748142,
    -101.7088822206));
#4278 = CARTESIAN_POINT('',(2.368818602942,83.59214040409,
    -103.8013244389));
#4279 = CARTESIAN_POINT('',(2.368818602942,83.907653765284,
    -106.087274888));
#4280 = CARTESIAN_POINT('',(2.368818602942,84.246451452067,
    -108.5754562877));
#4281 = CARTESIAN_POINT('',(2.368818602942,84.931807385077,
    -113.639381915));
#4282 = CARTESIAN_POINT('',(2.368818602941,85.722015715909,
    -119.4780359992));
#4283 = CARTESIAN_POINT('',(2.368818602942,86.116063896409,
    -122.3794021004));
#4284 = CARTESIAN_POINT('',(2.36881860294,86.53737554403,-125.4618748549
    ));
#4285 = CARTESIAN_POINT('',(2.368818602944,86.988164101959,
    -128.7316285179));
#4286 = CARTESIAN_POINT('',(2.36881860294,87.47064745679,-132.1948735455
    ));
#4287 = CARTESIAN_POINT('',(2.368818602943,87.987046654825,
    -135.8578478081));
#4288 = CARTESIAN_POINT('',(2.368818602941,88.539585156637,
    -139.726810442));
#4289 = CARTESIAN_POINT('',(2.368818602942,89.130488225864,
    -143.8080371914));
#4290 = CARTESIAN_POINT('',(2.368818602942,89.761982407365,
    -148.1078167741));
#4291 = CARTESIAN_POINT('',(2.368818602942,90.436295408684,
    -152.6324484736));
#4292 = CARTESIAN_POINT('',(3.380310319579,66.525812488367,
    -62.25116166726));
#4293 = CARTESIAN_POINT('',(3.380310319579,66.629660688271,
    -63.59195697584));
#4294 = CARTESIAN_POINT('',(3.380310319579,66.748147164196,
    -64.8698964181));
#4295 = CARTESIAN_POINT('',(3.380310319578,66.880737734293,
    -66.08669907696));
#4296 = CARTESIAN_POINT('',(3.38031031958,67.026898216722,-67.2440840353
    ));
#4297 = CARTESIAN_POINT('',(3.380310319577,67.186094429626,
    -68.34377037603));
#4298 = CARTESIAN_POINT('',(3.38031031958,67.357792191174,
    -69.38747718203));
#4299 = CARTESIAN_POINT('',(3.380310319578,67.541457319503,
    -70.37692353621));
#4300 = CARTESIAN_POINT('',(3.380310319579,67.736555632782,
    -71.31382852145));
#4301 = CARTESIAN_POINT('',(3.380310319579,67.942552949153,
    -72.19991122066));
#4302 = CARTESIAN_POINT('',(3.380310319579,68.375277224401,
    -73.87387021279));
#4303 = CARTESIAN_POINT('',(3.380310319579,68.847324057267,
    -75.35829272392));
#4304 = CARTESIAN_POINT('',(3.380310319578,69.09264393126,
    -76.05483894214));
#4305 = CARTESIAN_POINT('',(3.380310319579,69.346726080961,
    -76.7074392059));
#4306 = CARTESIAN_POINT('',(3.380310319578,69.609036324535,
    -77.31781259809));
#4307 = CARTESIAN_POINT('',(3.380310319579,69.879040480121,
    -77.88767820163));
#4308 = CARTESIAN_POINT('',(3.380310319578,70.156204365889,
    -78.41875509938));
#4309 = CARTESIAN_POINT('',(3.380310319579,70.439993799979,
    -78.91276237427));
#4310 = CARTESIAN_POINT('',(3.380310319579,70.729874600553,
    -79.37141910917));
#4311 = CARTESIAN_POINT('',(3.380310319579,71.320750570971,
    -80.22146966481));
#4312 = CARTESIAN_POINT('',(3.380310319579,71.931718552546,
    -80.94387072367));
#4313 = CARTESIAN_POINT('',(3.380310319578,72.241691364276,
    -81.27487796181));
#4314 = CARTESIAN_POINT('',(3.380310319579,72.555618815105,
    -81.57741099155));
#4315 = CARTESIAN_POINT('',(3.380310319578,72.872966723182,
    -81.85318889579));
#4316 = CARTESIAN_POINT('',(3.380310319579,73.193200906666,
    -82.1039307574));
#4317 = CARTESIAN_POINT('',(3.380310319579,73.515787183707,
    -82.33135565931));
#4318 = CARTESIAN_POINT('',(3.380310319578,73.840191372461,
    -82.5371826844));
#4319 = CARTESIAN_POINT('',(3.380310319579,74.165879291081,
    -82.72313091556));
#4320 = CARTESIAN_POINT('',(3.380310319579,74.818754224362,
    -83.05870795582));
#4321 = CARTESIAN_POINT('',(3.380310319579,75.472490622337,
    -83.32852248355));
#4322 = CARTESIAN_POINT('',(3.380310319578,75.799040005653,
    -83.44870820217));
#4323 = CARTESIAN_POINT('',(3.380310319579,76.12473639145,
    -83.55589145845));
#4324 = CARTESIAN_POINT('',(3.380310319578,76.449045597882,
    -83.65179133528));
#4325 = CARTESIAN_POINT('',(3.380310319579,76.771433443104,
    -83.73812691555));
#4326 = CARTESIAN_POINT('',(3.380310319578,77.091365745269,
    -83.81661728217));
#4327 = CARTESIAN_POINT('',(3.380310319579,77.408308322531,
    -83.88898151802));
#4328 = CARTESIAN_POINT('',(3.380310319579,77.721726993043,
    -83.95693870601));
#4329 = CARTESIAN_POINT('',(3.380310319579,78.362101159295,
    -84.0920455254));
#4330 = CARTESIAN_POINT('',(3.380310319579,78.982798043489,
    -84.22300081099));
#4331 = CARTESIAN_POINT('',(3.380310319579,79.297728310573,
    -84.29168910212));
#4332 = CARTESIAN_POINT('',(3.380310319578,79.606092193418,
    -84.36347995065));
#4333 = CARTESIAN_POINT('',(3.38031031958,79.907235309574,
    -84.44047926434));
#4334 = CARTESIAN_POINT('',(3.380310319578,80.200503276574,
    -84.52479295092));
#4335 = CARTESIAN_POINT('',(3.380310319579,80.485241711973,
    -84.61852691814));
#4336 = CARTESIAN_POINT('',(3.380310319578,80.760796233306,
    -84.72378707375));
#4337 = CARTESIAN_POINT('',(3.380310319579,81.026512458121,
    -84.84267932549));
#4338 = CARTESIAN_POINT('',(3.380310319579,81.28173600396,
    -84.97730958111));
#4339 = CARTESIAN_POINT('',(3.380310319579,81.726875331074,
    -85.25538736635));
#4340 = CARTESIAN_POINT('',(3.380310319579,81.920373814415,
    -85.39309980431));
#4341 = CARTESIAN_POINT('',(3.380310319579,82.106723314548,
    -85.54410128507));
#4342 = CARTESIAN_POINT('',(3.380310319579,82.286339207631,
    -85.70957203148));
#4343 = CARTESIAN_POINT('',(3.380310319578,82.459636869827,
    -85.89069226639));
#4344 = CARTESIAN_POINT('',(3.380310319579,82.627031677283,
    -86.08864221264));
#4345 = CARTESIAN_POINT('',(3.380310319578,82.788939006173,
    -86.30460209307));
#4346 = CARTESIAN_POINT('',(3.380310319579,82.94577423264,
    -86.53975213052));
#4347 = CARTESIAN_POINT('',(3.380310319579,83.097952732854,
    -86.79527254783));
#4348 = CARTESIAN_POINT('',(3.380310319579,83.39382703308,
    -87.34941458787));
#4349 = CARTESIAN_POINT('',(3.380310319579,83.674397437545,
    -87.99447993011));
#4350 = CARTESIAN_POINT('',(3.380310319579,83.811272041993,
    -88.34092364962));
#4351 = CARTESIAN_POINT('',(3.380310319578,83.94515142482,
    -88.71245864037));
#4352 = CARTESIAN_POINT('',(3.380310319579,84.076450962178,
    -89.11026512519));
#4353 = CARTESIAN_POINT('',(3.380310319578,84.205586030233,
    -89.53552332693));
#4354 = CARTESIAN_POINT('',(3.380310319579,84.332972005134,
    -89.98941346844));
#4355 = CARTESIAN_POINT('',(3.380310319579,84.459024263048,
    -90.47311577255));
#4356 = CARTESIAN_POINT('',(3.380310319579,84.584158180129,
    -90.9878104621));
#4357 = CARTESIAN_POINT('',(3.380310319579,84.958051037349,
    -92.62841235564));
#4358 = CARTESIAN_POINT('',(3.380310319578,85.331155597932,
    -94.56918972937));
#4359 = CARTESIAN_POINT('',(3.380310319579,85.582864626856,
    -96.00589441913));
#4360 = CARTESIAN_POINT('',(3.380310319578,85.840869320261,
    -97.59489399889));
#4361 = CARTESIAN_POINT('',(3.38031031958,86.108492687389,-99.3456302514
    ));
#4362 = CARTESIAN_POINT('',(3.380310319577,86.389057737544,
    -101.2675449594));
#4363 = CARTESIAN_POINT('',(3.38031031958,86.685887479952,
    -103.3700799056));
#4364 = CARTESIAN_POINT('',(3.380310319578,87.002304923913,
    -105.6626768728));
#4365 = CARTESIAN_POINT('',(3.380310319579,87.341633078676,
    -108.1547776437));
#4366 = CARTESIAN_POINT('',(3.380310319578,88.027431372863,
    -113.2219717684));
#4367 = CARTESIAN_POINT('',(3.380310319579,88.817252190201,
    -119.0577626112));
#4368 = CARTESIAN_POINT('',(3.380310319579,89.210977975706,
    -121.9567467312));
#4369 = CARTESIAN_POINT('',(3.380310319579,89.631853255526,
    -125.0360149286));
#4370 = CARTESIAN_POINT('',(3.380310319579,90.08211191577,
    -128.3019144224));
#4371 = CARTESIAN_POINT('',(3.380310319578,90.563987842552,
    -131.7607924315));
#4372 = CARTESIAN_POINT('',(3.380310319579,91.079714921978,
    -135.4189961748));
#4373 = CARTESIAN_POINT('',(3.380310319578,91.631527040164,
    -139.2828728712));
#4374 = CARTESIAN_POINT('',(3.380310319579,92.221658083216,
    -143.3587697396));
#4375 = CARTESIAN_POINT('',(3.380310319579,92.852341937247,
    -147.6530339991));
#4376 = CARTESIAN_POINT('',(3.380310319579,93.525812488367,
    -152.1720128685));
#4377 = CARTESIAN_POINT('',(2.368818602942,69.640123586676,
    -62.0099499033));
#4378 = CARTESIAN_POINT('',(2.368818602941,69.740800554035,
    -63.30980108646));
#4379 = CARTESIAN_POINT('',(2.368818602942,69.855331084314,
    -64.54435574798));
#4380 = CARTESIAN_POINT('',(2.36881860294,69.98304574801,-65.71514432597
    ));
#4381 = CARTESIAN_POINT('',(2.368818602944,70.123250223118,
    -66.82368340692));
#4382 = CARTESIAN_POINT('',(2.368818602939,70.27521950021,
    -67.87147668681));
#4383 = CARTESIAN_POINT('',(2.368818602944,70.438192280359,
    -68.86001688716));
#4384 = CARTESIAN_POINT('',(2.36881860294,70.611363835692,-69.790789674)
  );
#4385 = CARTESIAN_POINT('',(2.368818602942,70.793877279525,
    -70.66528112111));
#4386 = CARTESIAN_POINT('',(2.368818602941,70.984814871034,
    -71.48499075348));
#4387 = CARTESIAN_POINT('',(2.368818602942,71.3815704423,-73.01791464834
    ));
#4388 = CARTESIAN_POINT('',(2.368818602942,71.803897957583,
    -74.34425189367));
#4389 = CARTESIAN_POINT('',(2.368818602941,72.020407523219,
    -74.95737502186));
#4390 = CARTESIAN_POINT('',(2.368818602942,72.241152963487,
    -75.52211940426));
#4391 = CARTESIAN_POINT('',(2.368818602941,72.464964440073,
    -76.04025289209));
#4392 = CARTESIAN_POINT('',(2.368818602942,72.690627880541,-76.513680016
    ));
#4393 = CARTESIAN_POINT('',(2.368818602941,72.916913310882,
    -76.94449608411));
#4394 = CARTESIAN_POINT('',(2.368818602942,73.14263475785,
    -77.33504764122));
#4395 = CARTESIAN_POINT('',(2.368818602942,73.366754886195,
    -77.68796992663));
#4396 = CARTESIAN_POINT('',(2.368818602942,73.81027908432,
    -78.32436645713));
#4397 = CARTESIAN_POINT('',(2.368818602942,74.242813181217,
    -78.83417470481));
#4398 = CARTESIAN_POINT('',(2.368818602942,74.455943125634,
    -79.06050873661));
#4399 = CARTESIAN_POINT('',(2.368818602941,74.665914858976,
    -79.26152442403));
#4400 = CARTESIAN_POINT('',(2.368818602942,74.87316030549,
    -79.44054791869));
#4401 = CARTESIAN_POINT('',(2.368818602941,75.078620263096,
    -79.60084077871));
#4402 = CARTESIAN_POINT('',(2.368818602942,75.283696039903,
    -79.74535409482));
#4403 = CARTESIAN_POINT('',(2.368818602941,75.490037473517,
    -79.87655236933));
#4404 = CARTESIAN_POINT('',(2.368818602942,75.699276900313,
    -79.99640554742));
#4405 = CARTESIAN_POINT('',(2.368818602942,76.126512453359,
    -80.21655972964));
#4406 = CARTESIAN_POINT('',(2.368818602942,76.576254598438,
    -80.40273518123));
#4407 = CARTESIAN_POINT('',(2.368818602942,76.808000488469,
    -80.48860971039));
#4408 = CARTESIAN_POINT('',(2.368818602942,77.047641033992,
    -80.56826630607));
#4409 = CARTESIAN_POINT('',(2.368818602942,77.295887501254,
    -80.64252943617));
#4410 = CARTESIAN_POINT('',(2.368818602942,77.553164646558,
    -80.7122065299));
#4411 = CARTESIAN_POINT('',(2.368818602941,77.819692282611,
    -80.77820179127));
#4412 = CARTESIAN_POINT('',(2.368818602942,78.095586746751,
    -80.84158156315));
#4413 = CARTESIAN_POINT('',(2.368818602942,78.380949507381,
    -80.90361941677));
#4414 = CARTESIAN_POINT('',(2.368818602942,78.991537593907,
    -81.03244193753));
#4415 = CARTESIAN_POINT('',(2.368818602941,79.644105367896,
    -81.17012137719));
#4416 = CARTESIAN_POINT('',(2.368818602942,79.992868676338,
    -81.24594770386));
#4417 = CARTESIAN_POINT('',(2.36881860294,80.353378726355,
    -81.32916587222));
#4418 = CARTESIAN_POINT('',(2.368818602944,80.725966574063,
    -81.4230371567));
#4419 = CARTESIAN_POINT('',(2.368818602939,81.111054968329,
    -81.53150011274));
#4420 = CARTESIAN_POINT('',(2.368818602943,81.508606047738,
    -81.65928559454));
#4421 = CARTESIAN_POINT('',(2.368818602941,81.918212186525,
    -81.81202299605));
#4422 = CARTESIAN_POINT('',(2.368818602942,82.337344173238,
    -81.9964053011));
#4423 = CARTESIAN_POINT('',(2.368818602942,82.760615983422,
    -82.21811958055));
#4424 = CARTESIAN_POINT('',(2.368818602942,83.526866973257,
    -82.69679527872));
#4425 = CARTESIAN_POINT('',(2.368818602942,83.867089754432,
    -82.93830992642));
#4426 = CARTESIAN_POINT('',(2.368818602941,84.197403059096,-83.205527186
    ));
#4427 = CARTESIAN_POINT('',(2.368818602943,84.513442040469,
    -83.49744055744));
#4428 = CARTESIAN_POINT('',(2.36881860294,84.811319349302,
    -83.81158148993));
#4429 = CARTESIAN_POINT('',(2.368818602943,85.088728426619,
    -84.14417746486));
#4430 = CARTESIAN_POINT('',(2.36881860294,85.346005123672,
    -84.49219912127));
#4431 = CARTESIAN_POINT('',(2.368818602942,85.584356514142,
    -84.85394601618));
#4432 = CARTESIAN_POINT('',(2.368818602941,85.805679028572,
    -85.22873442498));
#4433 = CARTESIAN_POINT('',(2.368818602942,86.218303285345,
    -86.0048127354));
#4434 = CARTESIAN_POINT('',(2.368818602942,86.578822093433,
    -86.83714345953));
#4435 = CARTESIAN_POINT('',(2.368818602942,86.748038040036,
    -87.26818465127));
#4436 = CARTESIAN_POINT('',(2.368818602942,86.908151555904,
    -87.71552965388));
#4437 = CARTESIAN_POINT('',(2.368818602941,87.060846201656,
    -88.18096123444));
#4438 = CARTESIAN_POINT('',(2.368818602942,87.207535370455,
    -88.66639361786));
#4439 = CARTESIAN_POINT('',(2.368818602941,87.349411844925,
    -89.17374950028));
#4440 = CARTESIAN_POINT('',(2.368818602942,87.487497559046,
    -89.70491732334));
#4441 = CARTESIAN_POINT('',(2.368818602942,87.622680759843,
    -90.26173641229));
#4442 = CARTESIAN_POINT('',(2.368818602942,88.021881539767,
    -92.01445585344));
#4443 = CARTESIAN_POINT('',(2.368818602941,88.408409121802,
    -94.02934112212));
#4444 = CARTESIAN_POINT('',(2.368818602942,88.6661267239,-95.50278382506
    ));
#4445 = CARTESIAN_POINT('',(2.36881860294,88.928287939847,
    -97.11906246158));
#4446 = CARTESIAN_POINT('',(2.368818602943,89.19881962464,
    -98.88984145905));
#4447 = CARTESIAN_POINT('',(2.36881860294,89.481415726929,
    -100.8262076981));
#4448 = CARTESIAN_POINT('',(2.368818602943,89.779634555824,
    -102.9388353722));
#4449 = CARTESIAN_POINT('',(2.368818602941,90.096956082538,
    -105.2380788576));
#4450 = CARTESIAN_POINT('',(2.368818602942,90.436814705285,
    -107.7340989997));
#4451 = CARTESIAN_POINT('',(2.368818602942,91.123055360648,
    -112.8045616218));
#4452 = CARTESIAN_POINT('',(2.368818602941,91.912488664493,
    -118.6374892231));
#4453 = CARTESIAN_POINT('',(2.368818602942,92.305892055002,
    -121.534091362));
#4454 = CARTESIAN_POINT('',(2.36881860294,92.726330967024,
    -124.6101550024));
#4455 = CARTESIAN_POINT('',(2.368818602944,93.176059729579,
    -127.8722003269));
#4456 = CARTESIAN_POINT('',(2.368818602939,93.657328228316,
    -131.3267113175));
#4457 = CARTESIAN_POINT('',(2.368818602943,94.172383189129,
    -134.9801445414));
#4458 = CARTESIAN_POINT('',(2.368818602941,94.723468923691,
    -138.8389353003));
#4459 = CARTESIAN_POINT('',(2.368818602942,95.312827940566,
    -142.9095022879));
#4460 = CARTESIAN_POINT('',(2.368818602942,95.942701467128,
    -147.1982512241));
#4461 = CARTESIAN_POINT('',(2.368818602942,96.615329568049,
    -151.7115772633));
#4462 = CARTESIAN_POINT('',(-0.139759004637,71.510882331521,
    -61.86505461103));
#4463 = CARTESIAN_POINT('',(-0.139759004637,71.609654347565,
    -63.14031076234));
#4464 = CARTESIAN_POINT('',(-0.139759004637,71.721808551372,
    -64.34880429657));
#4465 = CARTESIAN_POINT('',(-0.139759004636,71.846594270508,
    -65.49195233336));
#4466 = CARTESIAN_POINT('',(-0.139759004638,71.983220987194,
    -66.57114982019));
#4467 = CARTESIAN_POINT('',(-0.139759004636,72.130849062342,
    -67.58777107059));
#4468 = CARTESIAN_POINT('',(-0.139759004638,72.288580768395,
    -68.54317283143));
#4469 = CARTESIAN_POINT('',(-0.139759004636,72.45544886115,
    -69.43870055581));
#4470 = CARTESIAN_POINT('',(-0.139759004637,72.630402605963,
    -70.27570034953));
#4471 = CARTESIAN_POINT('',(-0.139759004637,72.812293859101,
    -71.0555398497));
#4472 = CARTESIAN_POINT('',(-0.139759004637,73.187443121496,
    -72.50374432083));
#4473 = CARTESIAN_POINT('',(-0.139759004637,73.579904369337,
    -73.73512014962));
#4474 = CARTESIAN_POINT('',(-0.139759004637,73.779107656122,
    -74.2981312401));
#4475 = CARTESIAN_POINT('',(-0.139759004637,73.979827819935,
    -74.81010081833));
#4476 = CARTESIAN_POINT('',(-0.139759004636,74.180513185252,
    -75.27282603053));
#4477 = CARTESIAN_POINT('',(-0.139759004638,74.379541271072,
    -75.68832280535));
#4478 = CARTESIAN_POINT('',(-0.139759004636,74.57526414283,
    -76.05891244846));
#4479 = CARTESIAN_POINT('',(-0.139759004637,74.766104297824,
    -76.38731841939));
#4480 = CARTESIAN_POINT('',(-0.139759004637,74.950722157849,
    -76.67672629029));
#4481 = CARTESIAN_POINT('',(-0.139759004637,75.305732521652,
    -77.18478139206));
#4482 = CARTESIAN_POINT('',(-0.139759004637,75.63108183848,
    -77.56688567951));
#4483 = CARTESIAN_POINT('',(-0.139759004637,75.786038519153,
    -77.73034278286));
#4484 = CARTESIAN_POINT('',(-0.139759004637,75.933564317768,
    -77.8703772613));
#4485 = CARTESIAN_POINT('',(-0.139759004637,76.074671496045,
    -77.99128062856));
#4486 = CARTESIAN_POINT('',(-0.139759004636,76.211186868485,
    -78.09724100368));
#4487 = CARTESIAN_POINT('',(-0.139759004637,76.345674387093,
    -78.19194954138));
#4488 = CARTESIAN_POINT('',(-0.139759004637,76.481095824389,
    -78.27831851548));
#4489 = CARTESIAN_POINT('',(-0.139759004637,76.620384938733,
    -78.35846856354));
#4490 = CARTESIAN_POINT('',(-0.139759004637,76.912079490759,
    -78.50928852891));
#4491 = CARTESIAN_POINT('',(-0.139759004637,77.239282807679,
    -78.64522220048));
#4492 = CARTESIAN_POINT('',(-0.139759004637,77.414080480753,
    -78.71048608551));
#4493 = CARTESIAN_POINT('',(-0.139759004637,77.6020275022,
    -78.77360748629));
#4494 = CARTESIAN_POINT('',(-0.139759004637,77.804583275769,
    -78.83487347773));
#4495 = CARTESIAN_POINT('',(-0.139759004637,78.022748589463,
    -78.89454386103));
#4496 = CARTESIAN_POINT('',(-0.139759004637,78.257196178601,
    -78.95303334449));
#4497 = CARTESIAN_POINT('',(-0.139759004637,78.508433145734,
    -79.01101617176));
#4498 = CARTESIAN_POINT('',(-0.139759004637,78.776942792754,
    -79.0694982963));
#4499 = CARTESIAN_POINT('',(-0.139759004637,79.369638457052,
    -79.19454585488));
#4500 = CARTESIAN_POINT('',(-0.139759004637,80.041350993368,
    -79.33626447675));
#4501 = CARTESIAN_POINT('',(-0.139759004637,80.410437723585,
    -79.41637860319));
#4502 = CARTESIAN_POINT('',(-0.139759004637,80.802271843408,
    -79.50646113347));
#4503 = CARTESIAN_POINT('',(-0.139759004637,81.217776359397,
    -79.61046736784));
#4504 = CARTESIAN_POINT('',(-0.139759004637,81.65802105046,
    -79.73343672853));
#4505 = CARTESIAN_POINT('',(-0.139759004637,82.123338397802,
    -79.88167686841));
#4506 = CARTESIAN_POINT('',(-0.139759004637,82.613469001776,
    -80.06293373061));
#4507 = CARTESIAN_POINT('',(-0.139759004637,83.124757445921,
    -80.28665574388));
#4508 = CARTESIAN_POINT('',(-0.139759004637,83.648975420491,
    -80.56068117466));
#4509 = CARTESIAN_POINT('',(-0.139759004637,84.608117368277,
    -81.15985552822));
#4510 = CARTESIAN_POINT('',(-0.139759004637,85.036477061465,
    -81.46372389893));
#4511 = CARTESIAN_POINT('',(-0.139759004636,85.453269056845,
    -81.80075168087));
#4512 = CARTESIAN_POINT('',(-0.139759004638,85.851257039896,
    -82.16861881511));
#4513 = CARTESIAN_POINT('',(-0.139759004636,86.22396902517,
    -82.56266494186));
#4514 = CARTESIAN_POINT('',(-0.139759004638,86.567463394193,
    -82.97614244326));
#4515 = CARTESIAN_POINT('',(-0.139759004636,86.882028227804,
    -83.40349327217));
#4516 = CARTESIAN_POINT('',(-0.139759004637,87.169346170375,
    -83.84128657691));
#4517 = CARTESIAN_POINT('',(-0.139759004637,87.432203318039,
    -84.28771896444));
#4518 = CARTESIAN_POINT('',(-0.139759004637,87.914958976358,
    -85.19711382721));
#4519 = CARTESIAN_POINT('',(-0.139759004637,88.32350258688,
    -86.1419343893));
#4520 = CARTESIAN_POINT('',(-0.139759004637,88.512145895345,
    -86.62379306714));
#4521 = CARTESIAN_POINT('',(-0.139759004638,88.688018188109,
    -87.11667695081));
#4522 = CARTESIAN_POINT('',(-0.139759004636,88.853564820993,
    -87.62273075413));
#4523 = CARTESIAN_POINT('',(-0.139759004637,89.010798693385,
    -88.14430961524));
#4524 = CARTESIAN_POINT('',(-0.139759004637,89.161379574054,
    -88.68378223204));
#4525 = CARTESIAN_POINT('',(-0.139759004637,89.306693754661,
    -89.24346247144));
#4526 = CARTESIAN_POINT('',(-0.139759004637,89.447913534595,
    -89.82558557983));
#4527 = CARTESIAN_POINT('',(-0.139759004637,89.862316719229,
    -91.64565374627));
#4528 = CARTESIAN_POINT('',(-0.139759004637,90.256907476064,
    -93.70505543869));
#4529 = CARTESIAN_POINT('',(-0.139759004636,90.518234412761,
    -95.20056657258));
#4530 = CARTESIAN_POINT('',(-0.139759004638,90.782892441219,
    -96.83323166903));
#4531 = CARTESIAN_POINT('',(-0.139759004635,91.055171145018,
    -98.61605029235));
#4532 = CARTESIAN_POINT('',(-0.139759004638,91.33898729516,
    -100.5610975293));
#4533 = CARTESIAN_POINT('',(-0.139759004636,91.638040544762,
    -102.6797878794));
#4534 = CARTESIAN_POINT('',(-0.139759004637,91.955905151687,
    -104.9830239112));
#4535 = CARTESIAN_POINT('',(-0.139759004637,92.2960824252,
    -107.4813984097));
#4536 = CARTESIAN_POINT('',(-0.139759004637,92.982588805795,
    -112.5538244099));
#4537 = CARTESIAN_POINT('',(-0.139759004637,93.771789331272,
    -118.3850320694));
#4538 = CARTESIAN_POINT('',(-0.139759004637,94.164999059928,
    -121.2802033582));
#4539 = CARTESIAN_POINT('',(-0.139759004637,94.585175846925,
    -124.3543420294));
#4540 = CARTESIAN_POINT('',(-0.139759004637,95.034586301285,
    -127.6140721642));
#4541 = CARTESIAN_POINT('',(-0.139759004636,95.51548991955,
    -131.0659598979));
#4542 = CARTESIAN_POINT('',(-0.139759004637,96.030141140414,
    -134.716527483));
#4543 = CARTESIAN_POINT('',(-0.139759004637,96.580790538193,
    -138.5722631322));
#4544 = CARTESIAN_POINT('',(-0.139759004637,97.169685800904,
    -142.6396284739));
#4545 = CARTESIAN_POINT('',(-0.139759004637,97.799072565821,
    -146.9250643695));
#4546 = CARTESIAN_POINT('',(-0.139759004637,98.471194609052,
    -151.434994768));
#4547 = CARTESIAN_POINT('',(-3.,71.510882331521,-61.86505461103));
#4548 = CARTESIAN_POINT('',(-3.,71.609654347565,-63.14031076234));
#4549 = CARTESIAN_POINT('',(-3.,71.721808551372,-64.34880429657));
#4550 = CARTESIAN_POINT('',(-3.,71.846594270508,-65.49195233337));
#4551 = CARTESIAN_POINT('',(-3.,71.983220987193,-66.57114982018));
#4552 = CARTESIAN_POINT('',(-3.,72.130849062344,-67.5877710706));
#4553 = CARTESIAN_POINT('',(-3.,72.288580768393,-68.54317283143));
#4554 = CARTESIAN_POINT('',(-3.,72.455448861151,-69.43870055581));
#4555 = CARTESIAN_POINT('',(-3.,72.630402605962,-70.27570034953));
#4556 = CARTESIAN_POINT('',(-3.,72.812293859101,-71.0555398497));
#4557 = CARTESIAN_POINT('',(-3.,73.187443121496,-72.50374432083));
#4558 = CARTESIAN_POINT('',(-3.,73.579904369337,-73.73512014962));
#4559 = CARTESIAN_POINT('',(-3.,73.779107656122,-74.2981312401));
#4560 = CARTESIAN_POINT('',(-3.,73.979827819935,-74.81010081833));
#4561 = CARTESIAN_POINT('',(-3.,74.180513185252,-75.27282603053));
#4562 = CARTESIAN_POINT('',(-3.,74.379541271072,-75.68832280536));
#4563 = CARTESIAN_POINT('',(-3.,74.57526414283,-76.05891244846));
#4564 = CARTESIAN_POINT('',(-3.,74.766104297824,-76.38731841939));
#4565 = CARTESIAN_POINT('',(-3.,74.950722157849,-76.67672629029));
#4566 = CARTESIAN_POINT('',(-3.,75.305732521652,-77.18478139206));
#4567 = CARTESIAN_POINT('',(-3.,75.63108183848,-77.56688567951));
#4568 = CARTESIAN_POINT('',(-3.,75.786038519153,-77.73034278285));
#4569 = CARTESIAN_POINT('',(-3.,75.933564317769,-77.87037726131));
#4570 = CARTESIAN_POINT('',(-3.,76.074671496044,-77.99128062854));
#4571 = CARTESIAN_POINT('',(-3.,76.211186868486,-78.09724100369));
#4572 = CARTESIAN_POINT('',(-3.,76.345674387093,-78.19194954137));
#4573 = CARTESIAN_POINT('',(-3.,76.48109582439,-78.27831851548));
#4574 = CARTESIAN_POINT('',(-3.,76.620384938733,-78.35846856354));
#4575 = CARTESIAN_POINT('',(-3.,76.912079490759,-78.50928852891));
#4576 = CARTESIAN_POINT('',(-3.,77.239282807679,-78.64522220048));
#4577 = CARTESIAN_POINT('',(-3.,77.414080480753,-78.71048608552));
#4578 = CARTESIAN_POINT('',(-3.,77.6020275022,-78.77360748628));
#4579 = CARTESIAN_POINT('',(-3.,77.804583275769,-78.83487347774));
#4580 = CARTESIAN_POINT('',(-3.,78.022748589463,-78.89454386102));
#4581 = CARTESIAN_POINT('',(-3.,78.257196178601,-78.9530333445));
#4582 = CARTESIAN_POINT('',(-3.,78.508433145734,-79.01101617175));
#4583 = CARTESIAN_POINT('',(-3.,78.776942792754,-79.0694982963));
#4584 = CARTESIAN_POINT('',(-3.,79.369638457052,-79.19454585488));
#4585 = CARTESIAN_POINT('',(-3.,80.041350993368,-79.33626447676));
#4586 = CARTESIAN_POINT('',(-3.,80.410437723585,-79.41637860319));
#4587 = CARTESIAN_POINT('',(-3.,80.802271843408,-79.50646113348));
#4588 = CARTESIAN_POINT('',(-3.,81.217776359398,-79.61046736783));
#4589 = CARTESIAN_POINT('',(-3.,81.658021050458,-79.73343672854));
#4590 = CARTESIAN_POINT('',(-3.,82.123338397804,-79.88167686841));
#4591 = CARTESIAN_POINT('',(-3.,82.613469001774,-80.06293373061));
#4592 = CARTESIAN_POINT('',(-3.,83.124757445922,-80.28665574388));
#4593 = CARTESIAN_POINT('',(-3.,83.648975420491,-80.56068117466));
#4594 = CARTESIAN_POINT('',(-3.,84.608117368277,-81.15985552822));
#4595 = CARTESIAN_POINT('',(-3.,85.036477061463,-81.46372389893));
#4596 = CARTESIAN_POINT('',(-3.,85.453269056851,-81.80075168087));
#4597 = CARTESIAN_POINT('',(-3.,85.851257039886,-82.16861881511));
#4598 = CARTESIAN_POINT('',(-3.,86.223969025182,-82.56266494185));
#4599 = CARTESIAN_POINT('',(-3.,86.567463394183,-82.97614244326));
#4600 = CARTESIAN_POINT('',(-3.,86.88202822781,-83.40349327216));
#4601 = CARTESIAN_POINT('',(-3.,87.169346170373,-83.84128657691));
#4602 = CARTESIAN_POINT('',(-3.,87.43220331804,-84.28771896444));
#4603 = CARTESIAN_POINT('',(-3.,87.914958976357,-85.19711382721));
#4604 = CARTESIAN_POINT('',(-3.,88.32350258688,-86.1419343893));
#4605 = CARTESIAN_POINT('',(-3.,88.512145895344,-86.62379306714));
#4606 = CARTESIAN_POINT('',(-3.,88.688018188113,-87.11667695081));
#4607 = CARTESIAN_POINT('',(-3.,88.853564820988,-87.62273075414));
#4608 = CARTESIAN_POINT('',(-3.,89.010798693391,-88.14430961523));
#4609 = CARTESIAN_POINT('',(-3.,89.16137957405,-88.68378223204));
#4610 = CARTESIAN_POINT('',(-3.,89.306693754663,-89.24346247144));
#4611 = CARTESIAN_POINT('',(-3.,89.447913534595,-89.82558557983));
#4612 = CARTESIAN_POINT('',(-3.,89.862316719228,-91.64565374627));
#4613 = CARTESIAN_POINT('',(-3.,90.256907476065,-93.70505543869));
#4614 = CARTESIAN_POINT('',(-3.,90.518234412755,-95.20056657258));
#4615 = CARTESIAN_POINT('',(-3.,90.782892441232,-96.83323166903));
#4616 = CARTESIAN_POINT('',(-3.,91.055171145001,-98.61605029235));
#4617 = CARTESIAN_POINT('',(-3.,91.338987295177,-100.5610975293));
#4618 = CARTESIAN_POINT('',(-3.,91.638040544749,-102.6797878794));
#4619 = CARTESIAN_POINT('',(-3.,91.955905151693,-104.9830239112));
#4620 = CARTESIAN_POINT('',(-3.,92.296082425199,-107.4813984097));
#4621 = CARTESIAN_POINT('',(-3.,92.982588805797,-112.5538244099));
#4622 = CARTESIAN_POINT('',(-3.,93.771789331271,-118.3850320694));
#4623 = CARTESIAN_POINT('',(-3.,94.16499905993,-121.2802033582));
#4624 = CARTESIAN_POINT('',(-3.,94.58517584692,-124.3543420294));
#4625 = CARTESIAN_POINT('',(-3.,95.034586301294,-127.6140721642));
#4626 = CARTESIAN_POINT('',(-3.,95.515489919538,-131.0659598979));
#4627 = CARTESIAN_POINT('',(-3.,96.030141140426,-134.716527483));
#4628 = CARTESIAN_POINT('',(-3.,96.580790538184,-138.5722631322));
#4629 = CARTESIAN_POINT('',(-3.,97.169685800908,-142.6396284739));
#4630 = CARTESIAN_POINT('',(-3.,97.79907256582,-146.9250643695));
#4631 = CARTESIAN_POINT('',(-3.,98.471194609052,-151.434994768));
#4632 = ADVANCED_FACE('',(#4633),#4735,.F.);
#4633 = FACE_BOUND('',#4634,.F.);
#4634 = EDGE_LOOP('',(#4635,#4636,#4637,#4727));
#4635 = ORIENTED_EDGE('',*,*,#3900,.F.);
#4636 = ORIENTED_EDGE('',*,*,#3531,.T.);
#4637 = ORIENTED_EDGE('',*,*,#4638,.T.);
#4638 = EDGE_CURVE('',#3532,#4639,#4641,.T.);
#4639 = VERTEX_POINT('',#4640);
#4640 = CARTESIAN_POINT('',(-113.,97.839669129233,-147.1720128685));
#4641 = B_SPLINE_CURVE_WITH_KNOTS('',11,(#4642,#4643,#4644,#4645,#4646,
    #4647,#4648,#4649,#4650,#4651,#4652,#4653,#4654,#4655,#4656,#4657,
    #4658,#4659,#4660,#4661,#4662,#4663,#4664,#4665,#4666,#4667,#4668,
    #4669,#4670,#4671,#4672,#4673,#4674,#4675,#4676,#4677,#4678,#4679,
    #4680,#4681,#4682,#4683,#4684,#4685,#4686,#4687,#4688,#4689,#4690,
    #4691,#4692,#4693,#4694,#4695,#4696,#4697,#4698,#4699,#4700,#4701,
    #4702,#4703,#4704,#4705,#4706,#4707,#4708,#4709,#4710,#4711,#4712,
    #4713,#4714,#4715,#4716,#4717,#4718,#4719,#4720,#4721,#4722,#4723,
    #4724,#4725,#4726),.UNSPECIFIED.,.F.,.F.,(12,9,9,9,9,10,9,9,9,12),(
    0.,9.861947012654E-02,0.197238940253,0.29585841038,0.394477880506,
    0.5,0.586925937849,0.673851875698,0.847703751396,1.),.UNSPECIFIED.);
#4642 = CARTESIAN_POINT('',(-113.,71.510882331519,-61.86505461103));
#4643 = CARTESIAN_POINT('',(-113.,71.609654347576,-63.14031076234));
#4644 = CARTESIAN_POINT('',(-112.9999999999,71.721808551321,
    -64.34880429656));
#4645 = CARTESIAN_POINT('',(-113.,71.846594270629,-65.49195233341));
#4646 = CARTESIAN_POINT('',(-112.9999999998,71.983220986979,
    -66.57114982011));
#4647 = CARTESIAN_POINT('',(-113.0000000001,72.130849062612,
    -67.58777107069));
#4648 = CARTESIAN_POINT('',(-112.9999999998,72.288580768138,
    -68.54317283135));
#4649 = CARTESIAN_POINT('',(-113.0000000001,72.455448861324,
    -69.43870055587));
#4650 = CARTESIAN_POINT('',(-112.9999999999,72.630402605879,
    -70.27570034951));
#4651 = CARTESIAN_POINT('',(-113.,72.812293859119,-71.0555398497));
#4652 = CARTESIAN_POINT('',(-112.9999999999,73.18744312148,
    -72.50374432083));
#4653 = CARTESIAN_POINT('',(-113.,73.579904369346,-73.73512014962));
#4654 = CARTESIAN_POINT('',(-112.9999999999,73.779107656092,
    -74.29813124011));
#4655 = CARTESIAN_POINT('',(-113.,73.979827819991,-74.81010081831));
#4656 = CARTESIAN_POINT('',(-112.9999999999,74.180513185169,
    -75.27282603056));
#4657 = CARTESIAN_POINT('',(-113.,74.379541271155,-75.68832280533));
#4658 = CARTESIAN_POINT('',(-112.9999999999,74.575264142767,
    -76.05891244849));
#4659 = CARTESIAN_POINT('',(-113.,74.766104297852,-76.38731841937));
#4660 = CARTESIAN_POINT('',(-112.9999999999,74.950722157843,
    -76.6767262903));
#4661 = CARTESIAN_POINT('',(-113.,75.305732521652,-77.18478139206));
#4662 = CARTESIAN_POINT('',(-113.,75.631081838483,-77.56688567952));
#4663 = CARTESIAN_POINT('',(-112.9999999999,75.786037382006,
    -77.73034387616));
#4664 = CARTESIAN_POINT('',(-113.,75.933566998184,-77.87037468424));
#4665 = CARTESIAN_POINT('',(-112.9999999999,76.074669900492,
    -77.9912821625));
#4666 = CARTESIAN_POINT('',(-113.,76.211185273152,-78.09724253769));
#4667 = CARTESIAN_POINT('',(-112.9999999999,76.345677067358,
    -78.19194696428));
#4668 = CARTESIAN_POINT('',(-113.,76.48109468731,-78.2783196088));
#4669 = CARTESIAN_POINT('',(-113.,76.620384938725,-78.35846856354));
#4670 = CARTESIAN_POINT('',(-112.9999999999,76.912079490762,
    -78.50928852891));
#4671 = CARTESIAN_POINT('',(-113.,77.239282807678,-78.64522220048));
#4672 = CARTESIAN_POINT('',(-112.9999999999,77.414080480741,
    -78.71048608551));
#4673 = CARTESIAN_POINT('',(-113.,77.602027502235,-78.77360748631));
#4674 = CARTESIAN_POINT('',(-112.9999999999,77.804583275709,
    -78.83487347771));
#4675 = CARTESIAN_POINT('',(-113.,78.022748589525,-78.89454386106));
#4676 = CARTESIAN_POINT('',(-112.9999999999,78.257196178556,
    -78.95303334447));
#4677 = CARTESIAN_POINT('',(-113.,78.508433145757,-79.01101617177));
#4678 = CARTESIAN_POINT('',(-112.9999999999,78.776942792745,
    -79.06949829629));
#4679 = CARTESIAN_POINT('',(-113.,79.369638457066,-79.19454585489));
#4680 = CARTESIAN_POINT('',(-112.9999999999,80.041350993348,
    -79.33626447674));
#4681 = CARTESIAN_POINT('',(-113.,80.410437723663,-79.41637860323));
#4682 = CARTESIAN_POINT('',(-112.9999999998,80.802271843257,
    -79.50646113339));
#4683 = CARTESIAN_POINT('',(-113.0000000001,81.217776359591,
    -79.61046736795));
#4684 = CARTESIAN_POINT('',(-112.9999999998,81.658021050275,
    -79.73343672842));
#4685 = CARTESIAN_POINT('',(-113.0000000001,82.123338397934,
    -79.88167686849));
#4686 = CARTESIAN_POINT('',(-112.9999999999,82.613469001704,
    -80.06293373057));
#4687 = CARTESIAN_POINT('',(-113.,83.124757445946,-80.2866557439));
#4688 = CARTESIAN_POINT('',(-112.9999999999,83.648975420487,
    -80.56068117466));
#4689 = CARTESIAN_POINT('',(-113.,84.608117368274,-81.15985552822));
#4690 = CARTESIAN_POINT('',(-113.,85.036477061484,-81.46372389894));
#4691 = CARTESIAN_POINT('',(-112.9999999999,85.453269056785,
    -81.80075168085));
#4692 = CARTESIAN_POINT('',(-113.,85.851257040011,-82.16861881515));
#4693 = CARTESIAN_POINT('',(-112.9999999999,86.223969025012,
    -82.56266494179));
#4694 = CARTESIAN_POINT('',(-113.,86.567463394341,-82.97614244332));
#4695 = CARTESIAN_POINT('',(-112.9999999999,86.882028227705,
    -83.40349327213));
#4696 = CARTESIAN_POINT('',(-113.,87.169346170415,-83.84128657693));
#4697 = CARTESIAN_POINT('',(-112.9999999999,87.432203318031,
    -84.28771896444));
#4698 = CARTESIAN_POINT('',(-113.,87.914958976359,-85.19711382722));
#4699 = CARTESIAN_POINT('',(-113.,88.323502586881,-86.1419343893));
#4700 = CARTESIAN_POINT('',(-112.9999999999,88.512145895323,
    -86.62379306714));
#4701 = CARTESIAN_POINT('',(-113.,88.688018188159,-87.11667695079));
#4702 = CARTESIAN_POINT('',(-112.9999999999,88.85356482092,
    -87.62273075415));
#4703 = CARTESIAN_POINT('',(-113.,89.010798693453,-88.14430961522));
#4704 = CARTESIAN_POINT('',(-112.9999999999,89.161379574007,
    -88.68378223205));
#4705 = CARTESIAN_POINT('',(-113.,89.306693754677,-89.24346247144));
#4706 = CARTESIAN_POINT('',(-113.,89.447913534592,-89.82558557983));
#4707 = CARTESIAN_POINT('',(-112.9999999999,89.862316719226,
    -91.64565374627));
#4708 = CARTESIAN_POINT('',(-113.,90.256907476067,-93.70505543869));
#4709 = CARTESIAN_POINT('',(-112.9999999999,90.518234412738,
    -95.20056657257));
#4710 = CARTESIAN_POINT('',(-113.,90.782892441267,-96.83323166905));
#4711 = CARTESIAN_POINT('',(-112.9999999998,91.055171144944,
    -98.61605029232));
#4712 = CARTESIAN_POINT('',(-113.0000000001,91.338987295229,
    -100.5610975294));
#4713 = CARTESIAN_POINT('',(-112.9999999999,91.638040544713,
    -102.6797878794));
#4714 = CARTESIAN_POINT('',(-113.,91.955905151707,-104.9830239113));
#4715 = CARTESIAN_POINT('',(-112.9999999999,92.296082425194,
    -107.4813984097));
#4716 = CARTESIAN_POINT('',(-113.,92.982588805798,-112.5538244099));
#4717 = CARTESIAN_POINT('',(-112.9999999999,93.771789331268,
    -118.3850320694));
#4718 = CARTESIAN_POINT('',(-113.,94.164998925854,-121.2802031066));
#4719 = CARTESIAN_POINT('',(-112.9999999999,94.585175799044,
    -124.3543419395));
#4720 = CARTESIAN_POINT('',(-113.,95.034586438068,-127.614072421));
#4721 = CARTESIAN_POINT('',(-112.9999999999,95.515490056413,
    -131.0659601547));
#4722 = CARTESIAN_POINT('',(-112.9999999999,96.030141092471,
    -134.7165273932));
#4723 = CARTESIAN_POINT('',(-113.,96.580790404155,-138.5722628805));
#4724 = CARTESIAN_POINT('',(-112.9999999999,97.169685800884,
    -142.6396284739));
#4725 = CARTESIAN_POINT('',(-113.,97.799072565825,-146.9250643695));
#4726 = CARTESIAN_POINT('',(-113.,98.471194609051,-151.434994768));
#4727 = ORIENTED_EDGE('',*,*,#4728,.T.);
#4728 = EDGE_CURVE('',#4639,#3901,#4729,.T.);
#4729 = B_SPLINE_CURVE_WITH_KNOTS('',4,(#4730,#4731,#4732,#4733,#4734),
  .UNSPECIFIED.,.F.,.F.,(5,5),(0.,1.),.PIECEWISE_BEZIER_KNOTS.);
#4730 = CARTESIAN_POINT('',(-113.,97.839669129232,-147.1720128685));
#4731 = CARTESIAN_POINT('',(-85.5,97.839669129232,-147.1720128685));
#4732 = CARTESIAN_POINT('',(-58.,97.839669129232,-147.1720128685));
#4733 = CARTESIAN_POINT('',(-30.5,97.839669129232,-147.1720128685));
#4734 = CARTESIAN_POINT('',(-3.,97.839669129232,-147.1720128685));
#4735 = B_SPLINE_SURFACE_WITH_KNOTS('',1,11,(
    (#4736,#4737,#4738,#4739,#4740,#4741,#4742,#4743,#4744,#4745,#4746
      ,#4747,#4748,#4749,#4750,#4751,#4752,#4753,#4754,#4755,#4756,#4757
      ,#4758,#4759,#4760,#4761,#4762,#4763,#4764,#4765,#4766,#4767,#4768
      ,#4769,#4770,#4771,#4772,#4773,#4774,#4775,#4776,#4777,#4778,#4779
      ,#4780,#4781,#4782,#4783,#4784,#4785,#4786,#4787,#4788,#4789,#4790
      ,#4791,#4792,#4793,#4794,#4795,#4796,#4797,#4798,#4799,#4800,#4801
      ,#4802,#4803,#4804,#4805,#4806,#4807,#4808,#4809,#4810,#4811,#4812
      ,#4813,#4814,#4815,#4816,#4817,#4818,#4819,#4820)
    ,(#4821,#4822,#4823,#4824,#4825,#4826,#4827,#4828,#4829,#4830,#4831
      ,#4832,#4833,#4834,#4835,#4836,#4837,#4838,#4839,#4840,#4841,#4842
      ,#4843,#4844,#4845,#4846,#4847,#4848,#4849,#4850,#4851,#4852,#4853
      ,#4854,#4855,#4856,#4857,#4858,#4859,#4860,#4861,#4862,#4863,#4864
      ,#4865,#4866,#4867,#4868,#4869,#4870,#4871,#4872,#4873,#4874,#4875
      ,#4876,#4877,#4878,#4879,#4880,#4881,#4882,#4883,#4884,#4885,#4886
      ,#4887,#4888,#4889,#4890,#4891,#4892,#4893,#4894,#4895,#4896,#4897
      ,#4898,#4899,#4900,#4901,#4902,#4903,#4904,#4905
  )),.UNSPECIFIED.,.F.,.F.,.F.,(2,2),(12,9,9,9,9,10,9,9,9,12),(0.,110.),
  (0.,9.861947012654E-02,0.197238940253,0.29585841038,0.394477880506,0.5
    ,0.586925937849,0.673851875698,0.847703751396,1.),.UNSPECIFIED.);
#4736 = CARTESIAN_POINT('',(-3.,71.510882331519,-61.86505461103));
#4737 = CARTESIAN_POINT('',(-3.,71.609654347576,-63.14031076234));
#4738 = CARTESIAN_POINT('',(-2.999999999999,71.721808551321,
    -64.34880429656));
#4739 = CARTESIAN_POINT('',(-3.000000000002,71.846594270629,
    -65.49195233341));
#4740 = CARTESIAN_POINT('',(-2.999999999996,71.983220986979,
    -66.57114982011));
#4741 = CARTESIAN_POINT('',(-3.000000000005,72.130849062612,
    -67.58777107069));
#4742 = CARTESIAN_POINT('',(-2.999999999996,72.288580768138,
    -68.54317283135));
#4743 = CARTESIAN_POINT('',(-3.000000000003,72.455448861324,
    -69.43870055587));
#4744 = CARTESIAN_POINT('',(-2.999999999999,72.630402605879,
    -70.27570034951));
#4745 = CARTESIAN_POINT('',(-3.,72.812293859119,-71.0555398497));
#4746 = CARTESIAN_POINT('',(-3.,73.18744312148,-72.50374432083));
#4747 = CARTESIAN_POINT('',(-3.,73.579904369346,-73.73512014962));
#4748 = CARTESIAN_POINT('',(-2.999999999999,73.779107656092,
    -74.29813124011));
#4749 = CARTESIAN_POINT('',(-3.000000000001,73.979827819991,
    -74.81010081831));
#4750 = CARTESIAN_POINT('',(-2.999999999999,74.180513185169,
    -75.27282603056));
#4751 = CARTESIAN_POINT('',(-3.000000000002,74.379541271155,
    -75.68832280533));
#4752 = CARTESIAN_POINT('',(-2.999999999999,74.575264142767,
    -76.05891244849));
#4753 = CARTESIAN_POINT('',(-3.000000000001,74.766104297852,
    -76.38731841937));
#4754 = CARTESIAN_POINT('',(-3.,74.950722157843,-76.6767262903));
#4755 = CARTESIAN_POINT('',(-3.,75.305732521652,-77.18478139206));
#4756 = CARTESIAN_POINT('',(-3.,75.631081838483,-77.56688567952));
#4757 = CARTESIAN_POINT('',(-3.,75.786037382006,-77.73034387616));
#4758 = CARTESIAN_POINT('',(-3.000000000001,75.933566998184,
    -77.87037468424));
#4759 = CARTESIAN_POINT('',(-2.999999999999,76.074669900492,
    -77.9912821625));
#4760 = CARTESIAN_POINT('',(-3.000000000001,76.211185273152,
    -78.09724253769));
#4761 = CARTESIAN_POINT('',(-2.999999999999,76.345677067358,
    -78.19194696427));
#4762 = CARTESIAN_POINT('',(-3.,76.48109468731,-78.2783196088));
#4763 = CARTESIAN_POINT('',(-3.,76.620384938724,-78.35846856354));
#4764 = CARTESIAN_POINT('',(-3.,76.912079490763,-78.50928852891));
#4765 = CARTESIAN_POINT('',(-3.,77.239282807678,-78.64522220048));
#4766 = CARTESIAN_POINT('',(-3.,77.414080480742,-78.71048608551));
#4767 = CARTESIAN_POINT('',(-3.000000000001,77.602027502234,
    -78.77360748631));
#4768 = CARTESIAN_POINT('',(-2.999999999999,77.804583275711,
    -78.83487347771));
#4769 = CARTESIAN_POINT('',(-3.000000000002,78.022748589523,
    -78.89454386106));
#4770 = CARTESIAN_POINT('',(-2.999999999999,78.257196178559,
    -78.95303334447));
#4771 = CARTESIAN_POINT('',(-3.000000000001,78.508433145755,
    -79.01101617177));
#4772 = CARTESIAN_POINT('',(-3.,78.776942792747,-79.06949829629));
#4773 = CARTESIAN_POINT('',(-3.,79.369638457063,-79.19454585489));
#4774 = CARTESIAN_POINT('',(-3.,80.041350993352,-79.33626447675));
#4775 = CARTESIAN_POINT('',(-3.000000000002,80.410437723644,
    -79.41637860323));
#4776 = CARTESIAN_POINT('',(-2.999999999997,80.802271843296,
    -79.50646113339));
#4777 = CARTESIAN_POINT('',(-3.000000000004,81.217776359537,
    -79.61046736795));
#4778 = CARTESIAN_POINT('',(-2.999999999996,81.658021050326,
    -79.73343672843));
#4779 = CARTESIAN_POINT('',(-3.000000000003,82.1233383979,
    -79.88167686849));
#4780 = CARTESIAN_POINT('',(-2.999999999999,82.61346900172,
    -80.06293373057));
#4781 = CARTESIAN_POINT('',(-3.000000000001,83.124757445941,
    -80.2866557439));
#4782 = CARTESIAN_POINT('',(-3.,83.648975420488,-80.56068117466));
#4783 = CARTESIAN_POINT('',(-3.,84.608117368275,-81.15985552822));
#4784 = CARTESIAN_POINT('',(-3.,85.03647706148,-81.46372389894));
#4785 = CARTESIAN_POINT('',(-3.,85.453269056793,-81.80075168084));
#4786 = CARTESIAN_POINT('',(-3.000000000001,85.851257039996,
    -82.16861881516));
#4787 = CARTESIAN_POINT('',(-2.999999999999,86.223969025033,
    -82.56266494178));
#4788 = CARTESIAN_POINT('',(-3.000000000001,86.567463394318,
    -82.97614244333));
#4789 = CARTESIAN_POINT('',(-2.999999999999,86.882028227723,
    -83.40349327212));
#4790 = CARTESIAN_POINT('',(-3.,87.169346170406,-83.84128657694));
#4791 = CARTESIAN_POINT('',(-3.,87.432203318033,-84.28771896444));
#4792 = CARTESIAN_POINT('',(-3.,87.914958976358,-85.19711382721));
#4793 = CARTESIAN_POINT('',(-3.,88.323502586881,-86.1419343893));
#4794 = CARTESIAN_POINT('',(-3.,88.512145895325,-86.62379306713));
#4795 = CARTESIAN_POINT('',(-3.,88.688018188153,-87.11667695082));
#4796 = CARTESIAN_POINT('',(-3.,88.853564820931,-87.62273075412));
#4797 = CARTESIAN_POINT('',(-3.,89.01079869344,-88.14430961525));
#4798 = CARTESIAN_POINT('',(-3.,89.16137957402,-88.68378223204));
#4799 = CARTESIAN_POINT('',(-3.,89.306693754668,-89.24346247144));
#4800 = CARTESIAN_POINT('',(-3.,89.447913534596,-89.82558557983));
#4801 = CARTESIAN_POINT('',(-3.,89.862316719216,-91.64565374627));
#4802 = CARTESIAN_POINT('',(-3.,90.256907476083,-93.7050554387));
#4803 = CARTESIAN_POINT('',(-2.999999999999,90.518234412687,
    -95.20056657255));
#4804 = CARTESIAN_POINT('',(-3.000000000001,90.782892441365,
    -96.83323166909));
#4805 = CARTESIAN_POINT('',(-2.999999999998,91.055171144811,
    -98.61605029226));
#4806 = CARTESIAN_POINT('',(-3.000000000002,91.338987295364,
    -100.5610975294));
#4807 = CARTESIAN_POINT('',(-2.999999999998,91.638040544613,
    -102.6797878793));
#4808 = CARTESIAN_POINT('',(-3.000000000001,91.955905151758,
    -104.9830239113));
#4809 = CARTESIAN_POINT('',(-3.,92.29608242518,-107.4813984097));
#4810 = CARTESIAN_POINT('',(-3.,92.982588805809,-112.5538244099));
#4811 = CARTESIAN_POINT('',(-3.,93.771789331259,-118.3850320694));
#4812 = CARTESIAN_POINT('',(-3.000000000001,94.164998925885,
    -121.2802031066));
#4813 = CARTESIAN_POINT('',(-2.999999999999,94.585175798981,
    -124.3543419395));
#4814 = CARTESIAN_POINT('',(-3.000000000001,95.034586438159,
    -127.6140724209));
#4815 = CARTESIAN_POINT('',(-2.999999999999,95.515490056313,
    -131.0659601548));
#4816 = CARTESIAN_POINT('',(-3.000000000001,96.030141092555,
    -134.7165273931));
#4817 = CARTESIAN_POINT('',(-3.,96.580790404103,-138.5722628806));
#4818 = CARTESIAN_POINT('',(-3.,97.169685800907,-142.6396284739));
#4819 = CARTESIAN_POINT('',(-3.,97.799072565819,-146.9250643695));
#4820 = CARTESIAN_POINT('',(-3.,98.471194609051,-151.434994768));
#4821 = CARTESIAN_POINT('',(-113.,71.510882331519,-61.86505461103));
#4822 = CARTESIAN_POINT('',(-113.,71.609654347576,-63.14031076234));
#4823 = CARTESIAN_POINT('',(-112.9999999999,71.721808551321,
    -64.34880429656));
#4824 = CARTESIAN_POINT('',(-113.,71.846594270629,-65.49195233341));
#4825 = CARTESIAN_POINT('',(-112.9999999998,71.983220986979,
    -66.57114982011));
#4826 = CARTESIAN_POINT('',(-113.0000000001,72.130849062612,
    -67.58777107069));
#4827 = CARTESIAN_POINT('',(-112.9999999998,72.288580768138,
    -68.54317283135));
#4828 = CARTESIAN_POINT('',(-113.0000000001,72.455448861324,
    -69.43870055587));
#4829 = CARTESIAN_POINT('',(-112.9999999999,72.630402605879,
    -70.27570034951));
#4830 = CARTESIAN_POINT('',(-113.,72.812293859119,-71.0555398497));
#4831 = CARTESIAN_POINT('',(-112.9999999999,73.18744312148,
    -72.50374432083));
#4832 = CARTESIAN_POINT('',(-113.,73.579904369346,-73.73512014962));
#4833 = CARTESIAN_POINT('',(-112.9999999999,73.779107656092,
    -74.29813124011));
#4834 = CARTESIAN_POINT('',(-113.,73.979827819991,-74.81010081831));
#4835 = CARTESIAN_POINT('',(-112.9999999999,74.180513185169,
    -75.27282603056));
#4836 = CARTESIAN_POINT('',(-113.,74.379541271155,-75.68832280533));
#4837 = CARTESIAN_POINT('',(-112.9999999999,74.575264142767,
    -76.05891244849));
#4838 = CARTESIAN_POINT('',(-113.,74.766104297852,-76.38731841937));
#4839 = CARTESIAN_POINT('',(-112.9999999999,74.950722157843,
    -76.6767262903));
#4840 = CARTESIAN_POINT('',(-113.,75.305732521652,-77.18478139206));
#4841 = CARTESIAN_POINT('',(-113.,75.631081838483,-77.56688567952));
#4842 = CARTESIAN_POINT('',(-112.9999999999,75.786037382006,
    -77.73034387616));
#4843 = CARTESIAN_POINT('',(-113.,75.933566998184,-77.87037468424));
#4844 = CARTESIAN_POINT('',(-112.9999999999,76.074669900492,
    -77.9912821625));
#4845 = CARTESIAN_POINT('',(-113.,76.211185273152,-78.09724253769));
#4846 = CARTESIAN_POINT('',(-112.9999999999,76.345677067358,
    -78.19194696428));
#4847 = CARTESIAN_POINT('',(-113.,76.48109468731,-78.2783196088));
#4848 = CARTESIAN_POINT('',(-113.,76.620384938725,-78.35846856354));
#4849 = CARTESIAN_POINT('',(-112.9999999999,76.912079490762,
    -78.50928852891));
#4850 = CARTESIAN_POINT('',(-113.,77.239282807678,-78.64522220048));
#4851 = CARTESIAN_POINT('',(-112.9999999999,77.414080480741,
    -78.71048608551));
#4852 = CARTESIAN_POINT('',(-113.,77.602027502235,-78.77360748631));
#4853 = CARTESIAN_POINT('',(-112.9999999999,77.804583275709,
    -78.83487347771));
#4854 = CARTESIAN_POINT('',(-113.,78.022748589525,-78.89454386106));
#4855 = CARTESIAN_POINT('',(-112.9999999999,78.257196178556,
    -78.95303334447));
#4856 = CARTESIAN_POINT('',(-113.,78.508433145757,-79.01101617177));
#4857 = CARTESIAN_POINT('',(-112.9999999999,78.776942792745,
    -79.06949829629));
#4858 = CARTESIAN_POINT('',(-113.,79.369638457066,-79.19454585489));
#4859 = CARTESIAN_POINT('',(-112.9999999999,80.041350993348,
    -79.33626447674));
#4860 = CARTESIAN_POINT('',(-113.,80.410437723663,-79.41637860323));
#4861 = CARTESIAN_POINT('',(-112.9999999998,80.802271843257,
    -79.50646113339));
#4862 = CARTESIAN_POINT('',(-113.0000000001,81.217776359591,
    -79.61046736795));
#4863 = CARTESIAN_POINT('',(-112.9999999998,81.658021050275,
    -79.73343672842));
#4864 = CARTESIAN_POINT('',(-113.0000000001,82.123338397934,
    -79.88167686849));
#4865 = CARTESIAN_POINT('',(-112.9999999999,82.613469001704,
    -80.06293373057));
#4866 = CARTESIAN_POINT('',(-113.,83.124757445946,-80.2866557439));
#4867 = CARTESIAN_POINT('',(-112.9999999999,83.648975420487,
    -80.56068117466));
#4868 = CARTESIAN_POINT('',(-113.,84.608117368274,-81.15985552822));
#4869 = CARTESIAN_POINT('',(-113.,85.036477061484,-81.46372389894));
#4870 = CARTESIAN_POINT('',(-112.9999999999,85.453269056785,
    -81.80075168085));
#4871 = CARTESIAN_POINT('',(-113.,85.851257040011,-82.16861881515));
#4872 = CARTESIAN_POINT('',(-112.9999999999,86.223969025012,
    -82.56266494179));
#4873 = CARTESIAN_POINT('',(-113.,86.567463394341,-82.97614244332));
#4874 = CARTESIAN_POINT('',(-112.9999999999,86.882028227705,
    -83.40349327213));
#4875 = CARTESIAN_POINT('',(-113.,87.169346170415,-83.84128657693));
#4876 = CARTESIAN_POINT('',(-112.9999999999,87.432203318031,
    -84.28771896444));
#4877 = CARTESIAN_POINT('',(-113.,87.914958976359,-85.19711382722));
#4878 = CARTESIAN_POINT('',(-113.,88.323502586881,-86.1419343893));
#4879 = CARTESIAN_POINT('',(-112.9999999999,88.512145895323,
    -86.62379306714));
#4880 = CARTESIAN_POINT('',(-113.,88.688018188159,-87.11667695079));
#4881 = CARTESIAN_POINT('',(-112.9999999999,88.85356482092,
    -87.62273075415));
#4882 = CARTESIAN_POINT('',(-113.,89.010798693453,-88.14430961522));
#4883 = CARTESIAN_POINT('',(-112.9999999999,89.161379574007,
    -88.68378223205));
#4884 = CARTESIAN_POINT('',(-113.,89.306693754677,-89.24346247144));
#4885 = CARTESIAN_POINT('',(-113.,89.447913534592,-89.82558557983));
#4886 = CARTESIAN_POINT('',(-112.9999999999,89.862316719226,
    -91.64565374627));
#4887 = CARTESIAN_POINT('',(-113.,90.256907476067,-93.70505543869));
#4888 = CARTESIAN_POINT('',(-112.9999999999,90.518234412738,
    -95.20056657257));
#4889 = CARTESIAN_POINT('',(-113.,90.782892441267,-96.83323166905));
#4890 = CARTESIAN_POINT('',(-112.9999999998,91.055171144944,
    -98.61605029232));
#4891 = CARTESIAN_POINT('',(-113.0000000001,91.338987295229,
    -100.5610975294));
#4892 = CARTESIAN_POINT('',(-112.9999999999,91.638040544713,
    -102.6797878794));
#4893 = CARTESIAN_POINT('',(-113.,91.955905151707,-104.9830239113));
#4894 = CARTESIAN_POINT('',(-112.9999999999,92.296082425194,
    -107.4813984097));
#4895 = CARTESIAN_POINT('',(-113.,92.982588805798,-112.5538244099));
#4896 = CARTESIAN_POINT('',(-112.9999999999,93.771789331268,
    -118.3850320694));
#4897 = CARTESIAN_POINT('',(-113.,94.164998925854,-121.2802031066));
#4898 = CARTESIAN_POINT('',(-112.9999999999,94.585175799044,
    -124.3543419395));
#4899 = CARTESIAN_POINT('',(-113.,95.034586438068,-127.614072421));
#4900 = CARTESIAN_POINT('',(-112.9999999999,95.515490056413,
    -131.0659601547));
#4901 = CARTESIAN_POINT('',(-112.9999999999,96.030141092471,
    -134.7165273932));
#4902 = CARTESIAN_POINT('',(-113.,96.580790404155,-138.5722628805));
#4903 = CARTESIAN_POINT('',(-112.9999999999,97.169685800884,
    -142.6396284739));
#4904 = CARTESIAN_POINT('',(-113.,97.799072565825,-146.9250643695));
#4905 = CARTESIAN_POINT('',(-113.,98.471194609051,-151.434994768));
#4906 = ADVANCED_FACE('',(#4907),#5048,.F.);
#4907 = FACE_BOUND('',#4908,.F.);
#4908 = EDGE_LOOP('',(#4909,#4910,#4911,#5001,#5013));
#4909 = ORIENTED_EDGE('',*,*,#4638,.F.);
#4910 = ORIENTED_EDGE('',*,*,#3575,.T.);
#4911 = ORIENTED_EDGE('',*,*,#4912,.T.);
#4912 = EDGE_CURVE('',#3576,#4913,#4915,.T.);
#4913 = VERTEX_POINT('',#4914);
#4914 = CARTESIAN_POINT('',(-113.,88.580430367679,-152.9090309689));
#4915 = ( BOUNDED_CURVE() B_SPLINE_CURVE(11,(#4916,#4917,#4918,#4919,
    #4920,#4921,#4922,#4923,#4924,#4925,#4926,#4927,#4928,#4929,#4930,
    #4931,#4932,#4933,#4934,#4935,#4936,#4937,#4938,#4939,#4940,#4941,
    #4942,#4943,#4944,#4945,#4946,#4947,#4948,#4949,#4950,#4951,#4952,
    #4953,#4954,#4955,#4956,#4957,#4958,#4959,#4960,#4961,#4962,#4963,
    #4964,#4965,#4966,#4967,#4968,#4969,#4970,#4971,#4972,#4973,#4974,
    #4975,#4976,#4977,#4978,#4979,#4980,#4981,#4982,#4983,#4984,#4985,
    #4986,#4987,#4988,#4989,#4990,#4991,#4992,#4993,#4994,#4995,#4996,
    #4997,#4998,#4999,#5000),.UNSPECIFIED.,.F.,.F.) 
B_SPLINE_CURVE_WITH_KNOTS((12,9,9,9,9,10,9,9,9,12),(0.,
    9.861947012654E-02,0.197238940253,0.29585841038,0.394477880506,0.5,
    0.586925937849,0.673851875698,0.847703751396,1.),.UNSPECIFIED.) 
CURVE() GEOMETRIC_REPRESENTATION_ITEM() RATIONAL_B_SPLINE_CURVE((
    1.132556574715,1.132556574715,1.132556574715,1.132556574716,
    1.132556574713,1.132556574717,1.132556574713,1.132556574716,
    1.132556574714,1.132556574715,1.132556574715,1.132556574715,
    1.132556574715,1.132556574715,1.132556574714,1.132556574716,
    1.132556574715,1.132556574715,1.132556574715,1.132556574715,
    1.132556574715,1.132556574715,1.132556574715,1.132556574714,
    1.132556574716,1.132556574714,1.132556574715,1.132556574715,
    1.132556574715,1.132556574715,1.132556574715,1.132556574715,
    1.132556574714,1.132556574716,1.132556574715,1.132556574715,
    1.132556574715,1.132556574715,1.132556574715,1.132556574716,
    1.132556574714,1.132556574717,1.132556574713,1.132556574716,
    1.132556574714,1.132556574715,1.132556574715,1.132556574715,
    1.132556574715,1.132556574715,1.132556574716,1.132556574714,
    1.132556574716,1.132556574714,1.132556574715,1.132556574715,
    1.132556574715,1.132556574715,1.132556574715,1.132556574715,
    1.132556574715,1.132556574715,1.132556574715,1.132556574715,
    1.132556574715,1.132556574715,1.132556574715,1.132556574715,
    1.132556574715,1.132556574715,1.132556574715,1.132556574715,
    1.132556574715,1.132556574715,1.132556574715,1.132556574715,
    1.132556574715,1.132556574715,1.132556574715,1.132556574715,
    1.132556574715,1.132556574715,1.132556574715,1.132556574715,
1.132556574715)) REPRESENTATION_ITEM('') );
#4916 = CARTESIAN_POINT('',(-113.,61.540742645211,-62.6372687235));
#4917 = CARTESIAN_POINT('',(-112.9999999999,61.649667028979,
    -64.04360318933));
#4918 = CARTESIAN_POINT('',(-113.,61.774485777003,-65.39098853963));
#4919 = CARTESIAN_POINT('',(-112.9999999999,61.914881198114,
    -66.68144582056));
#4920 = CARTESIAN_POINT('',(-113.,62.070575446189,-67.91701825042));
#4921 = CARTESIAN_POINT('',(-112.9999999999,62.241339796983,
    -69.09976968147));
#4922 = CARTESIAN_POINT('',(-113.,62.427003613881,-70.23178153264));
#4923 = CARTESIAN_POINT('',(-112.9999999999,62.627465777905,
    -71.31514651661));
#4924 = CARTESIAN_POINT('',(-113.,62.842708659574,-72.35195669338));
#4925 = CARTESIAN_POINT('',(-112.9999999999,63.072812039211,
    -73.34428259162));
#4926 = CARTESIAN_POINT('',(-113.,63.563111327298,-75.24399610474));
#4927 = CARTESIAN_POINT('',(-112.9999999999,64.114743745202,
    -76.98146529823));
#4928 = CARTESIAN_POINT('',(-113.,64.406180206372,-77.81154664417));
#4929 = CARTESIAN_POINT('',(-112.9999999999,64.713624342035,
    -78.60477759349));
#4930 = CARTESIAN_POINT('',(-113.,65.037559463748,-79.36279916565));
#4931 = CARTESIAN_POINT('',(-112.9999999999,65.378539689236,
    -80.08703359792));
#4932 = CARTESIAN_POINT('',(-113.,65.737144588901,-80.77859775031));
#4933 = CARTESIAN_POINT('',(-112.9999999999,66.113883302152,
    -81.43820632916));
#4934 = CARTESIAN_POINT('',(-113.,66.509027043252,-82.06611192806));
#4935 = CARTESIAN_POINT('',(-113.,67.33576862029,-83.25815793755));
#4936 = CARTESIAN_POINT('',(-112.9999999999,68.232355266612,
    -84.32085576784));
#4937 = CARTESIAN_POINT('',(-113.,68.697344209392,-84.81941314077));
#4938 = CARTESIAN_POINT('',(-112.9999999999,69.177673312459,
    -85.28444472182));
#4939 = CARTESIAN_POINT('',(-113.,69.671261950292,-85.71509716299));
#4940 = CARTESIAN_POINT('',(-112.9999999999,70.175214944875,
    -86.11062051115));
#4941 = CARTESIAN_POINT('',(-113.,70.685899980299,-86.47076177723));
#4942 = CARTESIAN_POINT('',(-112.9999999999,71.199286920543,
    -86.79604685332));
#4943 = CARTESIAN_POINT('',(-113.,71.711373643427,-87.08779326758));
#4944 = CARTESIAN_POINT('',(-112.9999999999,72.725428957965,
    -87.60812738274));
#4945 = CARTESIAN_POINT('',(-113.,73.705698436995,-88.01182276662));
#4946 = CARTESIAN_POINT('',(-112.9999999999,74.183999530549,
    -88.18693031883));
#4947 = CARTESIAN_POINT('',(-113.,74.647445280709,-88.33817543062));
#4948 = CARTESIAN_POINT('',(-112.9999999999,75.093507919981,
    -88.46870919282));
#4949 = CARTESIAN_POINT('',(-113.,75.520118296762,-88.58170997009));
#4950 = CARTESIAN_POINT('',(-112.9999999999,75.925535311921,
    -88.68020121985));
#4951 = CARTESIAN_POINT('',(-113.,76.308183499337,-88.76694686429));
#4952 = CARTESIAN_POINT('',(-112.9999999999,76.666511193327,
    -88.84437911572));
#4953 = CARTESIAN_POINT('',(-112.9999999999,77.354563861545,
    -88.98954519591));
#4954 = CARTESIAN_POINT('',(-113.,77.924245093598,-89.10973714523));
#4955 = CARTESIAN_POINT('',(-112.9999999999,78.185018897608,
    -89.16699960106));
#4956 = CARTESIAN_POINT('',(-113.,78.409912543326,-89.22049876784));
#4957 = CARTESIAN_POINT('',(-112.9999999999,78.596694259897,
    -89.27049116085));
#4958 = CARTESIAN_POINT('',(-113.,78.742985502535,-89.3161491733));
#4959 = CARTESIAN_POINT('',(-112.9999999999,78.847145026262,
    -89.35537696787));
#4960 = CARTESIAN_POINT('',(-113.,78.90812346477,-89.38464041688));
#4961 = CARTESIAN_POINT('',(-112.9999999999,78.928267470344,
    -89.3987029071));
#4962 = CARTESIAN_POINT('',(-113.,78.914496587424,-89.39393798757));
#4963 = CARTESIAN_POINT('',(-113.,78.845633293869,-89.35091920448));
#4964 = CARTESIAN_POINT('',(-112.9999999999,78.804270567374,
    -89.32247570968));
#4965 = CARTESIAN_POINT('',(-113.,78.76017757222,-89.28745088927));
#4966 = CARTESIAN_POINT('',(-112.9999999999,78.72142137542,
    -89.25052524786));
#4967 = CARTESIAN_POINT('',(-113.,78.695304714414,-89.21871959093));
#4968 = CARTESIAN_POINT('',(-112.9999999999,78.686599960432,
    -89.20114198203));
#4969 = CARTESIAN_POINT('',(-113.,78.695849784501,-89.20571091397));
#4970 = CARTESIAN_POINT('',(-112.9999999999,78.722202294921,
    -89.23821768412));
#4971 = CARTESIAN_POINT('',(-113.,78.763702147664,-89.30282613121));
#4972 = CARTESIAN_POINT('',(-112.9999999999,78.872695089805,
    -89.50171534853));
#4973 = CARTESIAN_POINT('',(-113.,79.025292288205,-89.84702547092));
#4974 = CARTESIAN_POINT('',(-113.,79.110398188648,-90.0580542321));
#4975 = CARTESIAN_POINT('',(-112.9999999999,79.20228466151,
    -90.30824032992));
#4976 = CARTESIAN_POINT('',(-113.,79.299337103392,-90.59779949625));
#4977 = CARTESIAN_POINT('',(-112.9999999999,79.400373367043,
    -90.92673703862));
#4978 = CARTESIAN_POINT('',(-112.9999999999,79.504564436239,
    -91.29504470484));
#4979 = CARTESIAN_POINT('',(-113.,79.611354771423,-91.70276907365));
#4980 = CARTESIAN_POINT('',(-113.,79.720402825661,-92.15003534438));
#4981 = CARTESIAN_POINT('',(-113.,80.053785355471,-93.61117096501));
#4982 = CARTESIAN_POINT('',(-113.,80.405403719793,-95.43332402006));
#4983 = CARTESIAN_POINT('',(-112.9999999999,80.647494840976,
    -96.81122226567));
#4984 = CARTESIAN_POINT('',(-113.,80.898846199242,-98.35655632875));
#4985 = CARTESIAN_POINT('',(-112.9999999999,81.161814229846,
    -100.0752102104));
#4986 = CARTESIAN_POINT('',(-113.,81.439128179833,-101.9739923894));
#4987 = CARTESIAN_POINT('',(-112.9999999999,81.73373441521,
    -104.0603719318));
#4988 = CARTESIAN_POINT('',(-113.,82.048704696102,-106.3423298343));
#4989 = CARTESIAN_POINT('',(-112.9999999999,82.38718373216,
    -108.8281568777));
#4990 = CARTESIAN_POINT('',(-113.,83.07227393992,-113.8901191269));
#4991 = CARTESIAN_POINT('',(-112.9999999999,83.862715049136,
    -119.7304931529));
#4992 = CARTESIAN_POINT('',(-113.,84.256956891452,-122.6332901042));
#4993 = CARTESIAN_POINT('',(-112.9999999999,84.678530664191,
    -125.7176878279));
#4994 = CARTESIAN_POINT('',(-113.,85.129637530154,-128.9897566807));
#4995 = CARTESIAN_POINT('',(-112.9999999999,85.612485765664,
    -132.455624965));
#4996 = CARTESIAN_POINT('',(-113.,86.129288703448,-136.1214648666));
#4997 = CARTESIAN_POINT('',(-112.9999999999,86.68226354219,
    -139.9934826101));
#4998 = CARTESIAN_POINT('',(-113.,87.273630365501,-144.0779110054));
#4999 = CARTESIAN_POINT('',(-112.9999999999,87.905611308676,
    -148.3810036287));
#5000 = CARTESIAN_POINT('',(-113.,88.58043036768,-152.9090309689));
#5001 = ORIENTED_EDGE('',*,*,#5002,.F.);
#5002 = EDGE_CURVE('',#5003,#4913,#5005,.T.);
#5003 = VERTEX_POINT('',#5004);
#5004 = CARTESIAN_POINT('',(-118.,93.525812488367,-152.1720128685));
#5005 = ( BOUNDED_CURVE() B_SPLINE_CURVE(6,(#5006,#5007,#5008,#5009,
#5010,#5011,#5012),.UNSPECIFIED.,.F.,.F.) B_SPLINE_CURVE_WITH_KNOTS((7,7
),(1.570796326795,4.712388980385),.PIECEWISE_BEZIER_KNOTS.) CURVE() 
GEOMETRIC_REPRESENTATION_ITEM() RATIONAL_B_SPLINE_CURVE((1.132556574715,
    1.036346631341,0.992316309354,0.976461899693,0.992316309354,
1.036346631341,1.132556574715)) REPRESENTATION_ITEM('') );
#5006 = CARTESIAN_POINT('',(-113.,98.471194609051,-151.434994768));
#5007 = CARTESIAN_POINT('',(-115.8602409953,98.471194609051,
    -151.434994768));
#5008 = CARTESIAN_POINT('',(-118.3688186029,96.615329568047,
    -151.7115772633));
#5009 = CARTESIAN_POINT('',(-119.3803103195,93.525812488365,
    -152.1720128685));
#5010 = CARTESIAN_POINT('',(-118.3688186029,90.436295408683,
    -152.6324484736));
#5011 = CARTESIAN_POINT('',(-115.8602409953,88.58043036768,
    -152.9090309689));
#5012 = CARTESIAN_POINT('',(-113.,88.58043036768,-152.9090309689));
#5013 = ORIENTED_EDGE('',*,*,#5014,.F.);
#5014 = EDGE_CURVE('',#4639,#5003,#5015,.T.);
#5015 = B_SPLINE_CURVE_WITH_KNOTS('',6,(#5016,#5017,#5018,#5019,#5020,
    #5021,#5022,#5023,#5024,#5025,#5026,#5027,#5028,#5029,#5030,#5031,
    #5032,#5033,#5034,#5035,#5036,#5037,#5038,#5039,#5040,#5041,#5042,
    #5043,#5044,#5045,#5046,#5047),.UNSPECIFIED.,.F.,.F.,(7,5,5,5,5,5,7)
  ,(0.,0.164926048429,0.275723323043,0.43265567829,0.671753251139,
    0.932023589015,1.),.UNSPECIFIED.);
#5016 = CARTESIAN_POINT('',(-113.,97.839669134638,-147.1720128685));
#5017 = CARTESIAN_POINT('',(-113.2776179337,97.839669134638,
    -147.1720128685));
#5018 = CARTESIAN_POINT('',(-113.555382561,97.823695560052,
    -147.1905107319));
#5019 = CARTESIAN_POINT('',(-113.8291455755,97.79172064531,
    -147.2275385963));
#5020 = CARTESIAN_POINT('',(-114.0957869442,97.744847909478,
    -147.2818195286));
#5021 = CARTESIAN_POINT('',(-114.352992474,97.684640223557,
    -147.351545352));
#5022 = CARTESIAN_POINT('',(-114.7645117698,97.564695726666,
    -147.4904575678));
#5023 = CARTESIAN_POINT('',(-114.9249898619,97.511260161612,
    -147.5523446316));
#5024 = CARTESIAN_POINT('',(-115.0802170685,97.453079592489,
    -147.6197289395));
#5025 = CARTESIAN_POINT('',(-115.2300032969,97.390644975938,
    -147.6920424464));
#5026 = CARTESIAN_POINT('',(-115.3742801426,97.324403626378,
    -147.7687675963));
#5027 = CARTESIAN_POINT('',(-115.7096607783,97.156066968763,
    -147.9637534139));
#5028 = CARTESIAN_POINT('',(-115.8952037539,97.050549689487,
    -148.0859805774));
#5029 = CARTESIAN_POINT('',(-116.069836497,96.939256917827,
    -148.2149045869));
#5030 = CARTESIAN_POINT('',(-116.2338325698,96.8230974497,-148.349473957
    ));
#5031 = CARTESIAN_POINT('',(-116.3875616645,96.702801668837,
    -148.4888436254));
#5032 = CARTESIAN_POINT('',(-116.7506630304,96.390136959265,
    -148.8511067059));
#5033 = CARTESIAN_POINT('',(-116.9469082666,96.193111961591,
    -149.0794063839));
#5034 = CARTESIAN_POINT('',(-117.1217171509,95.989725265039,
    -149.3151006155));
#5035 = CARTESIAN_POINT('',(-117.2762240001,95.781405661513,
    -149.5565361417));
#5036 = CARTESIAN_POINT('',(-117.4114927653,95.56922435573,
    -149.802473157));
#5037 = CARTESIAN_POINT('',(-117.655586656,95.119420897664,
    -150.3238913056));
#5038 = CARTESIAN_POINT('',(-117.7609529644,94.88131654078,
    -150.5999362951));
#5039 = CARTESIAN_POINT('',(-117.8455398527,94.640518437598,
    -150.8791369467));
#5040 = CARTESIAN_POINT('',(-117.9100050142,94.397837467664,
    -151.1605542356));
#5041 = CARTESIAN_POINT('',(-117.9548166414,94.153956427162,
    -151.443396974));
#5042 = CARTESIAN_POINT('',(-117.9867784781,93.845558585267,
    -151.8011062243));
#5043 = CARTESIAN_POINT('',(-117.9920692085,93.781650485457,
    -151.8752352544));
#5044 = CARTESIAN_POINT('',(-117.9960350872,93.717711073945,
    -151.9494028926));
#5045 = CARTESIAN_POINT('',(-117.9986783314,93.653751146054,
    -152.0235966193));
#5046 = CARTESIAN_POINT('',(-118.0000000012,93.589781417759,
    -152.0978040356));
#5047 = CARTESIAN_POINT('',(-118.,93.525812525683,-152.1720128629));
#5048 = ( BOUNDED_SURFACE() B_SPLINE_SURFACE(6,11,(
    (#5049,#5050,#5051,#5052,#5053,#5054,#5055,#5056,#5057,#5058,#5059
      ,#5060,#5061,#5062,#5063,#5064,#5065,#5066,#5067,#5068,#5069,#5070
      ,#5071,#5072,#5073,#5074,#5075,#5076,#5077,#5078,#5079,#5080,#5081
      ,#5082,#5083,#5084,#5085,#5086,#5087,#5088,#5089,#5090,#5091,#5092
      ,#5093,#5094,#5095,#5096,#5097,#5098,#5099,#5100,#5101,#5102,#5103
      ,#5104,#5105,#5106,#5107,#5108,#5109,#5110,#5111,#5112,#5113,#5114
      ,#5115,#5116,#5117,#5118,#5119,#5120,#5121,#5122,#5123,#5124,#5125
      ,#5126,#5127,#5128,#5129,#5130,#5131,#5132,#5133)
    ,(#5134,#5135,#5136,#5137,#5138,#5139,#5140,#5141,#5142,#5143,#5144
      ,#5145,#5146,#5147,#5148,#5149,#5150,#5151,#5152,#5153,#5154,#5155
      ,#5156,#5157,#5158,#5159,#5160,#5161,#5162,#5163,#5164,#5165,#5166
      ,#5167,#5168,#5169,#5170,#5171,#5172,#5173,#5174,#5175,#5176,#5177
      ,#5178,#5179,#5180,#5181,#5182,#5183,#5184,#5185,#5186,#5187,#5188
      ,#5189,#5190,#5191,#5192,#5193,#5194,#5195,#5196,#5197,#5198,#5199
      ,#5200,#5201,#5202,#5203,#5204,#5205,#5206,#5207,#5208,#5209,#5210
      ,#5211,#5212,#5213,#5214,#5215,#5216,#5217,#5218)
    ,(#5219,#5220,#5221,#5222,#5223,#5224,#5225,#5226,#5227,#5228,#5229
      ,#5230,#5231,#5232,#5233,#5234,#5235,#5236,#5237,#5238,#5239,#5240
      ,#5241,#5242,#5243,#5244,#5245,#5246,#5247,#5248,#5249,#5250,#5251
      ,#5252,#5253,#5254,#5255,#5256,#5257,#5258,#5259,#5260,#5261,#5262
      ,#5263,#5264,#5265,#5266,#5267,#5268,#5269,#5270,#5271,#5272,#5273
      ,#5274,#5275,#5276,#5277,#5278,#5279,#5280,#5281,#5282,#5283,#5284
      ,#5285,#5286,#5287,#5288,#5289,#5290,#5291,#5292,#5293,#5294,#5295
      ,#5296,#5297,#5298,#5299,#5300,#5301,#5302,#5303)
    ,(#5304,#5305,#5306,#5307,#5308,#5309,#5310,#5311,#5312,#5313,#5314
      ,#5315,#5316,#5317,#5318,#5319,#5320,#5321,#5322,#5323,#5324,#5325
      ,#5326,#5327,#5328,#5329,#5330,#5331,#5332,#5333,#5334,#5335,#5336
      ,#5337,#5338,#5339,#5340,#5341,#5342,#5343,#5344,#5345,#5346,#5347
      ,#5348,#5349,#5350,#5351,#5352,#5353,#5354,#5355,#5356,#5357,#5358
      ,#5359,#5360,#5361,#5362,#5363,#5364,#5365,#5366,#5367,#5368,#5369
      ,#5370,#5371,#5372,#5373,#5374,#5375,#5376,#5377,#5378,#5379,#5380
      ,#5381,#5382,#5383,#5384,#5385,#5386,#5387,#5388)
    ,(#5389,#5390,#5391,#5392,#5393,#5394,#5395,#5396,#5397,#5398,#5399
      ,#5400,#5401,#5402,#5403,#5404,#5405,#5406,#5407,#5408,#5409,#5410
      ,#5411,#5412,#5413,#5414,#5415,#5416,#5417,#5418,#5419,#5420,#5421
      ,#5422,#5423,#5424,#5425,#5426,#5427,#5428,#5429,#5430,#5431,#5432
      ,#5433,#5434,#5435,#5436,#5437,#5438,#5439,#5440,#5441,#5442,#5443
      ,#5444,#5445,#5446,#5447,#5448,#5449,#5450,#5451,#5452,#5453,#5454
      ,#5455,#5456,#5457,#5458,#5459,#5460,#5461,#5462,#5463,#5464,#5465
      ,#5466,#5467,#5468,#5469,#5470,#5471,#5472,#5473)
    ,(#5474,#5475,#5476,#5477,#5478,#5479,#5480,#5481,#5482,#5483,#5484
      ,#5485,#5486,#5487,#5488,#5489,#5490,#5491,#5492,#5493,#5494,#5495
      ,#5496,#5497,#5498,#5499,#5500,#5501,#5502,#5503,#5504,#5505,#5506
      ,#5507,#5508,#5509,#5510,#5511,#5512,#5513,#5514,#5515,#5516,#5517
      ,#5518,#5519,#5520,#5521,#5522,#5523,#5524,#5525,#5526,#5527,#5528
      ,#5529,#5530,#5531,#5532,#5533,#5534,#5535,#5536,#5537,#5538,#5539
      ,#5540,#5541,#5542,#5543,#5544,#5545,#5546,#5547,#5548,#5549,#5550
      ,#5551,#5552,#5553,#5554,#5555,#5556,#5557,#5558)
    ,(#5559,#5560,#5561,#5562,#5563,#5564,#5565,#5566,#5567,#5568,#5569
      ,#5570,#5571,#5572,#5573,#5574,#5575,#5576,#5577,#5578,#5579,#5580
      ,#5581,#5582,#5583,#5584,#5585,#5586,#5587,#5588,#5589,#5590,#5591
      ,#5592,#5593,#5594,#5595,#5596,#5597,#5598,#5599,#5600,#5601,#5602
      ,#5603,#5604,#5605,#5606,#5607,#5608,#5609,#5610,#5611,#5612,#5613
      ,#5614,#5615,#5616,#5617,#5618,#5619,#5620,#5621,#5622,#5623,#5624
      ,#5625,#5626,#5627,#5628,#5629,#5630,#5631,#5632,#5633,#5634,#5635
      ,#5636,#5637,#5638,#5639,#5640,#5641,#5642,#5643
)),.UNSPECIFIED.,.F.,.F.,.F.) B_SPLINE_SURFACE_WITH_KNOTS((7,7),(12,9,9,
    9,9,10,9,9,9,12),(1.570796326795,4.712388980385),(0.,
    9.861947012654E-02,0.197238940253,0.29585841038,0.394477880506,0.5,
    0.586925937849,0.673851875698,0.847703751396,1.),.UNSPECIFIED.) 
GEOMETRIC_REPRESENTATION_ITEM() RATIONAL_B_SPLINE_SURFACE((
    (1.132556574715,1.132556574715,1.132556574715,1.132556574716
      ,1.132556574713,1.132556574717,1.132556574713,1.132556574716
      ,1.132556574714,1.132556574715,1.132556574715,1.132556574715
      ,1.132556574715,1.132556574715,1.132556574714,1.132556574716
      ,1.132556574715,1.132556574715,1.132556574715,1.132556574715
      ,1.132556574715,1.132556574715,1.132556574715,1.132556574714
      ,1.132556574716,1.132556574714,1.132556574715,1.132556574715
      ,1.132556574715,1.132556574715,1.132556574715,1.132556574715
      ,1.132556574714,1.132556574716,1.132556574715,1.132556574715
      ,1.132556574715,1.132556574715,1.132556574715,1.132556574716
      ,1.132556574714,1.132556574717,1.132556574713,1.132556574716
      ,1.132556574714,1.132556574715,1.132556574715,1.132556574715
      ,1.132556574715,1.132556574715,1.132556574716,1.132556574714
      ,1.132556574716,1.132556574714,1.132556574715,1.132556574715
      ,1.132556574715,1.132556574715,1.132556574715,1.132556574715
      ,1.132556574715,1.132556574715,1.132556574715,1.132556574715
      ,1.132556574715,1.132556574715,1.132556574715,1.132556574715
      ,1.132556574715,1.132556574715,1.132556574715,1.132556574715
      ,1.132556574715,1.132556574715,1.132556574715,1.132556574715
      ,1.132556574715,1.132556574715,1.132556574715,1.132556574715
      ,1.132556574715,1.132556574715,1.132556574715,1.132556574715
      ,1.132556574715)
    ,(1.036346631341,1.036346631341,1.036346631341,1.036346631342
      ,1.03634663134,1.036346631343,1.03634663134,1.036346631342
      ,1.036346631341,1.036346631341,1.036346631341,1.036346631341
      ,1.036346631341,1.036346631342,1.036346631341,1.036346631342
      ,1.036346631341,1.036346631341,1.036346631341,1.036346631341
      ,1.036346631341,1.036346631341,1.036346631341,1.036346631341
      ,1.036346631342,1.036346631341,1.036346631341,1.036346631341
      ,1.036346631341,1.036346631341,1.036346631341,1.036346631341
      ,1.036346631341,1.036346631342,1.036346631341,1.036346631341
      ,1.036346631341,1.036346631341,1.036346631341,1.036346631342
      ,1.03634663134,1.036346631342,1.03634663134,1.036346631342
      ,1.036346631341,1.036346631341,1.036346631341,1.036346631341
      ,1.036346631341,1.036346631341,1.036346631342,1.036346631341
      ,1.036346631342,1.036346631341,1.036346631341,1.036346631341
      ,1.036346631341,1.036346631341,1.036346631341,1.036346631341
      ,1.036346631341,1.036346631341,1.036346631341,1.036346631341
      ,1.036346631341,1.036346631341,1.036346631341,1.036346631341
      ,1.036346631342,1.03634663134,1.036346631343,1.03634663134
      ,1.036346631342,1.036346631341,1.036346631341,1.036346631341
      ,1.036346631342,1.036346631341,1.036346631342,1.03634663134
      ,1.036346631342,1.036346631341,1.036346631341,1.036346631341
      ,1.036346631341)
    ,(0.992316309354,0.992316309354,0.992316309353,0.992316309354
      ,0.992316309352,0.992316309355,0.992316309352,0.992316309355
      ,0.992316309353,0.992316309354,0.992316309354,0.992316309354
      ,0.992316309354,0.992316309354,0.992316309353,0.992316309354
      ,0.992316309353,0.992316309354,0.992316309354,0.992316309354
      ,0.992316309354,0.992316309354,0.992316309354,0.992316309353
      ,0.992316309354,0.992316309353,0.992316309354,0.992316309354
      ,0.992316309354,0.992316309354,0.992316309353,0.992316309354
      ,0.992316309353,0.992316309354,0.992316309353,0.992316309354
      ,0.992316309354,0.992316309354,0.992316309353,0.992316309354
      ,0.992316309353,0.992316309355,0.992316309352,0.992316309355
      ,0.992316309353,0.992316309354,0.992316309354,0.992316309354
      ,0.992316309354,0.992316309353,0.992316309354,0.992316309353
      ,0.992316309355,0.992316309353,0.992316309354,0.992316309354
      ,0.992316309354,0.992316309354,0.992316309354,0.992316309354
      ,0.992316309354,0.992316309354,0.992316309354,0.992316309354
      ,0.992316309354,0.992316309354,0.992316309354,0.992316309353
      ,0.992316309354,0.992316309353,0.992316309354,0.992316309353
      ,0.992316309354,0.992316309354,0.992316309354,0.992316309354
      ,0.992316309354,0.992316309353,0.992316309354,0.992316309354
      ,0.992316309354,0.992316309354,0.992316309354,0.992316309354
      ,0.992316309354)
    ,(0.976461899693,0.976461899693,0.976461899693,0.976461899694
      ,0.976461899692,0.976461899694,0.976461899692,0.976461899694
      ,0.976461899693,0.976461899693,0.976461899693,0.976461899693
      ,0.976461899693,0.976461899694,0.976461899693,0.976461899694
      ,0.976461899693,0.976461899693,0.976461899693,0.976461899693
      ,0.976461899693,0.976461899693,0.976461899694,0.976461899693
      ,0.976461899694,0.976461899693,0.976461899693,0.976461899693
      ,0.976461899693,0.976461899693,0.976461899693,0.976461899694
      ,0.976461899693,0.976461899694,0.976461899693,0.976461899693
      ,0.976461899693,0.976461899693,0.976461899693,0.976461899694
      ,0.976461899692,0.976461899694,0.976461899692,0.976461899694
      ,0.976461899693,0.976461899693,0.976461899693,0.976461899693
      ,0.976461899693,0.976461899693,0.976461899694,0.976461899693
      ,0.976461899694,0.976461899693,0.976461899694,0.976461899693
      ,0.976461899693,0.976461899693,0.976461899693,0.976461899693
      ,0.976461899693,0.976461899693,0.976461899693,0.976461899693
      ,0.976461899693,0.976461899693,0.976461899693,0.976461899693
      ,0.976461899694,0.976461899692,0.976461899694,0.976461899693
      ,0.976461899694,0.976461899693,0.976461899693,0.976461899693
      ,0.976461899693,0.976461899693,0.976461899693,0.976461899693
      ,0.976461899693,0.976461899693,0.976461899693,0.976461899693
      ,0.976461899693)
    ,(0.992316309354,0.992316309354,0.992316309353,0.992316309354
      ,0.992316309352,0.992316309355,0.992316309352,0.992316309355
      ,0.992316309353,0.992316309354,0.992316309354,0.992316309354
      ,0.992316309353,0.992316309354,0.992316309353,0.992316309354
      ,0.992316309353,0.992316309354,0.992316309354,0.992316309354
      ,0.992316309354,0.992316309354,0.992316309354,0.992316309353
      ,0.992316309354,0.992316309353,0.992316309354,0.992316309354
      ,0.992316309354,0.992316309354,0.992316309353,0.992316309354
      ,0.992316309353,0.992316309355,0.992316309353,0.992316309354
      ,0.992316309354,0.992316309354,0.992316309353,0.992316309354
      ,0.992316309353,0.992316309355,0.992316309352,0.992316309355
      ,0.992316309353,0.992316309354,0.992316309354,0.992316309354
      ,0.992316309354,0.992316309353,0.992316309354,0.992316309353
      ,0.992316309354,0.992316309353,0.992316309354,0.992316309354
      ,0.992316309354,0.992316309354,0.992316309354,0.992316309354
      ,0.992316309354,0.992316309354,0.992316309354,0.992316309354
      ,0.992316309354,0.992316309354,0.992316309354,0.992316309353
      ,0.992316309354,0.992316309353,0.992316309354,0.992316309353
      ,0.992316309354,0.992316309354,0.992316309354,0.992316309354
      ,0.992316309354,0.992316309353,0.992316309355,0.992316309353
      ,0.992316309354,0.992316309353,0.992316309354,0.992316309354
      ,0.992316309354)
    ,(1.036346631341,1.036346631341,1.036346631341,1.036346631342
      ,1.03634663134,1.036346631342,1.03634663134,1.036346631342
      ,1.036346631341,1.036346631341,1.036346631341,1.036346631341
      ,1.036346631341,1.036346631342,1.036346631341,1.036346631342
      ,1.036346631341,1.036346631341,1.036346631341,1.036346631341
      ,1.036346631341,1.036346631341,1.036346631342,1.036346631341
      ,1.036346631342,1.036346631341,1.036346631341,1.036346631341
      ,1.036346631341,1.036346631341,1.036346631341,1.036346631342
      ,1.036346631341,1.036346631342,1.036346631341,1.036346631341
      ,1.036346631341,1.036346631341,1.036346631341,1.036346631342
      ,1.03634663134,1.036346631342,1.03634663134,1.036346631342
      ,1.036346631341,1.036346631341,1.036346631341,1.036346631341
      ,1.036346631341,1.036346631341,1.036346631342,1.036346631341
      ,1.036346631342,1.036346631341,1.036346631341,1.036346631341
      ,1.036346631341,1.036346631341,1.036346631341,1.036346631342
      ,1.036346631341,1.036346631342,1.036346631341,1.036346631341
      ,1.036346631341,1.036346631341,1.036346631341,1.036346631341
      ,1.036346631342,1.03634663134,1.036346631342,1.03634663134
      ,1.036346631342,1.036346631341,1.036346631341,1.036346631341
      ,1.036346631341,1.036346631341,1.036346631341,1.036346631341
      ,1.036346631341,1.036346631341,1.036346631341,1.036346631341
      ,1.036346631341)
    ,(1.132556574715,1.132556574715,1.132556574715,1.132556574716
      ,1.132556574713,1.132556574717,1.132556574713,1.132556574716
      ,1.132556574714,1.132556574715,1.132556574715,1.132556574715
      ,1.132556574715,1.132556574715,1.132556574714,1.132556574716
      ,1.132556574715,1.132556574715,1.132556574715,1.132556574715
      ,1.132556574715,1.132556574715,1.132556574715,1.132556574714
      ,1.132556574716,1.132556574714,1.132556574715,1.132556574715
      ,1.132556574715,1.132556574715,1.132556574715,1.132556574715
      ,1.132556574714,1.132556574716,1.132556574715,1.132556574715
      ,1.132556574715,1.132556574715,1.132556574715,1.132556574716
      ,1.132556574714,1.132556574717,1.132556574713,1.132556574716
      ,1.132556574714,1.132556574715,1.132556574715,1.132556574715
      ,1.132556574715,1.132556574715,1.132556574716,1.132556574714
      ,1.132556574716,1.132556574714,1.132556574715,1.132556574715
      ,1.132556574715,1.132556574715,1.132556574715,1.132556574715
      ,1.132556574715,1.132556574715,1.132556574715,1.132556574715
      ,1.132556574715,1.132556574715,1.132556574715,1.132556574715
      ,1.132556574715,1.132556574715,1.132556574715,1.132556574715
      ,1.132556574715,1.132556574715,1.132556574715,1.132556574715
      ,1.132556574715,1.132556574715,1.132556574715,1.132556574715
      ,1.132556574715,1.132556574715,1.132556574715,1.132556574715
,1.132556574715))) REPRESENTATION_ITEM('') SURFACE() );
#5049 = CARTESIAN_POINT('',(-113.,71.510882331519,-61.86505461103));
#5050 = CARTESIAN_POINT('',(-112.9999999999,71.609654347569,
    -63.14031076234));
#5051 = CARTESIAN_POINT('',(-113.,71.721808551349,-64.34880429657));
#5052 = CARTESIAN_POINT('',(-112.9999999999,71.846594270555,
    -65.49195233338));
#5053 = CARTESIAN_POINT('',(-113.,71.983220987112,-66.57114982016));
#5054 = CARTESIAN_POINT('',(-112.9999999999,72.130849062438,
    -67.58777107062));
#5055 = CARTESIAN_POINT('',(-113.,72.288580768306,-68.54317283141));
#5056 = CARTESIAN_POINT('',(-112.9999999999,72.455448861207,
    -69.43870055583));
#5057 = CARTESIAN_POINT('',(-113.,72.630402605934,-70.27570034952));
#5058 = CARTESIAN_POINT('',(-112.9999999999,72.812293859106,
    -71.0555398497));
#5059 = CARTESIAN_POINT('',(-113.,73.187443121489,-72.50374432083));
#5060 = CARTESIAN_POINT('',(-112.9999999999,73.57990436934,
    -73.73512014962));
#5061 = CARTESIAN_POINT('',(-113.,73.779107656109,-74.2981312401));
#5062 = CARTESIAN_POINT('',(-112.9999999999,73.979827819954,
    -74.81010081834));
#5063 = CARTESIAN_POINT('',(-113.,74.180513185225,-75.27282603052));
#5064 = CARTESIAN_POINT('',(-112.9999999999,74.379541271094,
    -75.68832280537));
#5065 = CARTESIAN_POINT('',(-113.,74.575264142815,-76.05891244845));
#5066 = CARTESIAN_POINT('',(-112.9999999999,74.766104297827,
    -76.38731841939));
#5067 = CARTESIAN_POINT('',(-113.,74.950722157849,-76.67672629029));
#5068 = CARTESIAN_POINT('',(-113.,75.305732521648,-77.18478139206));
#5069 = CARTESIAN_POINT('',(-112.9999999999,75.631081838483,
    -77.56688567952));
#5070 = CARTESIAN_POINT('',(-113.,75.786038519128,-77.73034278285));
#5071 = CARTESIAN_POINT('',(-112.9999999999,75.933564317816,
    -77.87037726132));
#5072 = CARTESIAN_POINT('',(-113.,76.074671495977,-77.99128062853));
#5073 = CARTESIAN_POINT('',(-112.9999999999,76.211186868549,
    -78.09724100371));
#5074 = CARTESIAN_POINT('',(-113.,76.345674387048,-78.19194954136));
#5075 = CARTESIAN_POINT('',(-112.9999999999,76.481095824408,
    -78.27831851549));
#5076 = CARTESIAN_POINT('',(-113.,76.620384938728,-78.35846856354));
#5077 = CARTESIAN_POINT('',(-112.9999999999,76.912079490762,
    -78.50928852891));
#5078 = CARTESIAN_POINT('',(-113.,77.239282807676,-78.64522220048));
#5079 = CARTESIAN_POINT('',(-112.9999999999,77.41408048076,
    -78.71048608552));
#5080 = CARTESIAN_POINT('',(-113.,77.602027502187,-78.77360748628));
#5081 = CARTESIAN_POINT('',(-112.9999999999,77.804583275782,
    -78.83487347774));
#5082 = CARTESIAN_POINT('',(-113.,78.022748589452,-78.89454386102));
#5083 = CARTESIAN_POINT('',(-112.9999999999,78.257196178607,
    -78.9530333445));
#5084 = CARTESIAN_POINT('',(-113.,78.508433145731,-79.01101617176));
#5085 = CARTESIAN_POINT('',(-112.9999999999,78.776942792754,
    -79.0694982963));
#5086 = CARTESIAN_POINT('',(-113.,79.369638457052,-79.19454585488));
#5087 = CARTESIAN_POINT('',(-113.,80.041350993368,-79.33626447675));
#5088 = CARTESIAN_POINT('',(-112.9999999999,80.410437723587,
    -79.4163786032));
#5089 = CARTESIAN_POINT('',(-113.,80.8022718434,-79.50646113346));
#5090 = CARTESIAN_POINT('',(-112.9999999999,81.217776359411,
    -79.61046736786));
#5091 = CARTESIAN_POINT('',(-113.,81.658021050441,-79.73343672851));
#5092 = CARTESIAN_POINT('',(-112.9999999999,82.123338397817,
    -79.88167686843));
#5093 = CARTESIAN_POINT('',(-113.,82.613469001767,-80.0629337306));
#5094 = CARTESIAN_POINT('',(-112.9999999999,83.124757445922,
    -80.28665574389));
#5095 = CARTESIAN_POINT('',(-113.,83.648975420492,-80.56068117466));
#5096 = CARTESIAN_POINT('',(-113.,84.608117368273,-81.15985552822));
#5097 = CARTESIAN_POINT('',(-112.9999999999,85.036477061483,
    -81.46372389893));
#5098 = CARTESIAN_POINT('',(-113.,85.453269056793,-81.80075168087));
#5099 = CARTESIAN_POINT('',(-112.9999999999,85.851257039986,
    -82.16861881511));
#5100 = CARTESIAN_POINT('',(-113.,86.223969025051,-82.56266494186));
#5101 = CARTESIAN_POINT('',(-112.9999999999,86.567463394306,
    -82.97614244326));
#5102 = CARTESIAN_POINT('',(-113.,86.882028227724,-83.40349327217));
#5103 = CARTESIAN_POINT('',(-112.9999999999,87.169346170412,
    -83.84128657691));
#5104 = CARTESIAN_POINT('',(-113.,87.432203318029,-84.28771896444));
#5105 = CARTESIAN_POINT('',(-112.9999999999,87.914958976364,
    -85.19711382721));
#5106 = CARTESIAN_POINT('',(-113.,88.323502586872,-86.1419343893));
#5107 = CARTESIAN_POINT('',(-112.9999999999,88.512145895362,
    -86.62379306714));
#5108 = CARTESIAN_POINT('',(-113.,88.688018188073,-87.11667695081));
#5109 = CARTESIAN_POINT('',(-112.9999999999,88.85356482104,
    -87.62273075414));
#5110 = CARTESIAN_POINT('',(-113.,89.010798693336,-88.14430961523));
#5111 = CARTESIAN_POINT('',(-112.9999999999,89.161379574086,
    -88.68378223204));
#5112 = CARTESIAN_POINT('',(-113.,89.306693754645,-89.24346247144));
#5113 = CARTESIAN_POINT('',(-112.9999999999,89.447913534597,
    -89.82558557983));
#5114 = CARTESIAN_POINT('',(-113.,89.862316719224,-91.64565374627));
#5115 = CARTESIAN_POINT('',(-112.9999999999,90.256907476065,
    -93.70505543869));
#5116 = CARTESIAN_POINT('',(-112.9999999999,90.518234412754,
    -95.20056657259));
#5117 = CARTESIAN_POINT('',(-113.,90.782892441225,-96.83323166902));
#5118 = CARTESIAN_POINT('',(-112.9999999999,91.055171145011,
    -98.61605029236));
#5119 = CARTESIAN_POINT('',(-113.,91.338987295161,-100.5610975293));
#5120 = CARTESIAN_POINT('',(-112.9999999999,91.63804054476,
    -102.6797878794));
#5121 = CARTESIAN_POINT('',(-113.,91.955905151685,-104.9830239112));
#5122 = CARTESIAN_POINT('',(-112.9999999999,92.296082425199,
    -107.4813984097));
#5123 = CARTESIAN_POINT('',(-113.,92.982588805793,-112.5538244099));
#5124 = CARTESIAN_POINT('',(-112.9999999999,93.771789331271,
    -118.3850320694));
#5125 = CARTESIAN_POINT('',(-113.,94.164999059922,-121.2802033582));
#5126 = CARTESIAN_POINT('',(-112.9999999999,94.585175846933,
    -124.3543420294));
#5127 = CARTESIAN_POINT('',(-113.,95.03458630127,-127.6140721642));
#5128 = CARTESIAN_POINT('',(-112.9999999999,95.515489919563,
    -131.0659598979));
#5129 = CARTESIAN_POINT('',(-113.,96.030141140401,-134.716527483));
#5130 = CARTESIAN_POINT('',(-112.9999999999,96.580790538198,
    -138.5722631322));
#5131 = CARTESIAN_POINT('',(-113.,97.1696858009,-142.6396284739));
#5132 = CARTESIAN_POINT('',(-113.,97.79907256582,-146.9250643695));
#5133 = CARTESIAN_POINT('',(-113.,98.471194609051,-151.434994768));
#5134 = CARTESIAN_POINT('',(-115.8602409953,71.510882331519,
    -61.86505461103));
#5135 = CARTESIAN_POINT('',(-115.8602409953,71.609654347563,
    -63.14031076234));
#5136 = CARTESIAN_POINT('',(-115.8602409953,71.721808551374,
    -64.34880429658));
#5137 = CARTESIAN_POINT('',(-115.8602409953,71.8465942705,
    -65.49195233335));
#5138 = CARTESIAN_POINT('',(-115.8602409954,71.983220987202,
    -66.5711498202));
#5139 = CARTESIAN_POINT('',(-115.8602409953,72.130849062332,
    -67.58777107057));
#5140 = CARTESIAN_POINT('',(-115.8602409954,72.288580768399,
    -68.54317283145));
#5141 = CARTESIAN_POINT('',(-115.8602409953,72.455448861147,
    -69.4387005558));
#5142 = CARTESIAN_POINT('',(-115.8602409953,72.63040260596,
    -70.27570034954));
#5143 = CARTESIAN_POINT('',(-115.8602409953,72.812293859102,
    -71.0555398497));
#5144 = CARTESIAN_POINT('',(-115.8602409953,73.18744312149,
    -72.50374432083));
#5145 = CARTESIAN_POINT('',(-115.8602409953,73.579904369343,
    -73.73512014962));
#5146 = CARTESIAN_POINT('',(-115.8602409953,73.779107656087,
    -74.2981312401));
#5147 = CARTESIAN_POINT('',(-115.8602409953,73.979827820008,
    -74.81010081834));
#5148 = CARTESIAN_POINT('',(-115.8602409954,74.180513185144,
    -75.27282603052));
#5149 = CARTESIAN_POINT('',(-115.8602409952,74.379541271178,
    -75.68832280537));
#5150 = CARTESIAN_POINT('',(-115.8602409954,74.575264142752,
    -76.05891244846));
#5151 = CARTESIAN_POINT('',(-115.8602409953,74.766104297859,
    -76.38731841939));
#5152 = CARTESIAN_POINT('',(-115.8602409953,74.95072215784,
    -76.67672629029));
#5153 = CARTESIAN_POINT('',(-115.8602409953,75.305732521658,
    -77.18478139206));
#5154 = CARTESIAN_POINT('',(-115.8602409953,75.631081838473,
    -77.56688567952));
#5155 = CARTESIAN_POINT('',(-115.8602409953,75.786038519169,
    -77.73034278285));
#5156 = CARTESIAN_POINT('',(-115.8602409953,75.933564317733,
    -77.87037726132));
#5157 = CARTESIAN_POINT('',(-115.8602409953,76.074671496092,
    -77.99128062854));
#5158 = CARTESIAN_POINT('',(-115.8602409953,76.211186868433,
    -78.0972410037));
#5159 = CARTESIAN_POINT('',(-115.8602409953,76.345674387132,
    -78.19194954137));
#5160 = CARTESIAN_POINT('',(-115.8602409953,76.481095824369,
    -78.27831851549));
#5161 = CARTESIAN_POINT('',(-115.8602409953,76.620384938737,
    -78.35846856354));
#5162 = CARTESIAN_POINT('',(-115.8602409953,76.912079490756,
    -78.50928852891));
#5163 = CARTESIAN_POINT('',(-115.8602409953,77.239282807679,
    -78.64522220048));
#5164 = CARTESIAN_POINT('',(-115.8602409953,77.414080480758,
    -78.71048608552));
#5165 = CARTESIAN_POINT('',(-115.8602409954,77.602027502185,
    -78.77360748628));
#5166 = CARTESIAN_POINT('',(-115.8602409952,77.804583275786,
    -78.83487347775));
#5167 = CARTESIAN_POINT('',(-115.8602409954,78.022748589449,
    -78.89454386102));
#5168 = CARTESIAN_POINT('',(-115.8602409953,78.257196178608,
    -78.9530333445));
#5169 = CARTESIAN_POINT('',(-115.8602409953,78.508433145732,
    -79.01101617176));
#5170 = CARTESIAN_POINT('',(-115.8602409953,78.776942792754,
    -79.0694982963));
#5171 = CARTESIAN_POINT('',(-115.8602409953,79.369638457053,
    -79.19454585488));
#5172 = CARTESIAN_POINT('',(-115.8602409953,80.041350993367,
    -79.33626447676));
#5173 = CARTESIAN_POINT('',(-115.8602409953,80.410437723591,
    -79.41637860319));
#5174 = CARTESIAN_POINT('',(-115.8602409953,80.802271843393,
    -79.50646113347));
#5175 = CARTESIAN_POINT('',(-115.8602409953,81.21777635942,
    -79.61046736784));
#5176 = CARTESIAN_POINT('',(-115.8602409953,81.658021050432,
    -79.73343672853));
#5177 = CARTESIAN_POINT('',(-115.8602409953,82.123338397826,
    -79.88167686842));
#5178 = CARTESIAN_POINT('',(-115.8602409953,82.613469001759,
    -80.06293373061));
#5179 = CARTESIAN_POINT('',(-115.8602409953,83.124757445927,
    -80.28665574389));
#5180 = CARTESIAN_POINT('',(-115.8602409953,83.648975420489,
    -80.56068117466));
#5181 = CARTESIAN_POINT('',(-115.8602409953,84.608117368278,
    -81.15985552822));
#5182 = CARTESIAN_POINT('',(-115.8602409953,85.036477061458,
    -81.46372389893));
#5183 = CARTESIAN_POINT('',(-115.8602409953,85.453269056858,
    -81.80075168087));
#5184 = CARTESIAN_POINT('',(-115.8602409953,85.851257039874,
    -82.1686188151));
#5185 = CARTESIAN_POINT('',(-115.8602409953,86.223969025191,
    -82.56266494187));
#5186 = CARTESIAN_POINT('',(-115.8602409953,86.567463394174,
    -82.97614244325));
#5187 = CARTESIAN_POINT('',(-115.8602409953,86.882028227815,
    -83.40349327217));
#5188 = CARTESIAN_POINT('',(-115.8602409953,87.169346170367,
    -83.84128657691));
#5189 = CARTESIAN_POINT('',(-115.8602409953,87.43220331804,
    -84.28771896445));
#5190 = CARTESIAN_POINT('',(-115.8602409953,87.914958976354,
    -85.19711382721));
#5191 = CARTESIAN_POINT('',(-115.8602409953,88.323502586881,
    -86.1419343893));
#5192 = CARTESIAN_POINT('',(-115.8602409953,88.512145895335,
    -86.62379306713));
#5193 = CARTESIAN_POINT('',(-115.8602409953,88.688018188124,
    -87.11667695082));
#5194 = CARTESIAN_POINT('',(-115.8602409953,88.853564820974,
    -87.62273075412));
#5195 = CARTESIAN_POINT('',(-115.8602409953,89.010798693397,
    -88.14430961525));
#5196 = CARTESIAN_POINT('',(-115.8602409953,89.161379574047,
    -88.68378223203));
#5197 = CARTESIAN_POINT('',(-115.8602409953,89.30669375466,
    -89.24346247145));
#5198 = CARTESIAN_POINT('',(-115.8602409953,89.447913534595,
    -89.82558557983));
#5199 = CARTESIAN_POINT('',(-115.8602409953,89.862316719222,
    -91.64565374627));
#5200 = CARTESIAN_POINT('',(-115.8602409953,90.256907476071,
    -93.70505543869));
#5201 = CARTESIAN_POINT('',(-115.8602409953,90.518234412731,
    -95.20056657258));
#5202 = CARTESIAN_POINT('',(-115.8602409953,90.782892441274,
    -96.83323166903));
#5203 = CARTESIAN_POINT('',(-115.8602409954,91.05517114494,
    -98.61605029235));
#5204 = CARTESIAN_POINT('',(-115.8602409953,91.338987295234,
    -100.5610975293));
#5205 = CARTESIAN_POINT('',(-115.8602409953,91.638040544705,
    -102.6797878794));
#5206 = CARTESIAN_POINT('',(-115.8602409953,91.955905151713,
    -104.9830239112));
#5207 = CARTESIAN_POINT('',(-115.8602409953,92.296082425191,
    -107.4813984097));
#5208 = CARTESIAN_POINT('',(-115.8602409953,92.9825888058,
    -112.5538244099));
#5209 = CARTESIAN_POINT('',(-115.8602409953,93.771789331266,
    -118.3850320694));
#5210 = CARTESIAN_POINT('',(-115.8602409953,94.16499905994,
    -121.2802033582));
#5211 = CARTESIAN_POINT('',(-115.8602409954,94.585175846895,
    -124.3543420294));
#5212 = CARTESIAN_POINT('',(-115.8602409952,95.034586301326,
    -127.6140721642));
#5213 = CARTESIAN_POINT('',(-115.8602409954,95.515489919499,
    -131.065959898));
#5214 = CARTESIAN_POINT('',(-115.8602409952,96.030141140457,
    -134.716527483));
#5215 = CARTESIAN_POINT('',(-115.8602409954,96.580790538163,
    -138.5722631322));
#5216 = CARTESIAN_POINT('',(-115.8602409953,97.169685800915,
    -142.6396284739));
#5217 = CARTESIAN_POINT('',(-115.8602409953,97.799072565817,
    -146.9250643695));
#5218 = CARTESIAN_POINT('',(-115.8602409953,98.471194609051,
    -151.434994768));
#5219 = CARTESIAN_POINT('',(-118.3688186029,69.640123586675,
    -62.0099499033));
#5220 = CARTESIAN_POINT('',(-118.3688186029,69.740800554037,
    -63.30980108646));
#5221 = CARTESIAN_POINT('',(-118.3688186029,69.855331084297,
    -64.54435574798));
#5222 = CARTESIAN_POINT('',(-118.3688186029,69.983045748046,
    -65.71514432597));
#5223 = CARTESIAN_POINT('',(-118.368818603,70.123250223051,
    -66.82368340692));
#5224 = CARTESIAN_POINT('',(-118.3688186028,70.275219500294,
    -67.87147668682));
#5225 = CARTESIAN_POINT('',(-118.368818603,70.438192280275,
    -68.86001688716));
#5226 = CARTESIAN_POINT('',(-118.3688186028,70.61136383575,
    -69.79078967401));
#5227 = CARTESIAN_POINT('',(-118.3688186029,70.793877279496,
    -70.66528112111));
#5228 = CARTESIAN_POINT('',(-118.3688186029,70.984814871038,
    -71.48499075348));
#5229 = CARTESIAN_POINT('',(-118.3688186029,71.381570442296,
    -73.01791464834));
#5230 = CARTESIAN_POINT('',(-118.3688186029,71.803897957581,
    -74.34425189367));
#5231 = CARTESIAN_POINT('',(-118.3688186029,72.020407523227,
    -74.95737502186));
#5232 = CARTESIAN_POINT('',(-118.3688186029,72.241152963461,
    -75.52211940425));
#5233 = CARTESIAN_POINT('',(-118.3688186029,72.464964440109,
    -76.04025289209));
#5234 = CARTESIAN_POINT('',(-118.3688186029,72.690627880499,
    -76.51368001599));
#5235 = CARTESIAN_POINT('',(-118.3688186029,72.916913310911,
    -76.94449608412));
#5236 = CARTESIAN_POINT('',(-118.3688186029,73.142634757833,
    -77.33504764122));
#5237 = CARTESIAN_POINT('',(-118.3688186029,73.366754886198,
    -77.68796992663));
#5238 = CARTESIAN_POINT('',(-118.3688186029,73.810279084316,
    -78.32436645713));
#5239 = CARTESIAN_POINT('',(-118.3688186029,74.242813181217,
    -78.83417470481));
#5240 = CARTESIAN_POINT('',(-118.3688186029,74.45594312563,
    -79.06050873661));
#5241 = CARTESIAN_POINT('',(-118.3688186029,74.665914858979,
    -79.26152442404));
#5242 = CARTESIAN_POINT('',(-118.3688186029,74.873160305484,
    -79.44054791867));
#5243 = CARTESIAN_POINT('',(-118.3688186029,75.078620263102,
    -79.60084077873));
#5244 = CARTESIAN_POINT('',(-118.3688186029,75.283696039895,
    -79.74535409481));
#5245 = CARTESIAN_POINT('',(-118.3688186029,75.49003747352,
    -79.87655236933));
#5246 = CARTESIAN_POINT('',(-118.3688186029,75.699276900311,
    -79.99640554742));
#5247 = CARTESIAN_POINT('',(-118.3688186029,76.126512453361,
    -80.21655972964));
#5248 = CARTESIAN_POINT('',(-118.3688186029,76.576254598434,
    -80.40273518123));
#5249 = CARTESIAN_POINT('',(-118.3688186029,76.80800048848,
    -80.48860971039));
#5250 = CARTESIAN_POINT('',(-118.3688186029,77.047641033968,
    -80.56826630607));
#5251 = CARTESIAN_POINT('',(-118.3688186029,77.295887501286,
    -80.64252943618));
#5252 = CARTESIAN_POINT('',(-118.3688186029,77.553164646526,
    -80.7122065299));
#5253 = CARTESIAN_POINT('',(-118.3688186029,77.819692282632,
    -80.77820179128));
#5254 = CARTESIAN_POINT('',(-118.3688186029,78.095586746741,
    -80.84158156315));
#5255 = CARTESIAN_POINT('',(-118.3688186029,78.380949507382,
    -80.90361941677));
#5256 = CARTESIAN_POINT('',(-118.3688186029,78.991537593906,
    -81.03244193754));
#5257 = CARTESIAN_POINT('',(-118.3688186029,79.644105367896,
    -81.17012137719));
#5258 = CARTESIAN_POINT('',(-118.3688186029,79.992868676338,
    -81.24594770386));
#5259 = CARTESIAN_POINT('',(-118.3688186029,80.353378726354,
    -81.32916587222));
#5260 = CARTESIAN_POINT('',(-118.3688186029,80.725966574062,
    -81.42303715671));
#5261 = CARTESIAN_POINT('',(-118.3688186029,81.111054968328,
    -81.53150011273));
#5262 = CARTESIAN_POINT('',(-118.3688186029,81.508606047736,
    -81.65928559455));
#5263 = CARTESIAN_POINT('',(-118.3688186029,81.918212186527,
    -81.81202299605));
#5264 = CARTESIAN_POINT('',(-118.3688186029,82.337344173236,
    -81.9964053011));
#5265 = CARTESIAN_POINT('',(-118.3688186029,82.760615983422,
    -82.21811958055));
#5266 = CARTESIAN_POINT('',(-118.3688186029,83.526866973255,
    -82.69679527872));
#5267 = CARTESIAN_POINT('',(-118.3688186029,83.867089754439,
    -82.93830992642));
#5268 = CARTESIAN_POINT('',(-118.3688186029,84.197403059075,
    -83.20552718601));
#5269 = CARTESIAN_POINT('',(-118.3688186029,84.513442040504,
    -83.49744055744));
#5270 = CARTESIAN_POINT('',(-118.3688186029,84.811319349254,
    -83.81158148994));
#5271 = CARTESIAN_POINT('',(-118.3688186029,85.088728426664,
    -84.14417746485));
#5272 = CARTESIAN_POINT('',(-118.3688186029,85.346005123638,
    -84.49219912128));
#5273 = CARTESIAN_POINT('',(-118.3688186029,85.584356514157,
    -84.85394601618));
#5274 = CARTESIAN_POINT('',(-118.3688186029,85.805679028567,
    -85.22873442499));
#5275 = CARTESIAN_POINT('',(-118.3688186029,86.218303285346,
    -86.0048127354));
#5276 = CARTESIAN_POINT('',(-118.3688186029,86.57882209343,
    -86.83714345953));
#5277 = CARTESIAN_POINT('',(-118.3688186029,86.748038040037,
    -87.26818465126));
#5278 = CARTESIAN_POINT('',(-118.3688186029,86.908151555899,
    -87.71552965389));
#5279 = CARTESIAN_POINT('',(-118.3688186028,87.060846201659,
    -88.18096123444));
#5280 = CARTESIAN_POINT('',(-118.3688186029,87.20753537045,
    -88.66639361787));
#5281 = CARTESIAN_POINT('',(-118.3688186029,87.349411844926,
    -89.17374950028));
#5282 = CARTESIAN_POINT('',(-118.3688186029,87.487497559044,
    -89.70491732334));
#5283 = CARTESIAN_POINT('',(-118.3688186029,87.622680759841,
    -90.26173641229));
#5284 = CARTESIAN_POINT('',(-118.3688186029,88.021881539767,
    -92.01445585344));
#5285 = CARTESIAN_POINT('',(-118.3688186029,88.408409121798,
    -94.02934112212));
#5286 = CARTESIAN_POINT('',(-118.3688186029,88.666126723908,
    -95.50278382506));
#5287 = CARTESIAN_POINT('',(-118.3688186029,88.928287939823,
    -97.11906246158));
#5288 = CARTESIAN_POINT('',(-118.3688186028,89.198819624673,
    -98.88984145906));
#5289 = CARTESIAN_POINT('',(-118.3688186029,89.481415726889,
    -100.8262076981));
#5290 = CARTESIAN_POINT('',(-118.3688186029,89.779634555852,
    -102.9388353722));
#5291 = CARTESIAN_POINT('',(-118.3688186029,90.096956082522,
    -105.2380788576));
#5292 = CARTESIAN_POINT('',(-118.3688186029,90.436814705287,
    -107.7340989997));
#5293 = CARTESIAN_POINT('',(-118.3688186029,91.123055360646,
    -112.8045616218));
#5294 = CARTESIAN_POINT('',(-118.3688186029,91.912488664491,
    -118.6374892231));
#5295 = CARTESIAN_POINT('',(-118.3688186029,92.305892055009,
    -121.534091362));
#5296 = CARTESIAN_POINT('',(-118.3688186029,92.726330967003,
    -124.6101550024));
#5297 = CARTESIAN_POINT('',(-118.3688186029,93.176059729607,
    -127.8722003269));
#5298 = CARTESIAN_POINT('',(-118.3688186029,93.657328228282,
    -131.3267113175));
#5299 = CARTESIAN_POINT('',(-118.3688186029,94.172383189155,
    -134.9801445414));
#5300 = CARTESIAN_POINT('',(-118.3688186029,94.723468923672,
    -138.8389353003));
#5301 = CARTESIAN_POINT('',(-118.3688186029,95.312827940572,
    -142.9095022879));
#5302 = CARTESIAN_POINT('',(-118.3688186029,95.942701467125,
    -147.1982512241));
#5303 = CARTESIAN_POINT('',(-118.3688186029,96.615329568047,
    -151.7115772633));
#5304 = CARTESIAN_POINT('',(-119.3803103195,66.525812488365,
    -62.25116166727));
#5305 = CARTESIAN_POINT('',(-119.3803103195,66.629660688267,
    -63.59195697583));
#5306 = CARTESIAN_POINT('',(-119.3803103195,66.748147164206,
    -64.86989641811));
#5307 = CARTESIAN_POINT('',(-119.3803103195,66.880737734265,
    -66.08669907695));
#5308 = CARTESIAN_POINT('',(-119.3803103195,67.026898216762,
    -67.24408403532));
#5309 = CARTESIAN_POINT('',(-119.3803103195,67.186094429579,
    -68.34377037601));
#5310 = CARTESIAN_POINT('',(-119.3803103195,67.357792191207,
    -69.38747718205));
#5311 = CARTESIAN_POINT('',(-119.3803103195,67.541457319485,
    -70.3769235362));
#5312 = CARTESIAN_POINT('',(-119.3803103195,67.736555632785,
    -71.31382852146));
#5313 = CARTESIAN_POINT('',(-119.3803103195,67.942552949151,
    -72.19991122066));
#5314 = CARTESIAN_POINT('',(-119.3803103195,68.375277224401,
    -73.87387021279));
#5315 = CARTESIAN_POINT('',(-119.3803103195,68.847324057264,
    -75.35829272392));
#5316 = CARTESIAN_POINT('',(-119.3803103195,69.092643931263,
    -76.05483894214));
#5317 = CARTESIAN_POINT('',(-119.3803103195,69.34672608095,
    -76.70743920591));
#5318 = CARTESIAN_POINT('',(-119.3803103195,69.609036324547,
    -77.31781259809));
#5319 = CARTESIAN_POINT('',(-119.3803103195,69.879040480105,
    -77.88767820164));
#5320 = CARTESIAN_POINT('',(-119.3803103195,70.156204365901,
    -78.41875509938));
#5321 = CARTESIAN_POINT('',(-119.3803103195,70.43999379997,
    -78.91276237428));
#5322 = CARTESIAN_POINT('',(-119.3803103195,70.729874600554,
    -79.37141910917));
#5323 = CARTESIAN_POINT('',(-119.3803103195,71.320750570969,
    -80.22146966481));
#5324 = CARTESIAN_POINT('',(-119.3803103195,71.931718552545,
    -80.94387072368));
#5325 = CARTESIAN_POINT('',(-119.3803103195,72.241691364279,
    -81.27487796182));
#5326 = CARTESIAN_POINT('',(-119.3803103195,72.555618815094,
    -81.57741099155));
#5327 = CARTESIAN_POINT('',(-119.3803103195,72.872966723198,
    -81.85318889579));
#5328 = CARTESIAN_POINT('',(-119.3803103195,73.193200906647,
    -82.1039307574));
#5329 = CARTESIAN_POINT('',(-119.3803103195,73.51578718372,
    -82.33135565932));
#5330 = CARTESIAN_POINT('',(-119.3803103195,73.840191372455,
    -82.5371826844));
#5331 = CARTESIAN_POINT('',(-119.3803103195,74.165879291081,
    -82.72313091556));
#5332 = CARTESIAN_POINT('',(-119.3803103195,74.818754224362,
    -83.05870795583));
#5333 = CARTESIAN_POINT('',(-119.3803103195,75.472490622334,
    -83.32852248355));
#5334 = CARTESIAN_POINT('',(-119.3803103195,75.799040005668,
    -83.44870820218));
#5335 = CARTESIAN_POINT('',(-119.3803103195,76.124736391413,
    -83.55589145845));
#5336 = CARTESIAN_POINT('',(-119.3803103195,76.44904559794,
    -83.65179133529));
#5337 = CARTESIAN_POINT('',(-119.3803103196,76.77143344304,
    -83.73812691555));
#5338 = CARTESIAN_POINT('',(-119.3803103195,77.091365745318,
    -83.81661728218));
#5339 = CARTESIAN_POINT('',(-119.3803103195,77.408308322505,
    -83.88898151802));
#5340 = CARTESIAN_POINT('',(-119.3803103195,77.721726993049,
    -83.95693870601));
#5341 = CARTESIAN_POINT('',(-119.3803103195,78.36210115929,
    -84.0920455254));
#5342 = CARTESIAN_POINT('',(-119.3803103195,78.982798043492,
    -84.22300081099));
#5343 = CARTESIAN_POINT('',(-119.3803103195,79.297728310562,
    -84.29168910212));
#5344 = CARTESIAN_POINT('',(-119.3803103195,79.606092193439,
    -84.36347995066));
#5345 = CARTESIAN_POINT('',(-119.3803103196,79.907235309542,
    -84.44047926434));
#5346 = CARTESIAN_POINT('',(-119.3803103195,80.200503276609,
    -84.52479295093));
#5347 = CARTESIAN_POINT('',(-119.3803103196,80.485241711944,
    -84.61852691814));
#5348 = CARTESIAN_POINT('',(-119.3803103195,80.760796233322,
    -84.72378707375));
#5349 = CARTESIAN_POINT('',(-119.3803103195,81.026512458114,
    -84.84267932549));
#5350 = CARTESIAN_POINT('',(-119.3803103195,81.28173600396,
    -84.97730958112));
#5351 = CARTESIAN_POINT('',(-119.3803103195,81.726875331074,
    -85.25538736635));
#5352 = CARTESIAN_POINT('',(-119.3803103195,81.920373814403,
    -85.39309980431));
#5353 = CARTESIAN_POINT('',(-119.3803103195,82.106723314576,
    -85.54410128508));
#5354 = CARTESIAN_POINT('',(-119.3803103196,82.286339207581,
    -85.70957203147));
#5355 = CARTESIAN_POINT('',(-119.3803103195,82.459636869886,
    -85.89069226641));
#5356 = CARTESIAN_POINT('',(-119.3803103196,82.627031677227,
    -86.08864221263));
#5357 = CARTESIAN_POINT('',(-119.3803103195,82.788939006208,
    -86.30460209308));
#5358 = CARTESIAN_POINT('',(-119.3803103195,82.945774232623,
    -86.53975213051));
#5359 = CARTESIAN_POINT('',(-119.3803103195,83.097952732855,
    -86.79527254783));
#5360 = CARTESIAN_POINT('',(-119.3803103195,83.393827033079,
    -87.34941458787));
#5361 = CARTESIAN_POINT('',(-119.3803103195,83.674397437541,
    -87.99447993011));
#5362 = CARTESIAN_POINT('',(-119.3803103195,83.811272042005,
    -88.34092364962));
#5363 = CARTESIAN_POINT('',(-119.3803103195,83.945151424786,
    -88.71245864037));
#5364 = CARTESIAN_POINT('',(-119.3803103195,84.076450962227,
    -89.11026512519));
#5365 = CARTESIAN_POINT('',(-119.3803103196,84.205586030177,
    -89.53552332693));
#5366 = CARTESIAN_POINT('',(-119.3803103195,84.332972005173,
    -89.98941346844));
#5367 = CARTESIAN_POINT('',(-119.3803103195,84.459024263028,
    -90.47311577255));
#5368 = CARTESIAN_POINT('',(-119.3803103195,84.584158180131,
    -90.9878104621));
#5369 = CARTESIAN_POINT('',(-119.3803103195,84.958051037342,
    -92.62841235564));
#5370 = CARTESIAN_POINT('',(-119.3803103195,85.331155597939,
    -94.56918972937));
#5371 = CARTESIAN_POINT('',(-119.3803103196,85.582864626831,
    -96.00589441912));
#5372 = CARTESIAN_POINT('',(-119.3803103195,85.840869320303,
    -97.5948939989));
#5373 = CARTESIAN_POINT('',(-119.3803103196,86.108492687329,
    -99.34563025139));
#5374 = CARTESIAN_POINT('',(-119.3803103195,86.3890577376,
    -101.2675449594));
#5375 = CARTESIAN_POINT('',(-119.3803103196,86.68588747991,
    -103.3700799056));
#5376 = CARTESIAN_POINT('',(-119.3803103195,87.00230492393,
    -105.6626768728));
#5377 = CARTESIAN_POINT('',(-119.3803103195,87.34163307867,
    -108.1547776437));
#5378 = CARTESIAN_POINT('',(-119.3803103195,88.027431372863,
    -113.2219717684));
#5379 = CARTESIAN_POINT('',(-119.3803103195,88.817252190201,
    -119.0577626112));
#5380 = CARTESIAN_POINT('',(-119.3803103195,89.210977975692,
    -121.9567467312));
#5381 = CARTESIAN_POINT('',(-119.3803103195,89.631853255555,
    -125.0360149286));
#5382 = CARTESIAN_POINT('',(-119.3803103196,90.082111915723,
    -128.3019144224));
#5383 = CARTESIAN_POINT('',(-119.3803103195,90.563987842599,
    -131.7607924315));
#5384 = CARTESIAN_POINT('',(-119.3803103196,91.079714921939,
    -135.4189961748));
#5385 = CARTESIAN_POINT('',(-119.3803103195,91.631527040183,
    -139.2828728712));
#5386 = CARTESIAN_POINT('',(-119.3803103195,92.221658083206,
    -143.3587697396));
#5387 = CARTESIAN_POINT('',(-119.3803103195,92.852341937247,
    -147.6530339991));
#5388 = CARTESIAN_POINT('',(-119.3803103195,93.525812488365,
    -152.1720128685));
#5389 = CARTESIAN_POINT('',(-118.3688186029,63.411501390056,
    -62.49237343123));
#5390 = CARTESIAN_POINT('',(-118.3688186029,63.518520822504,
    -63.87411286521));
#5391 = CARTESIAN_POINT('',(-118.3688186029,63.640963244083,
    -65.19543708822));
#5392 = CARTESIAN_POINT('',(-118.3688186029,63.778429720559,
    -66.45825382796));
#5393 = CARTESIAN_POINT('',(-118.3688186029,63.930546210352,
    -67.66448466368));
#5394 = CARTESIAN_POINT('',(-118.3688186029,64.096969359008,
    -68.81606406526));
#5395 = CARTESIAN_POINT('',(-118.3688186029,64.277392102017,
    -69.9149374769));
#5396 = CARTESIAN_POINT('',(-118.3688186029,64.471550803293,
    -70.96305739842));
#5397 = CARTESIAN_POINT('',(-118.3688186029,64.679233986045,
    -71.96237592179));
#5398 = CARTESIAN_POINT('',(-118.3688186029,64.900291027268,
    -72.91483168784));
#5399 = CARTESIAN_POINT('',(-118.3688186029,65.368984006503,
    -74.72982577723));
#5400 = CARTESIAN_POINT('',(-118.3688186029,65.890750156946,
    -76.37233355418));
#5401 = CARTESIAN_POINT('',(-118.3688186029,66.164880339311,
    -77.15230286242));
#5402 = CARTESIAN_POINT('',(-118.3688186029,66.452299198409,
    -77.89275900755));
#5403 = CARTESIAN_POINT('',(-118.3688186029,66.75310820903,
    -78.5953723041));
#5404 = CARTESIAN_POINT('',(-118.3688186029,67.067453079668,
    -79.26167638727));
#5405 = CARTESIAN_POINT('',(-118.3688186029,67.395495420917,
    -79.89301411466));
#5406 = CARTESIAN_POINT('',(-118.3688186029,67.737352842096,
    -80.49047710733));
#5407 = CARTESIAN_POINT('',(-118.3688186029,68.092994314912,
    -81.05486829172));
#5408 = CARTESIAN_POINT('',(-118.3688186029,68.83122205762,
    -82.11857287248));
#5409 = CARTESIAN_POINT('',(-118.3688186029,69.620623923874,
    -83.05356674254));
#5410 = CARTESIAN_POINT('',(-118.3688186029,70.027439602923,
    -83.48924718702));
#5411 = CARTESIAN_POINT('',(-118.3688186029,70.445322771222,
    -83.89329755907));
#5412 = CARTESIAN_POINT('',(-118.3688186029,70.872773140886,
    -84.26582987289));
#5413 = CARTESIAN_POINT('',(-118.3688186029,71.307781550227,
    -84.6070207361));
#5414 = CARTESIAN_POINT('',(-118.3688186029,71.747878327513,
    -84.91735722381));
#5415 = CARTESIAN_POINT('',(-118.3688186029,72.190345271405,
    -85.19781299947));
#5416 = CARTESIAN_POINT('',(-118.3688186029,72.632481681849,
    -85.4498562837));
#5417 = CARTESIAN_POINT('',(-118.3688186029,73.510995995362,
    -85.90085618201));
#5418 = CARTESIAN_POINT('',(-118.3688186029,74.36872664624,
    -86.25430978587));
#5419 = CARTESIAN_POINT('',(-118.3688186029,74.79007952282,
    -86.40880669396));
#5420 = CARTESIAN_POINT('',(-118.3688186029,75.20183174894,
    -86.54351661083));
#5421 = CARTESIAN_POINT('',(-118.3688186029,75.602203694464,
    -86.66105323439));
#5422 = CARTESIAN_POINT('',(-118.3688186029,75.989702239696,
    -86.76404730121));
#5423 = CARTESIAN_POINT('',(-118.3688186029,76.363039207893,
    -86.85503277307));
#5424 = CARTESIAN_POINT('',(-118.3688186029,76.721029898327,
    -86.9363814729));
#5425 = CARTESIAN_POINT('',(-118.3688186029,77.062504478701,
    -87.01025799524));
#5426 = CARTESIAN_POINT('',(-118.3688186029,77.732664724687,
    -87.15164911326));
#5427 = CARTESIAN_POINT('',(-118.3688186029,78.321490719076,
    -87.27588024479));
#5428 = CARTESIAN_POINT('',(-118.3688186029,78.602587944825,
    -87.33743050039));
#5429 = CARTESIAN_POINT('',(-118.3688186029,78.858805660443,
    -87.39779402909));
#5430 = CARTESIAN_POINT('',(-118.3688186029,79.088504045139,
    -87.45792137198));
#5431 = CARTESIAN_POINT('',(-118.3688186029,79.28995158476,
    -87.51808578909));
#5432 = CARTESIAN_POINT('',(-118.3688186029,79.461877376255,
    -87.57776824174));
#5433 = CARTESIAN_POINT('',(-118.3688186029,79.603380280058,
    -87.63555115145));
#5434 = CARTESIAN_POINT('',(-118.3688186029,79.715680743015,
    -87.68895334989));
#5435 = CARTESIAN_POINT('',(-118.3688186029,79.802856024495,
    -87.73649958168));
#5436 = CARTESIAN_POINT('',(-118.3688186029,79.926883688891,
    -87.81397945398));
#5437 = CARTESIAN_POINT('',(-118.3688186029,79.973657874392,
    -87.8478896822));
#5438 = CARTESIAN_POINT('',(-118.3688186029,80.01604357001,
    -87.88267538413));
#5439 = CARTESIAN_POINT('',(-118.3688186029,80.059236374778,
    -87.92170350554));
#5440 = CARTESIAN_POINT('',(-118.3688186029,80.107954390365,
    -87.96980304284));
#5441 = CARTESIAN_POINT('',(-118.3688186029,80.165334927933,
    -88.03310696044));
#5442 = CARTESIAN_POINT('',(-118.3688186029,80.231872888679,
    -88.11700506485));
#5443 = CARTESIAN_POINT('',(-118.3688186029,80.307191951134,
    -88.22555824486));
#5444 = CARTESIAN_POINT('',(-118.3688186029,80.390226437135,
    -88.36181067067));
#5445 = CARTESIAN_POINT('',(-118.3688186029,80.569350780814,
    -88.69401644035));
#5446 = CARTESIAN_POINT('',(-118.3688186029,80.769972781654,
    -89.15181640069));
#5447 = CARTESIAN_POINT('',(-118.3688186029,80.874506043954,
    -89.41366264798));
#5448 = CARTESIAN_POINT('',(-118.3688186029,80.982151293724,
    -89.70938762684));
#5449 = CARTESIAN_POINT('',(-118.3688186029,81.092055722715,
    -90.03956901595));
#5450 = CARTESIAN_POINT('',(-118.3688186029,81.20363668999,
    -90.40465303598));
#5451 = CARTESIAN_POINT('',(-118.3688186029,81.316532165356,
    -90.80507743661));
#5452 = CARTESIAN_POINT('',(-118.3688186029,81.430550967042,
    -91.24131422175));
#5453 = CARTESIAN_POINT('',(-118.3688186029,81.545635600414,
    -91.71388451191));
#5454 = CARTESIAN_POINT('',(-118.3688186029,81.894220534929,
    -93.24236885784));
#5455 = CARTESIAN_POINT('',(-118.3688186029,82.253902074062,
    -95.10903833663));
#5456 = CARTESIAN_POINT('',(-118.3688186029,82.499602529811,
    -96.5090050132));
#5457 = CARTESIAN_POINT('',(-118.3688186029,82.75345070067,
    -98.0707255362));
#5458 = CARTESIAN_POINT('',(-118.3688186029,83.018165750143,
    -99.80141904375));
#5459 = CARTESIAN_POINT('',(-118.3688186029,83.296699748147,
    -101.7088822206));
#5460 = CARTESIAN_POINT('',(-118.3688186029,83.592140404086,
    -103.8013244389));
#5461 = CARTESIAN_POINT('',(-118.3688186029,83.907653765284,
    -106.087274888));
#5462 = CARTESIAN_POINT('',(-118.3688186029,84.246451452064,
    -108.5754562877));
#5463 = CARTESIAN_POINT('',(-118.3688186029,84.931807385079,
    -113.639381915));
#5464 = CARTESIAN_POINT('',(-118.3688186029,85.722015715903,
    -119.4780359992));
#5465 = CARTESIAN_POINT('',(-118.3688186029,86.116063896432,
    -122.3794021004));
#5466 = CARTESIAN_POINT('',(-118.3688186029,86.537375543971,
    -125.4618748549));
#5467 = CARTESIAN_POINT('',(-118.3688186028,86.988164102042,
    -128.7316285179));
#5468 = CARTESIAN_POINT('',(-118.368818603,87.470647456697,
    -132.1948735455));
#5469 = CARTESIAN_POINT('',(-118.3688186028,87.987046654897,
    -135.8578478081));
#5470 = CARTESIAN_POINT('',(-118.3688186029,88.539585156593,
    -139.726810442));
#5471 = CARTESIAN_POINT('',(-118.3688186029,89.13048822588,
    -143.8080371914));
#5472 = CARTESIAN_POINT('',(-118.3688186029,89.76198240736,
    -148.1078167741));
#5473 = CARTESIAN_POINT('',(-118.3688186029,90.436295408683,
    -152.6324484736));
#5474 = CARTESIAN_POINT('',(-115.8602409953,61.540742645211,
    -62.6372687235));
#5475 = CARTESIAN_POINT('',(-115.8602409953,61.649667028968,
    -64.04360318933));
#5476 = CARTESIAN_POINT('',(-115.8602409953,61.774485777047,
    -65.39098853963));
#5477 = CARTESIAN_POINT('',(-115.8602409953,61.914881198009,
    -66.68144582055));
#5478 = CARTESIAN_POINT('',(-115.8602409953,62.070575446364,
    -67.91701825044));
#5479 = CARTESIAN_POINT('',(-115.8602409953,62.241339796765,
    -69.09976968145));
#5480 = CARTESIAN_POINT('',(-115.8602409953,62.427003614086,
    -70.23178153265));
#5481 = CARTESIAN_POINT('',(-115.8602409953,62.627465777763,
    -71.3151465166));
#5482 = CARTESIAN_POINT('',(-115.8602409953,62.842708659641,
    -72.35195669338));
#5483 = CARTESIAN_POINT('',(-115.8602409953,63.072812039195,
    -73.34428259162));
#5484 = CARTESIAN_POINT('',(-115.8602409953,63.563111327308,
    -75.24399610474));
#5485 = CARTESIAN_POINT('',(-115.8602409953,64.114743745197,
    -76.98146529823));
#5486 = CARTESIAN_POINT('',(-115.8602409953,64.406180206373,
    -77.81154664417));
#5487 = CARTESIAN_POINT('',(-115.8602409953,64.713624342043,
    -78.60477759349));
#5488 = CARTESIAN_POINT('',(-115.8602409954,65.037559463729,
    -79.36279916564));
#5489 = CARTESIAN_POINT('',(-115.8602409953,65.378539689263,
    -80.08703359792));
#5490 = CARTESIAN_POINT('',(-115.8602409954,65.737144588879,
    -80.7785977503));
#5491 = CARTESIAN_POINT('',(-115.8602409953,66.113883302163,
    -81.43820632916));
#5492 = CARTESIAN_POINT('',(-115.8602409953,66.50902704325,
    -82.06611192806));
#5493 = CARTESIAN_POINT('',(-115.8602409953,67.335768620289,
    -83.25815793755));
#5494 = CARTESIAN_POINT('',(-115.8602409953,68.232355266615,
    -84.32085576784));
#5495 = CARTESIAN_POINT('',(-115.8602409953,68.697344209378,
    -84.81941314077));
#5496 = CARTESIAN_POINT('',(-115.8602409953,69.177673312483,
    -85.28444472181));
#5497 = CARTESIAN_POINT('',(-115.8602409954,69.671261950264,
    -85.715097163));
#5498 = CARTESIAN_POINT('',(-115.8602409953,70.175214944897,
    -86.11062051114));
#5499 = CARTESIAN_POINT('',(-115.8602409953,70.685899980287,
    -86.47076177724));
#5500 = CARTESIAN_POINT('',(-115.8602409953,71.199286920548,
    -86.79604685332));
#5501 = CARTESIAN_POINT('',(-115.8602409953,71.711373643425,
    -87.08779326758));
#5502 = CARTESIAN_POINT('',(-115.8602409953,72.725428957967,
    -87.60812738274));
#5503 = CARTESIAN_POINT('',(-115.8602409953,73.705698436991,
    -88.01182276662));
#5504 = CARTESIAN_POINT('',(-115.8602409953,74.183999530564,
    -88.18693031883));
#5505 = CARTESIAN_POINT('',(-115.8602409953,74.647445280676,
    -88.33817543061));
#5506 = CARTESIAN_POINT('',(-115.8602409953,75.093507920029,
    -88.46870919284));
#5507 = CARTESIAN_POINT('',(-115.8602409953,75.52011829671,
    -88.58170997007));
#5508 = CARTESIAN_POINT('',(-115.8602409953,75.925535311963,
    -88.68020121986));
#5509 = CARTESIAN_POINT('',(-115.8602409953,76.308183499314,
    -88.76694686429));
#5510 = CARTESIAN_POINT('',(-115.8602409953,76.666511193335,
    -88.84437911572));
#5511 = CARTESIAN_POINT('',(-115.8602409953,77.354563861534,
    -88.98954519591));
#5512 = CARTESIAN_POINT('',(-115.8602409953,77.924245093612,
    -89.10973714523));
#5513 = CARTESIAN_POINT('',(-115.8602409953,78.185018897549,
    -89.16699960106));
#5514 = CARTESIAN_POINT('',(-115.8602409953,78.409912543449,
    -89.22049876784));
#5515 = CARTESIAN_POINT('',(-115.8602409953,78.596694259721,
    -89.27049116084));
#5516 = CARTESIAN_POINT('',(-115.8602409953,78.742985502718,
    -89.31614917331));
#5517 = CARTESIAN_POINT('',(-115.8602409953,78.84714502612,
    -89.35537696787));
#5518 = CARTESIAN_POINT('',(-115.8602409953,78.908123464849,
    -89.38464041689));
#5519 = CARTESIAN_POINT('',(-115.8602409953,78.928267470315,
    -89.3987029071));
#5520 = CARTESIAN_POINT('',(-115.8602409953,78.914496587429,
    -89.39393798757));
#5521 = CARTESIAN_POINT('',(-115.8602409953,78.845633293869,
    -89.35091920448));
#5522 = CARTESIAN_POINT('',(-115.8602409953,78.804270567365,
    -89.32247570968));
#5523 = CARTESIAN_POINT('',(-115.8602409953,78.760177572242,
    -89.28745088927));
#5524 = CARTESIAN_POINT('',(-115.8602409953,78.721421375383,
    -89.25052524786));
#5525 = CARTESIAN_POINT('',(-115.8602409953,78.695304714455,
    -89.21871959093));
#5526 = CARTESIAN_POINT('',(-115.8602409953,78.686599960398,
    -89.20114198202));
#5527 = CARTESIAN_POINT('',(-115.8602409953,78.695849784522,
    -89.20571091397));
#5528 = CARTESIAN_POINT('',(-115.8602409953,78.722202294912,
    -89.23821768412));
#5529 = CARTESIAN_POINT('',(-115.8602409953,78.763702147666,
    -89.30282613121));
#5530 = CARTESIAN_POINT('',(-115.8602409953,78.872695089802,
    -89.50171534853));
#5531 = CARTESIAN_POINT('',(-115.8602409953,79.025292288209,
    -89.84702547092));
#5532 = CARTESIAN_POINT('',(-115.8602409953,79.110398188634,
    -90.0580542321));
#5533 = CARTESIAN_POINT('',(-115.8602409953,79.20228466154,
    -90.30824032993));
#5534 = CARTESIAN_POINT('',(-115.8602409954,79.299337103348,
    -90.59779949624));
#5535 = CARTESIAN_POINT('',(-115.8602409953,79.400373367087,
    -90.92673703863));
#5536 = CARTESIAN_POINT('',(-115.8602409953,79.50456443621,
    -91.29504470484));
#5537 = CARTESIAN_POINT('',(-115.8602409953,79.611354771434,
    -91.70276907365));
#5538 = CARTESIAN_POINT('',(-115.8602409953,79.720402825661,
    -92.15003534438));
#5539 = CARTESIAN_POINT('',(-115.8602409953,80.053785355468,
    -93.61117096501));
#5540 = CARTESIAN_POINT('',(-115.8602409953,80.405403719799,
    -95.43332402006));
#5541 = CARTESIAN_POINT('',(-115.8602409953,80.647494840949,
    -96.81122226567));
#5542 = CARTESIAN_POINT('',(-115.8602409953,80.898846199305,
    -98.35655632876));
#5543 = CARTESIAN_POINT('',(-115.8602409953,81.161814229747,
    -100.0752102104));
#5544 = CARTESIAN_POINT('',(-115.8602409953,81.439128179942,
    -101.9739923894));
#5545 = CARTESIAN_POINT('',(-115.8602409953,81.733734415126,
    -104.0603719318));
#5546 = CARTESIAN_POINT('',(-115.8602409953,82.048704696144,
    -106.3423298343));
#5547 = CARTESIAN_POINT('',(-115.8602409953,82.387183732149,
    -108.8281568777));
#5548 = CARTESIAN_POINT('',(-115.8602409953,83.072273939927,
    -113.8901191269));
#5549 = CARTESIAN_POINT('',(-115.8602409953,83.862715049133,
    -119.7304931529));
#5550 = CARTESIAN_POINT('',(-115.8602409953,84.256956891457,
    -122.6332901042));
#5551 = CARTESIAN_POINT('',(-115.8602409953,84.678530664182,
    -125.7176878279));
#5552 = CARTESIAN_POINT('',(-115.8602409953,85.129637530169,
    -128.9897566807));
#5553 = CARTESIAN_POINT('',(-115.8602409953,85.612485765643,
    -132.455624965));
#5554 = CARTESIAN_POINT('',(-115.8602409953,86.129288703469,
    -136.1214648665));
#5555 = CARTESIAN_POINT('',(-115.8602409953,86.682263542175,
    -139.9934826101));
#5556 = CARTESIAN_POINT('',(-115.8602409953,87.273630365509,
    -144.0779110054));
#5557 = CARTESIAN_POINT('',(-115.8602409953,87.905611308674,
    -148.3810036287));
#5558 = CARTESIAN_POINT('',(-115.8602409953,88.58043036768,
    -152.9090309689));
#5559 = CARTESIAN_POINT('',(-113.,61.540742645211,-62.6372687235));
#5560 = CARTESIAN_POINT('',(-112.9999999999,61.649667028979,
    -64.04360318933));
#5561 = CARTESIAN_POINT('',(-113.,61.774485777003,-65.39098853963));
#5562 = CARTESIAN_POINT('',(-112.9999999999,61.914881198114,
    -66.68144582056));
#5563 = CARTESIAN_POINT('',(-113.,62.070575446189,-67.91701825042));
#5564 = CARTESIAN_POINT('',(-112.9999999999,62.241339796983,
    -69.09976968147));
#5565 = CARTESIAN_POINT('',(-113.,62.427003613881,-70.23178153264));
#5566 = CARTESIAN_POINT('',(-112.9999999999,62.627465777905,
    -71.31514651661));
#5567 = CARTESIAN_POINT('',(-113.,62.842708659574,-72.35195669338));
#5568 = CARTESIAN_POINT('',(-112.9999999999,63.072812039211,
    -73.34428259162));
#5569 = CARTESIAN_POINT('',(-113.,63.563111327298,-75.24399610474));
#5570 = CARTESIAN_POINT('',(-112.9999999999,64.114743745202,
    -76.98146529823));
#5571 = CARTESIAN_POINT('',(-113.,64.406180206372,-77.81154664417));
#5572 = CARTESIAN_POINT('',(-112.9999999999,64.713624342035,
    -78.60477759349));
#5573 = CARTESIAN_POINT('',(-113.,65.037559463748,-79.36279916565));
#5574 = CARTESIAN_POINT('',(-112.9999999999,65.378539689236,
    -80.08703359792));
#5575 = CARTESIAN_POINT('',(-113.,65.737144588901,-80.77859775031));
#5576 = CARTESIAN_POINT('',(-112.9999999999,66.113883302152,
    -81.43820632916));
#5577 = CARTESIAN_POINT('',(-113.,66.509027043252,-82.06611192806));
#5578 = CARTESIAN_POINT('',(-113.,67.33576862029,-83.25815793755));
#5579 = CARTESIAN_POINT('',(-112.9999999999,68.232355266612,
    -84.32085576784));
#5580 = CARTESIAN_POINT('',(-113.,68.697344209392,-84.81941314077));
#5581 = CARTESIAN_POINT('',(-112.9999999999,69.177673312459,
    -85.28444472182));
#5582 = CARTESIAN_POINT('',(-113.,69.671261950292,-85.71509716299));
#5583 = CARTESIAN_POINT('',(-112.9999999999,70.175214944875,
    -86.11062051115));
#5584 = CARTESIAN_POINT('',(-113.,70.685899980299,-86.47076177723));
#5585 = CARTESIAN_POINT('',(-112.9999999999,71.199286920543,
    -86.79604685332));
#5586 = CARTESIAN_POINT('',(-113.,71.711373643427,-87.08779326758));
#5587 = CARTESIAN_POINT('',(-112.9999999999,72.725428957965,
    -87.60812738274));
#5588 = CARTESIAN_POINT('',(-113.,73.705698436995,-88.01182276662));
#5589 = CARTESIAN_POINT('',(-112.9999999999,74.183999530549,
    -88.18693031883));
#5590 = CARTESIAN_POINT('',(-113.,74.647445280709,-88.33817543062));
#5591 = CARTESIAN_POINT('',(-112.9999999999,75.093507919981,
    -88.46870919282));
#5592 = CARTESIAN_POINT('',(-113.,75.520118296762,-88.58170997009));
#5593 = CARTESIAN_POINT('',(-112.9999999999,75.925535311921,
    -88.68020121985));
#5594 = CARTESIAN_POINT('',(-113.,76.308183499337,-88.76694686429));
#5595 = CARTESIAN_POINT('',(-112.9999999999,76.666511193327,
    -88.84437911572));
#5596 = CARTESIAN_POINT('',(-112.9999999999,77.354563861545,
    -88.98954519591));
#5597 = CARTESIAN_POINT('',(-113.,77.924245093598,-89.10973714523));
#5598 = CARTESIAN_POINT('',(-112.9999999999,78.185018897608,
    -89.16699960106));
#5599 = CARTESIAN_POINT('',(-113.,78.409912543326,-89.22049876784));
#5600 = CARTESIAN_POINT('',(-112.9999999999,78.596694259897,
    -89.27049116085));
#5601 = CARTESIAN_POINT('',(-113.,78.742985502535,-89.3161491733));
#5602 = CARTESIAN_POINT('',(-112.9999999999,78.847145026262,
    -89.35537696787));
#5603 = CARTESIAN_POINT('',(-113.,78.90812346477,-89.38464041688));
#5604 = CARTESIAN_POINT('',(-112.9999999999,78.928267470344,
    -89.3987029071));
#5605 = CARTESIAN_POINT('',(-113.,78.914496587424,-89.39393798757));
#5606 = CARTESIAN_POINT('',(-113.,78.845633293869,-89.35091920448));
#5607 = CARTESIAN_POINT('',(-112.9999999999,78.804270567374,
    -89.32247570968));
#5608 = CARTESIAN_POINT('',(-113.,78.76017757222,-89.28745088927));
#5609 = CARTESIAN_POINT('',(-112.9999999999,78.72142137542,
    -89.25052524786));
#5610 = CARTESIAN_POINT('',(-113.,78.695304714414,-89.21871959093));
#5611 = CARTESIAN_POINT('',(-112.9999999999,78.686599960432,
    -89.20114198203));
#5612 = CARTESIAN_POINT('',(-113.,78.695849784501,-89.20571091397));
#5613 = CARTESIAN_POINT('',(-112.9999999999,78.722202294921,
    -89.23821768412));
#5614 = CARTESIAN_POINT('',(-113.,78.763702147664,-89.30282613121));
#5615 = CARTESIAN_POINT('',(-112.9999999999,78.872695089805,
    -89.50171534853));
#5616 = CARTESIAN_POINT('',(-113.,79.025292288205,-89.84702547092));
#5617 = CARTESIAN_POINT('',(-113.,79.110398188648,-90.0580542321));
#5618 = CARTESIAN_POINT('',(-112.9999999999,79.20228466151,
    -90.30824032992));
#5619 = CARTESIAN_POINT('',(-113.,79.299337103392,-90.59779949625));
#5620 = CARTESIAN_POINT('',(-112.9999999999,79.400373367043,
    -90.92673703862));
#5621 = CARTESIAN_POINT('',(-112.9999999999,79.504564436239,
    -91.29504470484));
#5622 = CARTESIAN_POINT('',(-113.,79.611354771423,-91.70276907365));
#5623 = CARTESIAN_POINT('',(-113.,79.720402825661,-92.15003534438));
#5624 = CARTESIAN_POINT('',(-113.,80.053785355471,-93.61117096501));
#5625 = CARTESIAN_POINT('',(-113.,80.405403719793,-95.43332402006));
#5626 = CARTESIAN_POINT('',(-112.9999999999,80.647494840976,
    -96.81122226567));
#5627 = CARTESIAN_POINT('',(-113.,80.898846199242,-98.35655632875));
#5628 = CARTESIAN_POINT('',(-112.9999999999,81.161814229846,
    -100.0752102104));
#5629 = CARTESIAN_POINT('',(-113.,81.439128179833,-101.9739923894));
#5630 = CARTESIAN_POINT('',(-112.9999999999,81.73373441521,
    -104.0603719318));
#5631 = CARTESIAN_POINT('',(-113.,82.048704696102,-106.3423298343));
#5632 = CARTESIAN_POINT('',(-112.9999999999,82.38718373216,
    -108.8281568777));
#5633 = CARTESIAN_POINT('',(-113.,83.07227393992,-113.8901191269));
#5634 = CARTESIAN_POINT('',(-112.9999999999,83.862715049136,
    -119.7304931529));
#5635 = CARTESIAN_POINT('',(-113.,84.256956891452,-122.6332901042));
#5636 = CARTESIAN_POINT('',(-112.9999999999,84.678530664191,
    -125.7176878279));
#5637 = CARTESIAN_POINT('',(-113.,85.129637530154,-128.9897566807));
#5638 = CARTESIAN_POINT('',(-112.9999999999,85.612485765664,
    -132.455624965));
#5639 = CARTESIAN_POINT('',(-113.,86.129288703448,-136.1214648666));
#5640 = CARTESIAN_POINT('',(-112.9999999999,86.68226354219,
    -139.9934826101));
#5641 = CARTESIAN_POINT('',(-113.,87.273630365501,-144.0779110054));
#5642 = CARTESIAN_POINT('',(-112.9999999999,87.905611308676,
    -148.3810036287));
#5643 = CARTESIAN_POINT('',(-113.,88.58043036768,-152.9090309689));
#5644 = ADVANCED_FACE('',(#5645),#5655,.F.);
#5645 = FACE_BOUND('',#5646,.F.);
#5646 = EDGE_LOOP('',(#5647,#5648,#5649,#5650));
#5647 = ORIENTED_EDGE('',*,*,#4912,.F.);
#5648 = ORIENTED_EDGE('',*,*,#3608,.T.);
#5649 = ORIENTED_EDGE('',*,*,#3809,.T.);
#5650 = ORIENTED_EDGE('',*,*,#5651,.F.);
#5651 = EDGE_CURVE('',#4913,#3810,#5652,.T.);
#5652 = B_SPLINE_CURVE_WITH_KNOTS('',1,(#5653,#5654),.UNSPECIFIED.,.F.,
  .F.,(2,2),(-110.,-0.),.PIECEWISE_BEZIER_KNOTS.);
#5653 = CARTESIAN_POINT('',(-113.,88.580430367679,-152.9090309689));
#5654 = CARTESIAN_POINT('',(-3.,88.580430367681,-152.9090309689));
#5655 = B_SPLINE_SURFACE_WITH_KNOTS('',1,11,(
    (#5656,#5657,#5658,#5659,#5660,#5661,#5662,#5663,#5664,#5665,#5666
      ,#5667,#5668,#5669,#5670,#5671,#5672,#5673,#5674,#5675,#5676,#5677
      ,#5678,#5679,#5680,#5681,#5682,#5683,#5684,#5685,#5686,#5687,#5688
      ,#5689,#5690,#5691,#5692,#5693,#5694,#5695,#5696,#5697,#5698,#5699
      ,#5700,#5701,#5702,#5703,#5704,#5705,#5706,#5707,#5708,#5709,#5710
      ,#5711,#5712,#5713,#5714,#5715,#5716,#5717,#5718,#5719,#5720,#5721
      ,#5722,#5723,#5724,#5725,#5726,#5727,#5728,#5729,#5730,#5731,#5732
      ,#5733,#5734,#5735,#5736,#5737,#5738,#5739,#5740)
    ,(#5741,#5742,#5743,#5744,#5745,#5746,#5747,#5748,#5749,#5750,#5751
      ,#5752,#5753,#5754,#5755,#5756,#5757,#5758,#5759,#5760,#5761,#5762
      ,#5763,#5764,#5765,#5766,#5767,#5768,#5769,#5770,#5771,#5772,#5773
      ,#5774,#5775,#5776,#5777,#5778,#5779,#5780,#5781,#5782,#5783,#5784
      ,#5785,#5786,#5787,#5788,#5789,#5790,#5791,#5792,#5793,#5794,#5795
      ,#5796,#5797,#5798,#5799,#5800,#5801,#5802,#5803,#5804,#5805,#5806
      ,#5807,#5808,#5809,#5810,#5811,#5812,#5813,#5814,#5815,#5816,#5817
      ,#5818,#5819,#5820,#5821,#5822,#5823,#5824,#5825
  )),.UNSPECIFIED.,.F.,.F.,.F.,(2,2),(12,9,9,9,9,10,9,9,9,12),(-110.,-0.
    ),(0.,9.861947012654E-02,0.197238940253,0.29585841038,0.394477880506
    ,0.5,0.586925937849,0.673851875698,0.847703751396,1.),
  .UNSPECIFIED.);
#5656 = CARTESIAN_POINT('',(-113.,61.540742645211,-62.6372687235));
#5657 = CARTESIAN_POINT('',(-113.,61.649667028989,-64.04360318933));
#5658 = CARTESIAN_POINT('',(-112.9999999999,61.774485776959,
    -65.39098853961));
#5659 = CARTESIAN_POINT('',(-113.,61.914881198226,-66.6814458206));
#5660 = CARTESIAN_POINT('',(-112.9999999998,62.070575445996,
    -67.91701825035));
#5661 = CARTESIAN_POINT('',(-113.0000000001,62.241339797222,
    -69.09976968156));
#5662 = CARTESIAN_POINT('',(-112.9999999998,62.427003613667,
    -70.23178153255));
#5663 = CARTESIAN_POINT('',(-113.0000000001,62.627465778043,
    -71.31514651667));
#5664 = CARTESIAN_POINT('',(-112.9999999999,62.842708659515,
    -72.35195669335));
#5665 = CARTESIAN_POINT('',(-113.,63.072812039223,-73.34428259163));
#5666 = CARTESIAN_POINT('',(-112.9999999999,63.563111327289,
    -75.24399610474));
#5667 = CARTESIAN_POINT('',(-113.,64.114743745208,-76.98146529823));
#5668 = CARTESIAN_POINT('',(-112.9999999999,64.406180206356,
    -77.81154664417));
#5669 = CARTESIAN_POINT('',(-113.,64.713624342065,-78.60477759348));
#5670 = CARTESIAN_POINT('',(-112.9999999999,65.037559463707,
    -79.36279916565));
#5671 = CARTESIAN_POINT('',(-113.,65.378539689279,-80.08703359792));
#5672 = CARTESIAN_POINT('',(-112.9999999999,65.737144588867,
    -80.7785977503));
#5673 = CARTESIAN_POINT('',(-113.,66.11388330217,-81.43820632917));
#5674 = CARTESIAN_POINT('',(-112.9999999999,66.509027043247,
    -82.06611192806));
#5675 = CARTESIAN_POINT('',(-113.,67.335768620293,-83.25815793755));
#5676 = CARTESIAN_POINT('',(-112.9999999999,68.232355266611,
    -84.32085576784));
#5677 = CARTESIAN_POINT('',(-113.,68.697345346509,-84.81941204746));
#5678 = CARTESIAN_POINT('',(-112.9999999999,69.177670632115,
    -85.2844472989));
#5679 = CARTESIAN_POINT('',(-113.,69.671263545731,-85.71509562901));
#5680 = CARTESIAN_POINT('',(-112.9999999999,70.175216540323,
    -86.11061897718));
#5681 = CARTESIAN_POINT('',(-113.,70.685897299952,-86.47076435431));
#5682 = CARTESIAN_POINT('',(-112.9999999999,71.199288057658,
    -86.79604576002));
#5683 = CARTESIAN_POINT('',(-113.,71.711373643429,-87.08779326758));
#5684 = CARTESIAN_POINT('',(-112.9999999999,72.72542895796,
    -87.60812738274));
#5685 = CARTESIAN_POINT('',(-113.,73.705698437002,-88.01182276662));
#5686 = CARTESIAN_POINT('',(-112.9999999999,74.183999530511,
    -88.18693031882));
#5687 = CARTESIAN_POINT('',(-113.,74.647445280798,-88.33817543064));
#5688 = CARTESIAN_POINT('',(-112.9999999999,75.093507919847,
    -88.46870919278));
#5689 = CARTESIAN_POINT('',(-113.,75.520118296899,-88.58170997013));
#5690 = CARTESIAN_POINT('',(-112.9999999999,75.925535311823,
    -88.68020121981));
#5691 = CARTESIAN_POINT('',(-113.,76.308183499383,-88.76694686431));
#5692 = CARTESIAN_POINT('',(-112.9999999999,76.666511193317,
    -88.84437911571));
#5693 = CARTESIAN_POINT('',(-113.,77.354563861554,-88.98954519592));
#5694 = CARTESIAN_POINT('',(-112.9999999999,77.924245093591,
    -89.10973714521));
#5695 = CARTESIAN_POINT('',(-113.,78.185018897617,-89.16699960111));
#5696 = CARTESIAN_POINT('',(-112.9999999998,78.409912543328,
    -89.22049876775));
#5697 = CARTESIAN_POINT('',(-113.0000000001,78.596694259865,
    -89.27049116097));
#5698 = CARTESIAN_POINT('',(-112.9999999998,78.742985502594,
    -89.31614917318));
#5699 = CARTESIAN_POINT('',(-113.,78.847145026199,-89.35537696796));
#5700 = CARTESIAN_POINT('',(-112.9999999999,78.908123464812,
    -89.38464041683));
#5701 = CARTESIAN_POINT('',(-113.,78.928267470326,-89.39870290712));
#5702 = CARTESIAN_POINT('',(-112.9999999999,78.914496587429,
    -89.39393798757));
#5703 = CARTESIAN_POINT('',(-113.,78.845633293865,-89.35091920448));
#5704 = CARTESIAN_POINT('',(-113.,78.804270567395,-89.32247570969));
#5705 = CARTESIAN_POINT('',(-112.9999999999,78.760177572162,
    -89.28745088924));
#5706 = CARTESIAN_POINT('',(-113.,78.721421375527,-89.25052524793));
#5707 = CARTESIAN_POINT('',(-112.9999999999,78.69530471427,
    -89.21871959084));
#5708 = CARTESIAN_POINT('',(-113.,78.686599960571,-89.20114198211));
#5709 = CARTESIAN_POINT('',(-112.9999999999,78.695849784406,
    -89.20571091391));
#5710 = CARTESIAN_POINT('',(-113.,78.722202294965,-89.23821768415));
#5711 = CARTESIAN_POINT('',(-112.9999999999,78.763702147653,
    -89.30282613121));
#5712 = CARTESIAN_POINT('',(-113.,78.872695089813,-89.50171534853));
#5713 = CARTESIAN_POINT('',(-113.,79.0252922882,-89.84702547091));
#5714 = CARTESIAN_POINT('',(-112.9999999999,79.110398188662,
    -90.05805423211));
#5715 = CARTESIAN_POINT('',(-113.,79.202284661493,-90.30824032991));
#5716 = CARTESIAN_POINT('',(-112.9999999999,79.299337103407,
    -90.59779949627));
#5717 = CARTESIAN_POINT('',(-113.,79.400373367034,-90.9267370386));
#5718 = CARTESIAN_POINT('',(-112.9999999999,79.504564436244,
    -91.29504470485));
#5719 = CARTESIAN_POINT('',(-113.,79.611354771418,-91.70276907364));
#5720 = CARTESIAN_POINT('',(-113.,79.720402825665,-92.15003534438));
#5721 = CARTESIAN_POINT('',(-112.9999999999,80.053785355462,
    -93.61117096501));
#5722 = CARTESIAN_POINT('',(-113.,80.405403719809,-95.43332402007));
#5723 = CARTESIAN_POINT('',(-112.9999999999,80.647494840921,
    -96.81122226564));
#5724 = CARTESIAN_POINT('',(-113.,80.898846199355,-98.35655632882));
#5725 = CARTESIAN_POINT('',(-112.9999999999,81.161814229688,
    -100.0752102103));
#5726 = CARTESIAN_POINT('',(-113.,81.439128179988,-101.9739923895));
#5727 = CARTESIAN_POINT('',(-112.9999999999,81.7337344151,
    -104.0603719317));
#5728 = CARTESIAN_POINT('',(-113.,82.048704696155,-106.3423298344));
#5729 = CARTESIAN_POINT('',(-112.9999999999,82.387183732144,
    -108.8281568777));
#5730 = CARTESIAN_POINT('',(-113.,83.072273939935,-113.8901191269));
#5731 = CARTESIAN_POINT('',(-112.9999999999,83.862715049121,
    -119.7304931529));
#5732 = CARTESIAN_POINT('',(-113.,84.25695702559,-122.6332903558));
#5733 = CARTESIAN_POINT('',(-112.9999999999,84.678530711943,
    -125.7176879177));
#5734 = CARTESIAN_POINT('',(-113.,85.12963739353,-128.9897564239));
#5735 = CARTESIAN_POINT('',(-113.,85.612485628655,-132.4556247083));
#5736 = CARTESIAN_POINT('',(-112.9999999999,86.129288751485,
    -136.1214649564));
#5737 = CARTESIAN_POINT('',(-113.,86.682263676177,-139.9934828618));
#5738 = CARTESIAN_POINT('',(-112.9999999999,87.273630365538,
    -144.0779110054));
#5739 = CARTESIAN_POINT('',(-113.,87.905611308667,-148.3810036287));
#5740 = CARTESIAN_POINT('',(-113.,88.580430367679,-152.9090309689));
#5741 = CARTESIAN_POINT('',(-3.,61.540742645213,-62.6372687235));
#5742 = CARTESIAN_POINT('',(-3.,61.649667028987,-64.04360318933));
#5743 = CARTESIAN_POINT('',(-2.999999999999,61.774485776977,
    -65.39098853962));
#5744 = CARTESIAN_POINT('',(-3.000000000002,61.914881198186,
    -66.68144582059));
#5745 = CARTESIAN_POINT('',(-2.999999999997,62.070575446065,
    -67.91701825036));
#5746 = CARTESIAN_POINT('',(-3.000000000003,62.241339797143,
    -69.09976968155));
#5747 = CARTESIAN_POINT('',(-2.999999999997,62.427003613739,
    -70.23178153256));
#5748 = CARTESIAN_POINT('',(-3.000000000002,62.627465777999,
    -71.31514651666));
#5749 = CARTESIAN_POINT('',(-2.999999999999,62.842708659535,
    -72.35195669335));
#5750 = CARTESIAN_POINT('',(-3.,63.072812039221,-73.34428259163));
#5751 = CARTESIAN_POINT('',(-3.,63.563111327294,-75.24399610474));
#5752 = CARTESIAN_POINT('',(-3.,64.114743745207,-76.98146529823));
#5753 = CARTESIAN_POINT('',(-3.,64.406180206367,-77.81154664417));
#5754 = CARTESIAN_POINT('',(-3.,64.713624342046,-78.60477759348));
#5755 = CARTESIAN_POINT('',(-2.999999999999,65.037559463739,
    -79.36279916565));
#5756 = CARTESIAN_POINT('',(-3.000000000001,65.378539689248,
    -80.08703359792));
#5757 = CARTESIAN_POINT('',(-2.999999999999,65.737144588894,
    -80.7785977503));
#5758 = CARTESIAN_POINT('',(-3.,66.113883302158,-81.43820632917));
#5759 = CARTESIAN_POINT('',(-3.,66.509027043251,-82.06611192806));
#5760 = CARTESIAN_POINT('',(-3.,67.335768620294,-83.25815793755));
#5761 = CARTESIAN_POINT('',(-3.,68.23235526661,-84.32085576783));
#5762 = CARTESIAN_POINT('',(-3.,68.697345346523,-84.81941204747));
#5763 = CARTESIAN_POINT('',(-3.,69.177670632088,-85.28444729888));
#5764 = CARTESIAN_POINT('',(-3.,69.67126354577,-85.71509562904));
#5765 = CARTESIAN_POINT('',(-3.,70.175216540289,-86.11061897715));
#5766 = CARTESIAN_POINT('',(-3.,70.685897299977,-86.47076435432));
#5767 = CARTESIAN_POINT('',(-3.,71.199288057647,-86.79604576001));
#5768 = CARTESIAN_POINT('',(-3.,71.711373643431,-87.08779326758));
#5769 = CARTESIAN_POINT('',(-3.,72.725428957961,-87.60812738274));
#5770 = CARTESIAN_POINT('',(-3.,73.705698437,-88.01182276662));
#5771 = CARTESIAN_POINT('',(-2.999999999999,74.183999530525,
    -88.18693031882));
#5772 = CARTESIAN_POINT('',(-3.000000000001,74.647445280769,
    -88.33817543064));
#5773 = CARTESIAN_POINT('',(-2.999999999998,75.093507919888,
    -88.46870919278));
#5774 = CARTESIAN_POINT('',(-3.000000000002,75.520118296862,
    -88.58170997013));
#5775 = CARTESIAN_POINT('',(-2.999999999999,75.925535311847,
    -88.68020121981));
#5776 = CARTESIAN_POINT('',(-3.000000000001,76.308183499375,
    -88.76694686431));
#5777 = CARTESIAN_POINT('',(-3.,76.666511193317,-88.84437911571));
#5778 = CARTESIAN_POINT('',(-3.,77.354563861558,-88.98954519592));
#5779 = CARTESIAN_POINT('',(-3.,77.924245093584,-89.10973714521));
#5780 = CARTESIAN_POINT('',(-3.000000000001,78.185018897654,
    -89.1669996011));
#5781 = CARTESIAN_POINT('',(-2.999999999997,78.409912543252,
    -89.22049876776));
#5782 = CARTESIAN_POINT('',(-3.000000000004,78.596694259978,
    -89.27049116095));
#5783 = CARTESIAN_POINT('',(-2.999999999996,78.742985502471,
    -89.31614917319));
#5784 = CARTESIAN_POINT('',(-3.000000000003,78.847145026303,
    -89.35537696795));
#5785 = CARTESIAN_POINT('',(-2.999999999998,78.90812346475,
    -89.38464041684));
#5786 = CARTESIAN_POINT('',(-3.000000000001,78.928267470353,
    -89.39870290712));
#5787 = CARTESIAN_POINT('',(-3.,78.914496587423,-89.39393798757));
#5788 = CARTESIAN_POINT('',(-3.,78.845633293872,-89.35091920448));
#5789 = CARTESIAN_POINT('',(-3.,78.804270567373,-89.32247570969));
#5790 = CARTESIAN_POINT('',(-2.999999999999,78.760177572216,
    -89.28745088924));
#5791 = CARTESIAN_POINT('',(-3.000000000002,78.721421375446,
    -89.25052524792));
#5792 = CARTESIAN_POINT('',(-2.999999999997,78.695304714366,
    -89.21871959085));
#5793 = CARTESIAN_POINT('',(-3.000000000002,78.686599960492,
    -89.2011419821));
#5794 = CARTESIAN_POINT('',(-2.999999999999,78.695849784456,
    -89.20571091391));
#5795 = CARTESIAN_POINT('',(-3.000000000001,78.722202294946,
    -89.23821768414));
#5796 = CARTESIAN_POINT('',(-3.,78.763702147659,-89.30282613121));
#5797 = CARTESIAN_POINT('',(-3.,78.872695089811,-89.50171534853));
#5798 = CARTESIAN_POINT('',(-3.,79.025292288204,-89.84702547092));
#5799 = CARTESIAN_POINT('',(-3.,79.110398188653,-90.0580542321));
#5800 = CARTESIAN_POINT('',(-3.000000000001,79.202284661514,
    -90.30824032992));
#5801 = CARTESIAN_POINT('',(-2.999999999999,79.299337103381,
    -90.59779949624));
#5802 = CARTESIAN_POINT('',(-3.000000000001,79.400373367062,
    -90.92673703863));
#5803 = CARTESIAN_POINT('',(-2.999999999999,79.504564436228,
    -91.29504470484));
#5804 = CARTESIAN_POINT('',(-3.,79.611354771428,-91.70276907365));
#5805 = CARTESIAN_POINT('',(-3.,79.720402825665,-92.15003534438));
#5806 = CARTESIAN_POINT('',(-3.,80.053785355465,-93.61117096501));
#5807 = CARTESIAN_POINT('',(-3.,80.405403719809,-95.43332402007));
#5808 = CARTESIAN_POINT('',(-2.999999999999,80.647494840924,
    -96.81122226564));
#5809 = CARTESIAN_POINT('',(-3.000000000002,80.89884619936,
    -98.35655632882));
#5810 = CARTESIAN_POINT('',(-2.999999999998,81.161814229674,
    -100.0752102103));
#5811 = CARTESIAN_POINT('',(-3.000000000002,81.439128180015,
    -101.9739923895));
#5812 = CARTESIAN_POINT('',(-2.999999999998,81.733734415078,
    -104.0603719317));
#5813 = CARTESIAN_POINT('',(-3.000000000001,82.048704696172,
    -106.3423298344));
#5814 = CARTESIAN_POINT('',(-3.,82.387183732141,-108.8281568777));
#5815 = CARTESIAN_POINT('',(-3.,83.072273939942,-113.8901191269));
#5816 = CARTESIAN_POINT('',(-3.,83.862715049118,-119.7304931529));
#5817 = CARTESIAN_POINT('',(-3.000000000001,84.25695702561,
    -122.6332903558));
#5818 = CARTESIAN_POINT('',(-2.999999999999,84.678530711914,
    -125.7176879178));
#5819 = CARTESIAN_POINT('',(-3.000000000001,85.129637393566,
    -128.9897564238));
#5820 = CARTESIAN_POINT('',(-2.999999999999,85.612485628629,
    -132.4556247084));
#5821 = CARTESIAN_POINT('',(-3.000000000001,86.129288751505,
    -136.1214649563));
#5822 = CARTESIAN_POINT('',(-3.,86.682263676169,-139.9934828618));
#5823 = CARTESIAN_POINT('',(-3.,87.273630365543,-144.0779110054));
#5824 = CARTESIAN_POINT('',(-3.,87.905611308668,-148.3810036287));
#5825 = CARTESIAN_POINT('',(-3.,88.580430367681,-152.9090309689));
#5826 = ADVANCED_FACE('',(#5827),#5852,.F.);
#5827 = FACE_BOUND('',#5828,.T.);
#5828 = EDGE_LOOP('',(#5829,#5837,#5838,#5846));
#5829 = ORIENTED_EDGE('',*,*,#5830,.T.);
#5830 = EDGE_CURVE('',#5831,#3634,#5833,.T.);
#5831 = VERTEX_POINT('',#5832);
#5832 = CARTESIAN_POINT('',(-400.,15.,15.));
#5833 = LINE('',#5834,#5835);
#5834 = CARTESIAN_POINT('',(-400.,15.,15.));
#5835 = VECTOR('',#5836,1.);
#5836 = DIRECTION('',(-0.,5.921189464668E-17,-1.));
#5837 = ORIENTED_EDGE('',*,*,#3641,.T.);
#5838 = ORIENTED_EDGE('',*,*,#5839,.T.);
#5839 = EDGE_CURVE('',#3642,#5840,#5842,.T.);
#5840 = VERTEX_POINT('',#5841);
#5841 = CARTESIAN_POINT('',(-400.,-15.,15.));
#5842 = LINE('',#5843,#5844);
#5843 = CARTESIAN_POINT('',(-400.,-15.,-15.));
#5844 = VECTOR('',#5845,1.);
#5845 = DIRECTION('',(0.,-5.921189464668E-17,1.));
#5846 = ORIENTED_EDGE('',*,*,#5847,.T.);
#5847 = EDGE_CURVE('',#5840,#5831,#5848,.T.);
#5848 = LINE('',#5849,#5850);
#5849 = CARTESIAN_POINT('',(-400.,-15.,15.));
#5850 = VECTOR('',#5851,1.);
#5851 = DIRECTION('',(0.,1.,0.));
#5852 = PLANE('',#5853);
#5853 = AXIS2_PLACEMENT_3D('',#5854,#5855,#5856);
#5854 = CARTESIAN_POINT('',(-400.,2.368475785867E-16,0.));
#5855 = DIRECTION('',(1.,0.,0.));
#5856 = DIRECTION('',(0.,0.,1.));
#5857 = ADVANCED_FACE('',(#5858),#5877,.T.);
#5858 = FACE_BOUND('',#5859,.T.);
#5859 = EDGE_LOOP('',(#5860,#5861,#5870));
#5860 = ORIENTED_EDGE('',*,*,#4027,.F.);
#5861 = ORIENTED_EDGE('',*,*,#5862,.T.);
#5862 = EDGE_CURVE('',#3810,#5863,#5865,.T.);
#5863 = VERTEX_POINT('',#5864);
#5864 = CARTESIAN_POINT('',(-3.,93.525812488367,-157.1720128685));
#5865 = CIRCLE('',#5866,5.);
#5866 = AXIS2_PLACEMENT_3D('',#5867,#5868,#5869);
#5867 = CARTESIAN_POINT('',(-3.,93.525812488367,-152.1720128685));
#5868 = DIRECTION('',(1.,0.,0.));
#5869 = DIRECTION('',(0.,-0.989076424137,-0.147403620092));
#5870 = ORIENTED_EDGE('',*,*,#5871,.F.);
#5871 = EDGE_CURVE('',#3991,#5863,#5872,.T.);
#5872 = CIRCLE('',#5873,5.);
#5873 = AXIS2_PLACEMENT_3D('',#5874,#5875,#5876);
#5874 = CARTESIAN_POINT('',(-3.,93.525812488367,-152.1720128685));
#5875 = DIRECTION('',(0.,1.,-2.22044604925E-16));
#5876 = DIRECTION('',(1.,0.,0.));
#5877 = SURFACE_OF_REVOLUTION('',#5878,#5886);
#5878 = ( BOUNDED_CURVE() B_SPLINE_CURVE(6,(#5879,#5880,#5881,#5882,
#5883,#5884,#5885),.UNSPECIFIED.,.F.,.F.) B_SPLINE_CURVE_WITH_KNOTS((7,7
),(4.712388980385,7.853981633974),.PIECEWISE_BEZIER_KNOTS.) CURVE() 
GEOMETRIC_REPRESENTATION_ITEM() RATIONAL_B_SPLINE_CURVE((1.132556574715,
    1.036346631341,0.992316309354,0.976461899693,0.992316309354,
1.036346631341,1.132556574715)) REPRESENTATION_ITEM('') );
#5879 = CARTESIAN_POINT('',(-3.,88.580430367681,-152.9090309689));
#5880 = CARTESIAN_POINT('',(-0.139759004637,88.580430367681,
    -152.9090309689));
#5881 = CARTESIAN_POINT('',(2.368818602942,90.436295408684,
    -152.6324484736));
#5882 = CARTESIAN_POINT('',(3.380310319579,93.525812488367,
    -152.1720128685));
#5883 = CARTESIAN_POINT('',(2.368818602942,96.615329568049,
    -151.7115772633));
#5884 = CARTESIAN_POINT('',(-0.139759004637,98.471194609052,
    -151.434994768));
#5885 = CARTESIAN_POINT('',(-3.,98.471194609052,-151.434994768));
#5886 = AXIS1_PLACEMENT('',#5887,#5888);
#5887 = CARTESIAN_POINT('',(-3.,93.525812488367,-152.1720128685));
#5888 = DIRECTION('',(1.,0.,0.));
#5889 = ADVANCED_FACE('',(#5890),#5917,.T.);
#5890 = FACE_BOUND('',#5891,.T.);
#5891 = EDGE_LOOP('',(#5892,#5900,#5909,#5915,#5916));
#5892 = ORIENTED_EDGE('',*,*,#5893,.T.);
#5893 = EDGE_CURVE('',#5863,#5894,#5896,.T.);
#5894 = VERTEX_POINT('',#5895);
#5895 = CARTESIAN_POINT('',(-3.,103.52581248836,-157.1720128685));
#5896 = LINE('',#5897,#5898);
#5897 = CARTESIAN_POINT('',(-3.,93.525812488367,-157.1720128685));
#5898 = VECTOR('',#5899,1.);
#5899 = DIRECTION('',(0.,1.,-2.22044604925E-16));
#5900 = ORIENTED_EDGE('',*,*,#5901,.T.);
#5901 = EDGE_CURVE('',#5894,#5902,#5904,.T.);
#5902 = VERTEX_POINT('',#5903);
#5903 = CARTESIAN_POINT('',(-3.,103.52581248836,-147.1720128685));
#5904 = CIRCLE('',#5905,5.);
#5905 = AXIS2_PLACEMENT_3D('',#5906,#5907,#5908);
#5906 = CARTESIAN_POINT('',(-3.,103.52581248836,-152.1720128685));
#5907 = DIRECTION('',(0.,-1.,3.330669073875E-16));
#5908 = DIRECTION('',(1.,0.,0.));
#5909 = ORIENTED_EDGE('',*,*,#5910,.F.);
#5910 = EDGE_CURVE('',#3901,#5902,#5911,.T.);
#5911 = LINE('',#5912,#5913);
#5912 = CARTESIAN_POINT('',(-3.,93.525812488367,-147.1720128685));
#5913 = VECTOR('',#5914,1.);
#5914 = DIRECTION('',(0.,1.,-2.22044604925E-16));
#5915 = ORIENTED_EDGE('',*,*,#3990,.T.);
#5916 = ORIENTED_EDGE('',*,*,#5871,.T.);
#5917 = CYLINDRICAL_SURFACE('',#5918,5.);
#5918 = AXIS2_PLACEMENT_3D('',#5919,#5920,#5921);
#5919 = CARTESIAN_POINT('',(-3.,93.525812488367,-152.1720128685));
#5920 = DIRECTION('',(0.,1.,-2.22044604925E-16));
#5921 = DIRECTION('',(1.,0.,0.));
#5922 = ADVANCED_FACE('',(#5923),#5941,.F.);
#5923 = FACE_BOUND('',#5924,.F.);
#5924 = EDGE_LOOP('',(#5925,#5926,#5927,#5935));
#5925 = ORIENTED_EDGE('',*,*,#5910,.F.);
#5926 = ORIENTED_EDGE('',*,*,#4728,.F.);
#5927 = ORIENTED_EDGE('',*,*,#5928,.T.);
#5928 = EDGE_CURVE('',#4639,#5929,#5931,.T.);
#5929 = VERTEX_POINT('',#5930);
#5930 = CARTESIAN_POINT('',(-113.,103.52581248836,-147.1720128685));
#5931 = LINE('',#5932,#5933);
#5932 = CARTESIAN_POINT('',(-113.,93.525812488367,-147.1720128685));
#5933 = VECTOR('',#5934,1.);
#5934 = DIRECTION('',(0.,1.,-2.22044604925E-16));
#5935 = ORIENTED_EDGE('',*,*,#5936,.F.);
#5936 = EDGE_CURVE('',#5902,#5929,#5937,.T.);
#5937 = LINE('',#5938,#5939);
#5938 = CARTESIAN_POINT('',(-3.,103.52581248836,-147.1720128685));
#5939 = VECTOR('',#5940,1.);
#5940 = DIRECTION('',(-1.,0.,0.));
#5941 = PLANE('',#5942);
#5942 = AXIS2_PLACEMENT_3D('',#5943,#5944,#5945);
#5943 = CARTESIAN_POINT('',(-3.,93.525812488367,-147.1720128685));
#5944 = DIRECTION('',(-0.,-2.22044604925E-16,-1.));
#5945 = DIRECTION('',(-1.,0.,0.));
#5946 = ADVANCED_FACE('',(#5947),#5975,.T.);
#5947 = FACE_BOUND('',#5948,.T.);
#5948 = EDGE_LOOP('',(#5949,#5950,#5959,#5967,#5974));
#5949 = ORIENTED_EDGE('',*,*,#5928,.T.);
#5950 = ORIENTED_EDGE('',*,*,#5951,.T.);
#5951 = EDGE_CURVE('',#5929,#5952,#5954,.T.);
#5952 = VERTEX_POINT('',#5953);
#5953 = CARTESIAN_POINT('',(-113.,103.52581248836,-157.1720128685));
#5954 = CIRCLE('',#5955,5.);
#5955 = AXIS2_PLACEMENT_3D('',#5956,#5957,#5958);
#5956 = CARTESIAN_POINT('',(-113.,103.52581248836,-152.1720128685));
#5957 = DIRECTION('',(0.,-1.,3.330669073875E-16));
#5958 = DIRECTION('',(1.,0.,0.));
#5959 = ORIENTED_EDGE('',*,*,#5960,.F.);
#5960 = EDGE_CURVE('',#5961,#5952,#5963,.T.);
#5961 = VERTEX_POINT('',#5962);
#5962 = CARTESIAN_POINT('',(-113.,93.525812488367,-157.1720128685));
#5963 = LINE('',#5964,#5965);
#5964 = CARTESIAN_POINT('',(-113.,93.525812488367,-157.1720128685));
#5965 = VECTOR('',#5966,1.);
#5966 = DIRECTION('',(0.,1.,-2.22044604925E-16));
#5967 = ORIENTED_EDGE('',*,*,#5968,.T.);
#5968 = EDGE_CURVE('',#5961,#5003,#5969,.T.);
#5969 = CIRCLE('',#5970,5.);
#5970 = AXIS2_PLACEMENT_3D('',#5971,#5972,#5973);
#5971 = CARTESIAN_POINT('',(-113.,93.525812488367,-152.1720128685));
#5972 = DIRECTION('',(0.,1.,-2.22044604925E-16));
#5973 = DIRECTION('',(1.,0.,0.));
#5974 = ORIENTED_EDGE('',*,*,#5014,.F.);
#5975 = CYLINDRICAL_SURFACE('',#5976,5.);
#5976 = AXIS2_PLACEMENT_3D('',#5977,#5978,#5979);
#5977 = CARTESIAN_POINT('',(-113.,93.525812488367,-152.1720128685));
#5978 = DIRECTION('',(0.,1.,-2.22044604925E-16));
#5979 = DIRECTION('',(1.,0.,0.));
#5980 = ADVANCED_FACE('',(#5981),#5992,.T.);
#5981 = FACE_BOUND('',#5982,.T.);
#5982 = EDGE_LOOP('',(#5983,#5984,#5985));
#5983 = ORIENTED_EDGE('',*,*,#5002,.F.);
#5984 = ORIENTED_EDGE('',*,*,#5968,.F.);
#5985 = ORIENTED_EDGE('',*,*,#5986,.F.);
#5986 = EDGE_CURVE('',#4913,#5961,#5987,.T.);
#5987 = CIRCLE('',#5988,5.000000000001);
#5988 = AXIS2_PLACEMENT_3D('',#5989,#5990,#5991);
#5989 = CARTESIAN_POINT('',(-113.,93.525812488367,-152.1720128685));
#5990 = DIRECTION('',(1.,0.,0.));
#5991 = DIRECTION('',(0.,-0.989076424137,-0.147403620092));
#5992 = SURFACE_OF_REVOLUTION('',#5993,#6001);
#5993 = ( BOUNDED_CURVE() B_SPLINE_CURVE(6,(#5994,#5995,#5996,#5997,
#5998,#5999,#6000),.UNSPECIFIED.,.F.,.F.) B_SPLINE_CURVE_WITH_KNOTS((7,7
),(1.570796326795,4.712388980385),.PIECEWISE_BEZIER_KNOTS.) CURVE() 
GEOMETRIC_REPRESENTATION_ITEM() RATIONAL_B_SPLINE_CURVE((1.132556574715,
    1.036346631341,0.992316309354,0.976461899693,0.992316309354,
1.036346631341,1.132556574715)) REPRESENTATION_ITEM('') );
#5994 = CARTESIAN_POINT('',(-113.,98.471194609051,-151.434994768));
#5995 = CARTESIAN_POINT('',(-115.8602409953,98.471194609051,
    -151.434994768));
#5996 = CARTESIAN_POINT('',(-118.3688186029,96.615329568047,
    -151.7115772633));
#5997 = CARTESIAN_POINT('',(-119.3803103195,93.525812488365,
    -152.1720128685));
#5998 = CARTESIAN_POINT('',(-118.3688186029,90.436295408683,
    -152.6324484736));
#5999 = CARTESIAN_POINT('',(-115.8602409953,88.58043036768,
    -152.9090309689));
#6000 = CARTESIAN_POINT('',(-113.,88.58043036768,-152.9090309689));
#6001 = AXIS1_PLACEMENT('',#6002,#6003);
#6002 = CARTESIAN_POINT('',(-3.,93.525812488367,-152.1720128685));
#6003 = DIRECTION('',(1.,0.,0.));
#6004 = ADVANCED_FACE('',(#6005),#6016,.T.);
#6005 = FACE_BOUND('',#6006,.T.);
#6006 = EDGE_LOOP('',(#6007,#6008,#6009,#6015));
#6007 = ORIENTED_EDGE('',*,*,#5651,.F.);
#6008 = ORIENTED_EDGE('',*,*,#5986,.T.);
#6009 = ORIENTED_EDGE('',*,*,#6010,.T.);
#6010 = EDGE_CURVE('',#5961,#5863,#6011,.T.);
#6011 = LINE('',#6012,#6013);
#6012 = CARTESIAN_POINT('',(-3.,93.525812488367,-157.1720128685));
#6013 = VECTOR('',#6014,1.);
#6014 = DIRECTION('',(1.,4.388935218139E-30,1.317733800864E-14));
#6015 = ORIENTED_EDGE('',*,*,#5862,.F.);
#6016 = SURFACE_OF_REVOLUTION('',#6017,#6020);
#6017 = B_SPLINE_CURVE_WITH_KNOTS('',1,(#6018,#6019),.UNSPECIFIED.,.F.,
  .F.,(2,2),(-110.,-0.),.PIECEWISE_BEZIER_KNOTS.);
#6018 = CARTESIAN_POINT('',(-113.,88.580430367679,-152.9090309689));
#6019 = CARTESIAN_POINT('',(-3.,88.580430367681,-152.9090309689));
#6020 = AXIS1_PLACEMENT('',#6021,#6022);
#6021 = CARTESIAN_POINT('',(-3.,93.525812488367,-152.1720128685));
#6022 = DIRECTION('',(1.,0.,0.));
#6023 = ADVANCED_FACE('',(#6024),#6035,.F.);
#6024 = FACE_BOUND('',#6025,.F.);
#6025 = EDGE_LOOP('',(#6026,#6027,#6028,#6029));
#6026 = ORIENTED_EDGE('',*,*,#5960,.F.);
#6027 = ORIENTED_EDGE('',*,*,#6010,.T.);
#6028 = ORIENTED_EDGE('',*,*,#5893,.T.);
#6029 = ORIENTED_EDGE('',*,*,#6030,.T.);
#6030 = EDGE_CURVE('',#5894,#5952,#6031,.T.);
#6031 = LINE('',#6032,#6033);
#6032 = CARTESIAN_POINT('',(-3.,103.52581248836,-157.1720128685));
#6033 = VECTOR('',#6034,1.);
#6034 = DIRECTION('',(-1.,-4.388935218139E-30,-1.317733800864E-14));
#6035 = PLANE('',#6036);
#6036 = AXIS2_PLACEMENT_3D('',#6037,#6038,#6039);
#6037 = CARTESIAN_POINT('',(-3.,93.525812488367,-157.1720128685));
#6038 = DIRECTION('',(-1.317733800864E-14,2.22044604925E-16,1.));
#6039 = DIRECTION('',(1.,4.388935218139E-30,1.317733800864E-14));
#6040 = ADVANCED_FACE('',(#6041),#6047,.F.);
#6041 = FACE_BOUND('',#6042,.F.);
#6042 = EDGE_LOOP('',(#6043,#6044,#6045,#6046));
#6043 = ORIENTED_EDGE('',*,*,#5901,.T.);
#6044 = ORIENTED_EDGE('',*,*,#5936,.T.);
#6045 = ORIENTED_EDGE('',*,*,#5951,.T.);
#6046 = ORIENTED_EDGE('',*,*,#6030,.F.);
#6047 = PLANE('',#6048);
#6048 = AXIS2_PLACEMENT_3D('',#6049,#6050,#6051);
#6049 = CARTESIAN_POINT('',(-58.,103.52581248836,-152.1720128685));
#6050 = DIRECTION('',(0.,-1.,2.22044604925E-16));
#6051 = DIRECTION('',(1.,0.,0.));
#6052 = ADVANCED_FACE('',(#6053),#6066,.T.);
#6053 = FACE_BOUND('',#6054,.T.);
#6054 = EDGE_LOOP('',(#6055,#6056,#6057,#6058,#6064,#6065));
#6055 = ORIENTED_EDGE('',*,*,#3770,.T.);
#6056 = ORIENTED_EDGE('',*,*,#3753,.T.);
#6057 = ORIENTED_EDGE('',*,*,#3739,.T.);
#6058 = ORIENTED_EDGE('',*,*,#6059,.T.);
#6059 = EDGE_CURVE('',#3732,#5840,#6060,.T.);
#6060 = LINE('',#6061,#6062);
#6061 = CARTESIAN_POINT('',(-2.419959306075E-15,-15.,15.));
#6062 = VECTOR('',#6063,1.);
#6063 = DIRECTION('',(-1.,0.,0.));
#6064 = ORIENTED_EDGE('',*,*,#5839,.F.);
#6065 = ORIENTED_EDGE('',*,*,#3649,.F.);
#6066 = PLANE('',#6067);
#6067 = AXIS2_PLACEMENT_3D('',#6068,#6069,#6070);
#6068 = CARTESIAN_POINT('',(-200.,-15.00000000003,0.));
#6069 = DIRECTION('',(-1.537463056092E-13,-1.,-0.));
#6070 = DIRECTION('',(-1.,1.537463056092E-13,0.));
#6071 = ADVANCED_FACE('',(#6072),#6085,.T.);
#6072 = FACE_BOUND('',#6073,.T.);
#6073 = EDGE_LOOP('',(#6074,#6075,#6076,#6077,#6078,#6079));
#6074 = ORIENTED_EDGE('',*,*,#3693,.T.);
#6075 = ORIENTED_EDGE('',*,*,#3676,.T.);
#6076 = ORIENTED_EDGE('',*,*,#3784,.T.);
#6077 = ORIENTED_EDGE('',*,*,#3633,.T.);
#6078 = ORIENTED_EDGE('',*,*,#5830,.F.);
#6079 = ORIENTED_EDGE('',*,*,#6080,.F.);
#6080 = EDGE_CURVE('',#3694,#5831,#6081,.T.);
#6081 = LINE('',#6082,#6083);
#6082 = CARTESIAN_POINT('',(-2.419959306075E-15,15.,15.));
#6083 = VECTOR('',#6084,1.);
#6084 = DIRECTION('',(-1.,0.,0.));
#6085 = PLANE('',#6086);
#6086 = AXIS2_PLACEMENT_3D('',#6087,#6088,#6089);
#6087 = CARTESIAN_POINT('',(-200.,15.000000000031,0.));
#6088 = DIRECTION('',(-1.53746262233E-13,1.,0.));
#6089 = DIRECTION('',(1.,1.53746262233E-13,0.));
#6090 = ADVANCED_FACE('',(#6091),#6099,.T.);
#6091 = FACE_BOUND('',#6092,.T.);
#6092 = EDGE_LOOP('',(#6093,#6094,#6095,#6096,#6097,#6098));
#6093 = ORIENTED_EDGE('',*,*,#3731,.T.);
#6094 = ORIENTED_EDGE('',*,*,#3715,.T.);
#6095 = ORIENTED_EDGE('',*,*,#3701,.T.);
#6096 = ORIENTED_EDGE('',*,*,#6080,.T.);
#6097 = ORIENTED_EDGE('',*,*,#5847,.F.);
#6098 = ORIENTED_EDGE('',*,*,#6059,.F.);
#6099 = PLANE('',#6100);
#6100 = AXIS2_PLACEMENT_3D('',#6101,#6102,#6103);
#6101 = CARTESIAN_POINT('',(-200.,0.,15.000000000031));
#6102 = DIRECTION('',(-1.537463056092E-13,0.,1.));
#6103 = DIRECTION('',(1.,0.,1.537463056092E-13));
#6104 = ( GEOMETRIC_REPRESENTATION_CONTEXT(3) 
GLOBAL_UNCERTAINTY_ASSIGNED_CONTEXT((#6108)) 
GLOBAL_UNIT_ASSIGNED_CONTEXT((#6105,#6106,#6107)) REPRESENTATION_CONTEXT
('Context #1','3D Context with UNIT and UNCERTAINTY') );
#6105 = ( LENGTH_UNIT() NAMED_UNIT(*) SI_UNIT(.MILLI.,.METRE.) );
#6106 = ( NAMED_UNIT(*) PLANE_ANGLE_UNIT() SI_UNIT($,.RADIAN.) );
#6107 = ( NAMED_UNIT(*) SI_UNIT($,.STERADIAN.) SOLID_ANGLE_UNIT() );
#6108 = UNCERTAINTY_MEASURE_WITH_UNIT(LENGTH_MEASURE(1.E-05),#6105,
  'distance_accuracy_value','confusion accuracy');
#6109 = CONTEXT_DEPENDENT_SHAPE_REPRESENTATION(#6110,#6112);
#6110 = ( REPRESENTATION_RELATIONSHIP('','',#560,#10) 
REPRESENTATION_RELATIONSHIP_WITH_TRANSFORMATION(#6111) 
SHAPE_REPRESENTATION_RELATIONSHIP() );
#6111 = ITEM_DEFINED_TRANSFORMATION('','',#11,#31);
#6112 = PRODUCT_DEFINITION_SHAPE('Placement','Placement of an item',
  #6113);
#6113 = NEXT_ASSEMBLY_USAGE_OCCURRENCE('5','shell simplified001','',#5,
  #555,$);
#6114 = PRODUCT_RELATED_PRODUCT_CATEGORY('part',$,(#557));
#6115 = SHAPE_DEFINITION_REPRESENTATION(#207,#6116);
#6116 = SHAPE_REPRESENTATION('',(#15),#199);
#6117 = SHAPE_DEFINITION_REPRESENTATION(#6112,#6118);
#6118 = SHAPE_REPRESENTATION('',(#31),#6104);
#6119 = SHAPE_DEFINITION_REPRESENTATION(#207,#6120);
#6120 = SHAPE_REPRESENTATION('',(#15),#199);
#6121 = SHAPE_DEFINITION_REPRESENTATION(#6112,#6122);
#6122 = SHAPE_REPRESENTATION('',(#31),#6104);
#6123 = MECHANICAL_DESIGN_GEOMETRIC_PRESENTATION_REPRESENTATION('',(
    #6124,#6135),#199);
#6124 = STYLED_ITEM('color',(#6125),#49);
#6125 = PRESENTATION_STYLE_ASSIGNMENT((#6126,#6132));
#6126 = SURFACE_STYLE_USAGE(.BOTH.,#6127);
#6127 = SURFACE_SIDE_STYLE('',(#6128));
#6128 = SURFACE_STYLE_FILL_AREA(#6129);
#6129 = FILL_AREA_STYLE('',(#6130));
#6130 = FILL_AREA_STYLE_COLOUR('',#6131);
#6131 = COLOUR_RGB('',0.447058818107,0.474509808674,0.501960817233);
#6132 = CURVE_STYLE('',#6133,POSITIVE_LENGTH_MEASURE(0.1),#6134);
#6133 = DRAUGHTING_PRE_DEFINED_CURVE_FONT('continuous');
#6134 = COLOUR_RGB('',9.803921802644E-02,9.803921802644E-02,
  9.803921802644E-02);
#6135 = OVER_RIDING_STYLED_ITEM('overriding color',(#6136),#49,#6124);
#6136 = PRESENTATION_STYLE_BY_CONTEXT((#6137,#6143),#6120);
#6137 = SURFACE_STYLE_USAGE(.BOTH.,#6138);
#6138 = SURFACE_SIDE_STYLE('',(#6139));
#6139 = SURFACE_STYLE_FILL_AREA(#6140);
#6140 = FILL_AREA_STYLE('',(#6141));
#6141 = FILL_AREA_STYLE_COLOUR('',#6142);
#6142 = COLOUR_RGB('',0.352941187348,0.670588257465,7.450980588415E-02);
#6143 = CURVE_STYLE('',#6144,POSITIVE_LENGTH_MEASURE(0.1),#6142);
#6144 = DRAUGHTING_PRE_DEFINED_CURVE_FONT('continuous');
#6145 = MECHANICAL_DESIGN_GEOMETRIC_PRESENTATION_REPRESENTATION('',(
    #6146,#6156),#6104);
#6146 = STYLED_ITEM('color',(#6147),#561);
#6147 = PRESENTATION_STYLE_ASSIGNMENT((#6148,#6154));
#6148 = SURFACE_STYLE_USAGE(.BOTH.,#6149);
#6149 = SURFACE_SIDE_STYLE('',(#6150));
#6150 = SURFACE_STYLE_FILL_AREA(#6151);
#6151 = FILL_AREA_STYLE('',(#6152));
#6152 = FILL_AREA_STYLE_COLOUR('',#6153);
#6153 = DRAUGHTING_PRE_DEFINED_COLOUR('black');
#6154 = CURVE_STYLE('',#6155,POSITIVE_LENGTH_MEASURE(0.1),#6134);
#6155 = DRAUGHTING_PRE_DEFINED_CURVE_FONT('continuous');
#6156 = OVER_RIDING_STYLED_ITEM('overriding color',(#6157),#561,#6146);
#6157 = PRESENTATION_STYLE_BY_CONTEXT((#6158,#6164),#6122);
#6158 = SURFACE_STYLE_USAGE(.BOTH.,#6159);
#6159 = SURFACE_SIDE_STYLE('',(#6160));
#6160 = SURFACE_STYLE_FILL_AREA(#6161);
#6161 = FILL_AREA_STYLE('',(#6162));
#6162 = FILL_AREA_STYLE_COLOUR('',#6163);
#6163 = COLOUR_RGB('',0.960784305148,0.537254926826,9.411764799993E-02);
#6164 = CURVE_STYLE('',#6165,POSITIVE_LENGTH_MEASURE(0.1),#6163);
#6165 = DRAUGHTING_PRE_DEFINED_CURVE_FONT('continuous');
#6166 = MECHANICAL_DESIGN_GEOMETRIC_PRESENTATION_REPRESENTATION('',(
    #6167),#368);
#6167 = STYLED_ITEM('color',(#6168),#218);
#6168 = PRESENTATION_STYLE_ASSIGNMENT((#6169,#6174));
#6169 = SURFACE_STYLE_USAGE(.BOTH.,#6170);
#6170 = SURFACE_SIDE_STYLE('',(#6171));
#6171 = SURFACE_STYLE_FILL_AREA(#6172);
#6172 = FILL_AREA_STYLE('',(#6173));
#6173 = FILL_AREA_STYLE_COLOUR('',#6131);
#6174 = CURVE_STYLE('',#6175,POSITIVE_LENGTH_MEASURE(0.1),#6134);
#6175 = DRAUGHTING_PRE_DEFINED_CURVE_FONT('continuous');
#6176 = MECHANICAL_DESIGN_GEOMETRIC_PRESENTATION_REPRESENTATION('',(
    #6177),#542);
#6177 = STYLED_ITEM('color',(#6178),#392);
#6178 = PRESENTATION_STYLE_ASSIGNMENT((#6179,#6184));
#6179 = SURFACE_STYLE_USAGE(.BOTH.,#6180);
#6180 = SURFACE_SIDE_STYLE('',(#6181));
#6181 = SURFACE_STYLE_FILL_AREA(#6182);
#6182 = FILL_AREA_STYLE('',(#6183));
#6183 = FILL_AREA_STYLE_COLOUR('',#6131);
#6184 = CURVE_STYLE('',#6185,POSITIVE_LENGTH_MEASURE(0.1),#6134);
#6185 = DRAUGHTING_PRE_DEFINED_CURVE_FONT('continuous');
ENDSEC;
END-ISO-10303-21;
